order_id,product_id,quantity,discount
O00001,P0008,1,0.1
O00001,P0151,2,0.0
O00001,P0141,1,0.05
O00002,P0179,2,0.15
O00002,P0148,1,0.0
O00003,P0059,1,0.0
O00003,P0091,1,0.0
O00004,P0139,3,0.05
O00004,P0183,2,0.0
O00005,P0067,1,0.05
O00006,P0084,2,0.0
O00006,P0001,1,0.15
O00007,P0050,4,0.0
O00008,P0143,2,0.0
O00008,P0019,3,0.0
O00009,P0150,2,0.05
O00010,P0156,5,0.05
O00010,P0197,2,0.0
O00011,P0185,1,0.0
O00011,P0079,2,0.1
O00012,P0044,3,0.2
O00012,P0063,1,0.0
O00013,P0183,1,0.1
O00013,P0155,1,0.05
O00014,P0081,2,0.0
O00014,P0005,2,0.05
O00015,P0158,2,0.1
O00015,P0013,2,0.1
O00016,P0117,1,0.0
O00017,P0010,5,0.15
O00017,P0191,1,0.05
O00017,P0045,5,0.05
O00018,P0053,1,0.1
O00018,P0003,1,0.05
O00018,P0109,4,0.0
O00018,P0085,1,0.15
O00019,P0136,3,0.1
O00019,P0048,2,0.0
O00019,P0160,2,0.1
O00020,P0162,1,0.1
O00020,P0025,3,0.0
O00020,P0028,2,0.05
O00021,P0009,1,0.15
O00022,P0158,1,0.05
O00022,P0104,1,0.0
O00023,P0151,3,0.0
O00023,P0125,1,0.0
O00024,P0149,1,0.0
O00024,P0030,1,0.05
O00024,P0098,3,0.05
O00025,P0124,1,0.0
O00026,P0121,2,0.15
O00026,P0050,1,0.05
O00026,P0196,2,0.1
O00027,P0169,2,0.0
O00028,P0120,4,0.05
O00029,P0104,1,0.05
O00029,P0149,2,0.05
O00030,P0004,2,0.05
O00030,P0030,2,0.0
O00031,P0047,1,0.1
O00032,P0047,3,0.0
O00032,P0154,1,0.05
O00033,P0062,3,0.15
O00033,P0060,4,0.0
O00034,P0153,1,0.0
O00034,P0064,3,0.05
O00034,P0059,1,0.0
O00035,P0175,4,0.0
O00035,P0120,1,0.15
O00035,P0017,1,0.05
O00036,P0030,2,0.0
O00037,P0019,4,0.1
O00037,P0017,3,0.05
O00038,P0185,1,0.1
O00039,P0047,5,0.0
O00039,P0056,1,0.1
O00040,P0048,2,0.0
O00040,P0008,1,0.05
O00041,P0133,1,0.0
O00041,P0150,1,0.0
O00041,P0173,1,0.05
O00042,P0035,1,0.0
O00043,P0071,1,0.0
O00043,P0026,3,0.0
O00044,P0017,2,0.05
O00044,P0143,1,0.05
O00045,P0022,1,0.05
O00046,P0015,4,0.0
O00047,P0129,3,0.05
O00048,P0147,4,0.05
O00048,P0136,1,0.1
O00049,P0048,2,0.1
O00050,P0041,1,0.05
O00050,P0011,3,0.05
O00050,P0080,1,0.05
O00050,P0074,3,0.0
O00051,P0141,1,0.1
O00052,P0131,1,0.1
O00053,P0061,1,0.1
O00054,P0081,2,0.2
O00055,P0165,2,0.0
O00055,P0029,2,0.05
O00056,P0057,2,0.0
O00056,P0051,1,0.1
O00057,P0037,1,0.05
O00057,P0008,1,0.0
O00057,P0030,1,0.0
O00058,P0130,3,0.0
O00058,P0128,1,0.0
O00059,P0013,3,0.0
O00059,P0019,2,0.0
O00059,P0161,2,0.05
O00060,P0128,2,0.05
O00060,P0092,1,0.0
O00060,P0129,1,0.0
O00061,P0004,1,0.1
O00062,P0052,1,0.0
O00062,P0001,3,0.1
O00063,P0015,4,0.2
O00063,P0126,1,0.0
O00064,P0176,1,0.0
O00064,P0066,4,0.0
O00065,P0051,4,0.15
O00066,P0117,2,0.2
O00067,P0058,2,0.05
O00067,P0045,2,0.0
O00068,P0070,1,0.05
O00068,P0138,2,0.1
O00068,P0159,3,0.05
O00069,P0167,1,0.05
O00069,P0114,3,0.1
O00070,P0079,5,0.2
O00071,P0113,2,0.0
O00072,P0193,2,0.1
O00072,P0199,1,0.0
O00073,P0200,2,0.1
O00074,P0110,1,0.05
O00074,P0081,1,0.05
O00074,P0192,2,0.05
O00075,P0184,3,0.1
O00076,P0086,2,0.1
O00076,P0114,3,0.1
O00077,P0163,1,0.0
O00077,P0098,1,0.05
O00077,P0020,2,0.05
O00078,P0166,3,0.0
O00079,P0165,2,0.15
O00079,P0099,2,0.2
O00079,P0126,1,0.0
O00080,P0096,1,0.0
O00080,P0005,2,0.0
O00081,P0092,4,0.0
O00081,P0091,1,0.0
O00081,P0053,5,0.0
O00082,P0105,1,0.05
O00082,P0121,5,0.0
O00082,P0102,2,0.15
O00083,P0091,1,0.0
O00084,P0169,2,0.0
O00085,P0074,1,0.0
O00085,P0140,1,0.05
O00086,P0028,2,0.2
O00086,P0117,2,0.2
O00087,P0081,1,0.05
O00088,P0034,1,0.05
O00088,P0109,2,0.0
O00088,P0188,3,0.05
O00089,P0157,2,0.1
O00090,P0083,1,0.0
O00090,P0163,1,0.05
O00091,P0087,4,0.2
O00092,P0120,4,0.05
O00092,P0023,1,0.0
O00093,P0172,1,0.0
O00094,P0170,1,0.1
O00094,P0081,1,0.0
O00095,P0172,1,0.15
O00095,P0156,4,0.05
O00096,P0020,1,0.0
O00097,P0077,1,0.0
O00098,P0006,1,0.05
O00098,P0137,1,0.05
O00099,P0153,1,0.05
O00100,P0047,3,0.15
O00101,P0113,4,0.0
O00101,P0055,1,0.0
O00102,P0023,1,0.0
O00103,P0186,1,0.0
O00103,P0042,3,0.05
O00104,P0010,2,0.1
O00104,P0153,5,0.05
O00105,P0164,1,0.1
O00105,P0185,1,0.0
O00106,P0011,1,0.1
O00107,P0153,1,0.1
O00107,P0093,1,0.1
O00108,P0181,2,0.0
O00108,P0114,2,0.0
O00109,P0128,3,0.0
O00109,P0032,1,0.0
O00110,P0099,1,0.1
O00111,P0106,2,0.15
O00111,P0045,1,0.05
O00112,P0035,1,0.1
O00112,P0051,1,0.05
O00113,P0057,1,0.0
O00113,P0062,2,0.05
O00114,P0081,1,0.0
O00114,P0109,1,0.0
O00114,P0165,1,0.1
O00115,P0008,3,0.0
O00115,P0119,1,0.05
O00116,P0124,1,0.05
O00117,P0161,3,0.0
O00117,P0162,1,0.0
O00118,P0016,3,0.0
O00119,P0172,1,0.05
O00120,P0151,1,0.1
O00120,P0014,4,0.1
O00120,P0122,2,0.05
O00121,P0151,3,0.15
O00121,P0096,2,0.1
O00121,P0045,4,0.0
O00122,P0143,2,0.15
O00122,P0172,1,0.0
O00123,P0039,2,0.05
O00124,P0016,2,0.05
O00125,P0108,2,0.0
O00126,P0124,1,0.1
O00126,P0061,1,0.15
O00126,P0088,1,0.0
O00127,P0067,1,0.1
O00127,P0055,1,0.0
O00128,P0062,2,0.05
O00129,P0102,2,0.0
O00130,P0050,2,0.0
O00130,P0001,1,0.0
O00130,P0019,1,0.0
O00130,P0017,1,0.05
O00131,P0064,5,0.1
O00132,P0016,4,0.15
O00132,P0073,2,0.0
O00132,P0019,2,0.15
O00132,P0124,2,0.1
O00133,P0020,1,0.15
O00133,P0133,1,0.05
O00134,P0152,1,0.1
O00135,P0185,1,0.0
O00135,P0181,1,0.0
O00136,P0053,5,0.0
O00136,P0114,2,0.05
O00137,P0117,2,0.0
O00137,P0123,1,0.1
O00138,P0180,1,0.1
O00138,P0127,1,0.05
O00139,P0152,1,0.0
O00139,P0099,2,0.0
O00139,P0038,1,0.05
O00140,P0107,1,0.05
O00141,P0061,4,0.0
O00141,P0042,4,0.1
O00141,P0196,1,0.05
O00141,P0137,1,0.05
O00142,P0064,4,0.15
O00142,P0167,3,0.0
O00143,P0179,2,0.0
O00143,P0126,2,0.05
O00144,P0098,1,0.05
O00144,P0051,3,0.1
O00144,P0028,3,0.05
O00145,P0184,2,0.1
O00145,P0134,3,0.05
O00146,P0109,4,0.0
O00146,P0065,2,0.0
O00147,P0177,2,0.05
O00147,P0070,1,0.1
O00148,P0190,1,0.1
O00148,P0117,4,0.1
O00149,P0062,1,0.1
O00149,P0142,2,0.0
O00149,P0098,1,0.0
O00150,P0164,1,0.0
O00151,P0012,2,0.1
O00152,P0042,2,0.05
O00152,P0035,5,0.05
O00153,P0191,1,0.1
O00153,P0174,1,0.05
O00154,P0028,2,0.1
O00154,P0123,1,0.15
O00154,P0128,1,0.05
O00155,P0044,4,0.05
O00156,P0130,1,0.05
O00156,P0111,1,0.05
O00157,P0102,1,0.0
O00157,P0132,3,0.15
O00158,P0042,1,0.1
O00158,P0007,1,0.0
O00159,P0117,2,0.0
O00160,P0100,2,0.1
O00161,P0072,2,0.05
O00162,P0050,2,0.05
O00162,P0048,3,0.15
O00163,P0054,1,0.15
O00163,P0096,2,0.1
O00164,P0003,1,0.0
O00164,P0194,1,0.0
O00165,P0160,2,0.0
O00165,P0172,2,0.05
O00166,P0045,1,0.0
O00166,P0017,5,0.0
O00167,P0062,1,0.0
O00167,P0115,1,0.0
O00168,P0098,1,0.1
O00169,P0052,1,0.1
O00170,P0040,3,0.0
O00171,P0050,1,0.05
O00172,P0076,2,0.15
O00172,P0165,3,0.05
O00173,P0112,2,0.05
O00173,P0107,1,0.2
O00173,P0094,1,0.0
O00174,P0147,2,0.0
O00175,P0095,1,0.05
O00175,P0118,1,0.0
O00175,P0076,2,0.1
O00176,P0149,3,0.2
O00176,P0112,2,0.0
O00176,P0029,1,0.1
O00177,P0137,1,0.1
O00178,P0059,2,0.1
O00178,P0119,1,0.0
O00179,P0102,1,0.05
O00180,P0033,3,0.0
O00181,P0140,1,0.1
O00181,P0003,2,0.05
O00181,P0066,2,0.0
O00181,P0101,1,0.0
O00182,P0175,2,0.0
O00183,P0035,2,0.05
O00184,P0020,1,0.0
O00184,P0105,2,0.0
O00184,P0195,1,0.1
O00185,P0097,3,0.15
O00185,P0127,3,0.0
O00186,P0163,4,0.0
O00186,P0147,1,0.15
O00187,P0058,2,0.05
O00187,P0110,2,0.0
O00188,P0183,4,0.05
O00188,P0018,4,0.0
O00189,P0094,2,0.2
O00189,P0167,2,0.15
O00189,P0175,1,0.0
O00190,P0195,1,0.05
O00190,P0029,1,0.15
O00191,P0010,5,0.0
O00191,P0008,2,0.15
O00192,P0005,1,0.05
O00192,P0171,3,0.0
O00192,P0114,1,0.0
O00192,P0020,1,0.0
O00193,P0032,4,0.15
O00194,P0057,1,0.1
O00194,P0155,4,0.05
O00194,P0115,2,0.2
O00195,P0156,2,0.0
O00195,P0134,5,0.1
O00196,P0194,5,0.0
O00197,P0117,1,0.15
O00197,P0168,2,0.05
O00197,P0183,5,0.0
O00198,P0172,1,0.0
O00198,P0055,2,0.0
O00199,P0125,1,0.0
O00199,P0161,1,0.1
O00200,P0078,5,0.0
O00201,P0030,1,0.05
O00202,P0161,4,0.0
O00203,P0060,1,0.15
O00204,P0160,2,0.0
O00204,P0122,1,0.0
O00204,P0147,2,0.05
O00205,P0105,2,0.05
O00205,P0075,1,0.05
O00205,P0065,3,0.0
O00206,P0191,1,0.0
O00206,P0040,2,0.0
O00206,P0028,1,0.05
O00207,P0033,3,0.05
O00207,P0103,1,0.15
O00208,P0081,2,0.1
O00208,P0008,3,0.0
O00208,P0126,2,0.0
O00209,P0005,2,0.05
O00209,P0025,4,0.05
O00209,P0098,2,0.1
O00209,P0139,1,0.05
O00210,P0151,1,0.05
O00211,P0097,2,0.05
O00212,P0008,2,0.0
O00213,P0124,2,0.05
O00214,P0008,2,0.05
O00214,P0020,2,0.15
O00214,P0136,2,0.0
O00214,P0109,2,0.0
O00215,P0076,1,0.1
O00216,P0118,1,0.0
O00216,P0092,1,0.1
O00217,P0189,1,0.0
O00218,P0068,1,0.05
O00218,P0075,3,0.0
O00218,P0127,4,0.0
O00219,P0069,2,0.05
O00220,P0165,2,0.05
O00220,P0161,2,0.0
O00220,P0164,1,0.1
O00221,P0021,1,0.0
O00222,P0178,1,0.0
O00223,P0066,1,0.0
O00224,P0138,1,0.15
O00225,P0071,2,0.0
O00225,P0140,2,0.0
O00225,P0022,2,0.0
O00226,P0022,1,0.1
O00227,P0120,2,0.0
O00227,P0062,2,0.1
O00228,P0065,3,0.15
O00229,P0006,2,0.0
O00229,P0080,1,0.15
O00229,P0180,1,0.05
O00229,P0187,3,0.0
O00230,P0141,1,0.0
O00230,P0197,4,0.0
O00230,P0076,1,0.05
O00231,P0131,2,0.1
O00231,P0182,2,0.1
O00232,P0004,1,0.0
O00233,P0186,1,0.05
O00234,P0041,3,0.0
O00234,P0105,1,0.0
O00235,P0028,1,0.05
O00235,P0120,1,0.1
O00235,P0047,1,0.15
O00236,P0039,1,0.15
O00237,P0119,1,0.05
O00238,P0008,1,0.0
O00238,P0032,1,0.1
O00238,P0168,1,0.05
O00239,P0181,3,0.0
O00239,P0162,1,0.1
O00240,P0194,1,0.1
O00241,P0080,1,0.0
O00241,P0117,5,0.0
O00242,P0189,1,0.0
O00242,P0094,1,0.05
O00243,P0027,2,0.0
O00244,P0092,1,0.0
O00245,P0011,1,0.0
O00246,P0072,2,0.0
O00247,P0186,1,0.05
O00247,P0063,5,0.1
O00248,P0152,3,0.0
O00248,P0158,2,0.0
O00249,P0131,1,0.05
O00249,P0008,4,0.0
O00250,P0159,1,0.05
O00251,P0092,2,0.0
O00252,P0126,1,0.2
O00252,P0147,1,0.0
O00253,P0120,1,0.0
O00253,P0123,3,0.0
O00254,P0106,5,0.05
O00255,P0030,1,0.05
O00256,P0039,2,0.0
O00257,P0200,2,0.05
O00258,P0119,1,0.0
O00259,P0182,2,0.1
O00260,P0102,3,0.0
O00260,P0120,1,0.0
O00260,P0083,1,0.05
O00260,P0049,1,0.1
O00261,P0114,1,0.0
O00261,P0143,1,0.05
O00261,P0004,1,0.0
O00262,P0141,3,0.1
O00262,P0084,1,0.1
O00263,P0121,1,0.05
O00263,P0048,3,0.05
O00264,P0076,2,0.1
O00265,P0040,1,0.05
O00265,P0096,4,0.1
O00266,P0155,4,0.0
O00267,P0050,1,0.05
O00267,P0125,1,0.05
O00268,P0007,3,0.15
O00268,P0138,4,0.0
O00269,P0125,4,0.1
O00270,P0133,1,0.05
O00270,P0183,1,0.05
O00271,P0133,1,0.05
O00272,P0054,4,0.0
O00272,P0046,1,0.0
O00273,P0186,2,0.0
O00274,P0145,1,0.15
O00274,P0196,1,0.0
O00275,P0090,1,0.0
O00275,P0029,2,0.0
O00276,P0020,2,0.05
O00277,P0101,1,0.1
O00277,P0146,1,0.15
O00278,P0177,4,0.15
O00279,P0015,1,0.0
O00280,P0087,1,0.0
O00280,P0161,1,0.0
O00281,P0182,1,0.1
O00282,P0106,1,0.0
O00282,P0151,1,0.0
O00283,P0118,1,0.05
O00283,P0012,1,0.1
O00283,P0120,2,0.0
O00284,P0181,1,0.1
O00284,P0042,2,0.0
O00284,P0158,1,0.0
O00285,P0080,3,0.2
O00286,P0130,2,0.0
O00287,P0083,4,0.2
O00288,P0169,1,0.1
O00288,P0024,1,0.0
O00289,P0192,4,0.0
O00289,P0180,1,0.1
O00289,P0147,1,0.0
O00289,P0062,1,0.0
O00290,P0167,1,0.0
O00291,P0005,1,0.0
O00291,P0026,1,0.2
O00291,P0058,3,0.0
O00291,P0067,1,0.1
O00292,P0025,3,0.05
O00292,P0004,2,0.05
O00292,P0151,3,0.05
O00293,P0119,1,0.0
O00293,P0172,1,0.05
O00293,P0124,2,0.0
O00294,P0091,4,0.1
O00294,P0010,1,0.15
O00295,P0031,1,0.0
O00296,P0189,1,0.0
O00296,P0140,1,0.0
O00296,P0003,4,0.0
O00297,P0042,2,0.15
O00298,P0142,3,0.15
O00298,P0084,2,0.0
O00298,P0151,3,0.0
O00298,P0137,4,0.05
O00299,P0167,1,0.1
O00299,P0022,1,0.1
O00300,P0077,1,0.1
O00300,P0079,1,0.0
O00300,P0142,3,0.05
O00301,P0097,2,0.0
O00301,P0084,2,0.05
O00301,P0167,2,0.15
O00302,P0068,3,0.1
O00302,P0134,3,0.15
O00303,P0136,1,0.1
O00304,P0100,1,0.05
O00304,P0191,1,0.0
O00305,P0139,2,0.0
O00305,P0007,2,0.0
O00306,P0101,3,0.2
O00307,P0065,3,0.2
O00308,P0032,1,0.0
O00308,P0116,1,0.05
O00309,P0138,1,0.05
O00309,P0133,2,0.05
O00310,P0013,3,0.1
O00310,P0034,1,0.15
O00311,P0093,4,0.0
O00311,P0175,1,0.1
O00312,P0144,1,0.2
O00312,P0155,1,0.15
O00313,P0082,1,0.1
O00313,P0194,1,0.05
O00313,P0097,1,0.1
O00314,P0089,2,0.0
O00314,P0071,4,0.15
O00315,P0024,2,0.1
O00316,P0084,1,0.0
O00316,P0068,5,0.15
O00316,P0193,1,0.0
O00317,P0173,2,0.05
O00317,P0085,1,0.05
O00318,P0150,2,0.15
O00318,P0135,1,0.0
O00319,P0020,1,0.05
O00320,P0141,4,0.05
O00321,P0150,1,0.15
O00322,P0159,4,0.0
O00322,P0081,2,0.05
O00322,P0162,1,0.0
O00323,P0054,2,0.15
O00324,P0082,1,0.1
O00324,P0164,1,0.0
O00325,P0134,1,0.15
O00325,P0150,5,0.1
O00326,P0128,3,0.05
O00327,P0026,5,0.05
O00328,P0134,1,0.05
O00329,P0016,3,0.15
O00329,P0037,1,0.15
O00329,P0146,1,0.05
O00330,P0184,1,0.15
O00330,P0059,4,0.15
O00331,P0076,1,0.0
O00331,P0173,2,0.15
O00332,P0111,2,0.15
O00332,P0041,1,0.0
O00332,P0088,1,0.1
O00333,P0087,3,0.05
O00333,P0193,4,0.0
O00334,P0052,2,0.0
O00334,P0195,2,0.2
O00335,P0002,4,0.1
O00336,P0018,1,0.0
O00337,P0081,1,0.05
O00338,P0011,1,0.0
O00339,P0132,2,0.2
O00340,P0119,1,0.1
O00341,P0194,2,0.05
O00342,P0063,1,0.0
O00342,P0102,1,0.05
O00343,P0066,1,0.05
O00344,P0056,3,0.0
O00345,P0194,1,0.1
O00345,P0198,5,0.05
O00345,P0080,4,0.1
O00346,P0015,1,0.05
O00346,P0162,2,0.1
O00347,P0129,1,0.0
O00347,P0096,2,0.0
O00348,P0044,1,0.15
O00349,P0037,2,0.05
O00349,P0030,3,0.05
O00350,P0133,3,0.0
O00351,P0063,4,0.15
O00351,P0161,1,0.0
O00351,P0188,2,0.05
O00352,P0155,1,0.05
O00353,P0154,1,0.05
O00354,P0118,1,0.0
O00354,P0090,1,0.0
O00355,P0127,4,0.1
O00355,P0158,4,0.05
O00356,P0064,2,0.05
O00356,P0118,1,0.0
O00357,P0196,2,0.05
O00357,P0043,2,0.0
O00357,P0078,1,0.0
O00358,P0035,1,0.0
O00358,P0074,3,0.0
O00359,P0082,1,0.1
O00359,P0092,1,0.05
O00360,P0091,1,0.15
O00360,P0024,1,0.0
O00361,P0159,4,0.0
O00361,P0100,4,0.05
O00362,P0014,1,0.05
O00362,P0006,1,0.0
O00363,P0034,1,0.2
O00363,P0166,4,0.0
O00364,P0025,3,0.0
O00364,P0116,2,0.0
O00364,P0034,3,0.05
O00365,P0199,2,0.1
O00366,P0149,1,0.05
O00366,P0011,1,0.0
O00367,P0179,1,0.0
O00368,P0126,1,0.15
O00368,P0155,3,0.05
O00368,P0078,2,0.05
O00369,P0114,1,0.1
O00369,P0060,1,0.05
O00369,P0168,4,0.05
O00370,P0090,1,0.15
O00371,P0064,2,0.05
O00371,P0142,3,0.05
O00372,P0074,2,0.1
O00373,P0147,1,0.15
O00374,P0095,1,0.1
O00374,P0197,4,0.0
O00375,P0053,2,0.05
O00376,P0141,2,0.05
O00376,P0132,1,0.2
O00377,P0043,2,0.05
O00377,P0042,3,0.0
O00378,P0082,3,0.0
O00378,P0192,1,0.0
O00379,P0106,2,0.0
O00379,P0027,3,0.1
O00380,P0109,1,0.05
O00381,P0024,2,0.05
O00382,P0098,2,0.0
O00382,P0187,1,0.05
O00383,P0174,2,0.2
O00383,P0151,1,0.0
O00384,P0171,2,0.0
O00384,P0047,1,0.0
O00384,P0183,2,0.0
O00384,P0103,1,0.0
O00385,P0169,1,0.15
O00385,P0012,4,0.0
O00386,P0058,2,0.1
O00386,P0060,1,0.1
O00386,P0089,3,0.0
O00386,P0145,2,0.05
O00387,P0083,3,0.1
O00388,P0151,2,0.1
O00388,P0083,4,0.1
O00389,P0050,3,0.0
O00390,P0049,2,0.0
O00390,P0188,2,0.0
O00391,P0015,1,0.05
O00391,P0075,2,0.05
O00391,P0097,3,0.05
O00392,P0003,5,0.0
O00392,P0027,1,0.05
O00393,P0005,1,0.05
O00393,P0019,1,0.15
O00394,P0180,1,0.0
O00394,P0171,1,0.0
O00395,P0159,1,0.0
O00395,P0091,4,0.0
O00396,P0107,5,0.05
O00396,P0098,2,0.05
O00396,P0025,3,0.15
O00397,P0137,3,0.0
O00398,P0171,1,0.05
O00398,P0035,1,0.0
O00399,P0102,2,0.0
O00399,P0103,1,0.1
O00400,P0147,4,0.0
O00400,P0098,1,0.0
O00401,P0042,1,0.15
O00402,P0136,2,0.0
O00402,P0107,1,0.1
O00403,P0162,1,0.05
O00404,P0175,3,0.0
O00404,P0044,4,0.05
O00405,P0196,1,0.0
O00405,P0093,4,0.05
O00406,P0093,2,0.0
O00406,P0162,1,0.0
O00407,P0061,2,0.1
O00408,P0120,1,0.1
O00409,P0128,1,0.0
O00409,P0002,2,0.0
O00410,P0146,1,0.05
O00410,P0019,1,0.2
O00411,P0164,1,0.1
O00412,P0181,1,0.0
O00412,P0061,1,0.1
O00412,P0047,1,0.05
O00413,P0062,1,0.0
O00413,P0064,1,0.0
O00413,P0072,2,0.0
O00414,P0149,2,0.0
O00414,P0160,1,0.0
O00414,P0119,2,0.05
O00415,P0124,1,0.05
O00416,P0140,1,0.05
O00417,P0045,1,0.05
O00417,P0071,1,0.05
O00417,P0129,1,0.1
O00417,P0138,1,0.0
O00418,P0088,5,0.0
O00418,P0060,1,0.05
O00419,P0056,1,0.0
O00420,P0101,1,0.0
O00420,P0005,1,0.15
O00421,P0171,2,0.15
O00421,P0178,1,0.0
O00422,P0033,2,0.15
O00422,P0199,5,0.05
O00423,P0174,1,0.05
O00423,P0121,1,0.1
O00424,P0084,2,0.05
O00425,P0113,2,0.1
O00426,P0168,1,0.15
O00427,P0150,1,0.2
O00427,P0060,1,0.05
O00428,P0104,1,0.1
O00429,P0179,2,0.05
O00430,P0200,1,0.05
O00430,P0055,1,0.0
O00430,P0131,5,0.1
O00431,P0001,3,0.05
O00432,P0006,2,0.15
O00433,P0030,3,0.05
O00434,P0149,1,0.05
O00434,P0145,2,0.0
O00434,P0159,1,0.05
O00434,P0047,5,0.1
O00435,P0073,3,0.05
O00435,P0175,2,0.0
O00436,P0180,1,0.05
O00437,P0157,1,0.1
O00437,P0196,5,0.0
O00438,P0177,3,0.0
O00439,P0078,4,0.0
O00439,P0181,1,0.0
O00440,P0072,1,0.05
O00441,P0056,1,0.1
O00442,P0070,3,0.15
O00443,P0160,2,0.0
O00444,P0195,1,0.0
O00444,P0036,1,0.0
O00444,P0075,3,0.05
O00445,P0122,2,0.1
O00445,P0021,1,0.05
O00446,P0008,2,0.15
O00447,P0003,4,0.05
O00447,P0087,1,0.05
O00448,P0062,4,0.0
O00449,P0016,1,0.05
O00450,P0015,1,0.1
O00450,P0129,3,0.05
O00451,P0022,1,0.1
O00451,P0039,1,0.0
O00452,P0172,5,0.05
O00453,P0011,3,0.1
O00453,P0186,2,0.0
O00454,P0092,1,0.0
O00454,P0115,2,0.05
O00454,P0125,2,0.05
O00454,P0082,4,0.0
O00455,P0192,4,0.0
O00456,P0059,2,0.0
O00456,P0142,4,0.0
O00457,P0036,1,0.1
O00457,P0049,2,0.0
O00458,P0179,2,0.05
O00458,P0126,2,0.1
O00458,P0156,1,0.0
O00459,P0151,3,0.2
O00459,P0192,2,0.05
O00459,P0188,1,0.15
O00460,P0009,3,0.15
O00460,P0154,1,0.0
O00461,P0039,2,0.05
O00462,P0183,1,0.0
O00463,P0082,1,0.0
O00463,P0195,1,0.05
O00463,P0018,1,0.05
O00464,P0032,5,0.0
O00465,P0173,2,0.05
O00465,P0028,3,0.15
O00465,P0036,2,0.1
O00466,P0196,1,0.1
O00466,P0020,1,0.0
O00466,P0129,3,0.0
O00466,P0023,2,0.0
O00467,P0181,1,0.05
O00467,P0185,3,0.05
O00467,P0165,1,0.05
O00467,P0076,2,0.1
O00468,P0070,2,0.0
O00468,P0096,1,0.1
O00468,P0114,1,0.0
O00469,P0082,1,0.1
O00469,P0086,1,0.1
O00469,P0145,3,0.0
O00470,P0124,1,0.1
O00470,P0064,5,0.1
O00470,P0165,4,0.05
O00471,P0114,2,0.0
O00471,P0180,4,0.1
O00472,P0067,1,0.05
O00472,P0128,1,0.05
O00472,P0064,1,0.1
O00473,P0071,2,0.0
O00473,P0197,2,0.1
O00474,P0171,3,0.0
O00474,P0199,2,0.15
O00475,P0177,1,0.2
O00475,P0197,1,0.0
O00476,P0112,5,0.0
O00477,P0112,2,0.0
O00478,P0053,2,0.05
O00479,P0192,3,0.05
O00479,P0123,2,0.0
O00480,P0133,1,0.0
O00480,P0162,5,0.0
O00480,P0036,2,0.0
O00481,P0012,2,0.0
O00482,P0084,2,0.1
O00483,P0199,2,0.05
O00483,P0035,1,0.15
O00484,P0010,2,0.0
O00485,P0159,2,0.0
O00485,P0116,1,0.1
O00486,P0141,1,0.1
O00487,P0094,4,0.0
O00487,P0175,3,0.05
O00488,P0071,3,0.05
O00488,P0068,1,0.0
O00488,P0190,1,0.05
O00489,P0129,1,0.0
O00489,P0151,1,0.0
O00490,P0017,1,0.0
O00490,P0127,2,0.2
O00491,P0080,1,0.1
O00491,P0025,1,0.05
O00491,P0199,4,0.0
O00492,P0112,1,0.2
O00492,P0073,1,0.1
O00493,P0130,1,0.05
O00494,P0103,4,0.15
O00494,P0107,2,0.1
O00495,P0012,1,0.0
O00496,P0065,1,0.05
O00497,P0061,2,0.0
O00498,P0022,1,0.0
O00498,P0088,3,0.1
O00499,P0193,1,0.0
O00499,P0108,2,0.0
O00500,P0150,2,0.0
O00500,P0004,2,0.15
O00501,P0147,1,0.1
O00502,P0123,2,0.05
O00503,P0181,1,0.0
O00503,P0076,2,0.0
O00504,P0181,1,0.0
O00505,P0065,4,0.0
O00505,P0026,1,0.05
O00506,P0175,2,0.05
O00506,P0017,2,0.05
O00506,P0183,1,0.1
O00507,P0081,1,0.1
O00507,P0123,1,0.0
O00508,P0067,1,0.0
O00508,P0135,3,0.15
O00509,P0155,3,0.0
O00509,P0173,1,0.05
O00510,P0178,4,0.0
O00510,P0167,2,0.1
O00510,P0146,1,0.1
O00511,P0177,1,0.05
O00512,P0195,1,0.0
O00513,P0159,1,0.15
O00514,P0042,2,0.05
O00515,P0068,1,0.05
O00515,P0074,2,0.1
O00515,P0063,3,0.1
O00516,P0025,2,0.0
O00517,P0111,2,0.05
O00517,P0031,4,0.0
O00517,P0105,3,0.0
O00518,P0124,1,0.0
O00519,P0017,2,0.0
O00519,P0192,2,0.15
O00520,P0158,1,0.15
O00521,P0004,5,0.0
O00522,P0183,1,0.0
O00522,P0193,1,0.1
O00523,P0109,2,0.1
O00523,P0173,1,0.15
O00524,P0039,1,0.0
O00525,P0143,4,0.05
O00525,P0191,4,0.15
O00525,P0180,1,0.0
O00526,P0142,1,0.0
O00526,P0122,1,0.05
O00526,P0005,3,0.05
O00526,P0099,2,0.0
O00527,P0145,3,0.0
O00527,P0036,2,0.0
O00528,P0147,4,0.1
O00528,P0140,2,0.05
O00528,P0060,1,0.0
O00528,P0044,5,0.05
O00529,P0091,1,0.0
O00529,P0037,2,0.0
O00530,P0101,1,0.1
O00530,P0086,2,0.05
O00531,P0132,1,0.05
O00531,P0066,1,0.0
O00531,P0074,1,0.1
O00532,P0159,1,0.0
O00533,P0036,1,0.1
O00533,P0005,2,0.05
O00533,P0029,4,0.15
O00534,P0028,5,0.05
O00534,P0040,2,0.05
O00534,P0199,2,0.05
O00535,P0011,1,0.15
O00536,P0021,2,0.15
O00536,P0022,3,0.0
O00537,P0143,1,0.1
O00537,P0142,4,0.0
O00538,P0010,1,0.15
O00538,P0089,1,0.0
O00539,P0064,1,0.05
O00540,P0019,4,0.0
O00541,P0133,2,0.0
O00541,P0165,3,0.05
O00542,P0028,2,0.0
O00543,P0090,3,0.05
O00543,P0077,2,0.0
O00543,P0189,3,0.05
O00543,P0009,2,0.0
O00544,P0090,1,0.1
O00545,P0053,1,0.0
O00545,P0160,2,0.0
O00546,P0119,1,0.1
O00546,P0198,1,0.1
O00547,P0198,1,0.05
O00548,P0031,1,0.1
O00549,P0059,1,0.05
O00550,P0052,2,0.1
O00550,P0015,1,0.1
O00551,P0105,3,0.0
O00552,P0143,1,0.1
O00553,P0073,2,0.05
O00553,P0093,2,0.15
O00554,P0101,1,0.05
O00555,P0066,4,0.05
O00556,P0129,5,0.0
O00557,P0180,1,0.0
O00558,P0084,1,0.05
O00559,P0173,3,0.0
O00559,P0109,1,0.1
O00560,P0173,1,0.0
O00561,P0151,2,0.05
O00561,P0090,2,0.05
O00562,P0170,3,0.05
O00563,P0155,2,0.1
O00563,P0007,1,0.15
O00564,P0022,2,0.0
O00564,P0131,1,0.1
O00564,P0105,1,0.1
O00565,P0003,1,0.1
O00565,P0186,1,0.1
O00566,P0084,2,0.15
O00566,P0026,1,0.0
O00567,P0104,3,0.0
O00567,P0193,3,0.05
O00568,P0195,1,0.15
O00568,P0025,1,0.15
O00569,P0016,1,0.0
O00569,P0050,1,0.1
O00570,P0149,1,0.0
O00570,P0115,1,0.1
O00570,P0152,1,0.0
O00571,P0016,1,0.05
O00572,P0186,2,0.1
O00573,P0042,1,0.15
O00574,P0060,1,0.05
O00574,P0178,2,0.0
O00575,P0072,4,0.15
O00575,P0049,3,0.0
O00576,P0004,1,0.15
O00577,P0095,2,0.05
O00578,P0047,2,0.15
O00578,P0113,1,0.0
O00579,P0107,2,0.05
O00579,P0062,2,0.15
O00580,P0099,4,0.05
O00581,P0102,2,0.1
O00582,P0163,1,0.05
O00582,P0011,3,0.05
O00583,P0014,3,0.1
O00583,P0004,2,0.05
O00584,P0090,1,0.05
O00585,P0125,1,0.0
O00585,P0017,1,0.15
O00585,P0047,1,0.0
O00586,P0027,3,0.0
O00586,P0126,3,0.1
O00586,P0189,2,0.1
O00587,P0169,4,0.1
O00587,P0194,4,0.0
O00588,P0159,1,0.0
O00589,P0182,3,0.0
O00589,P0098,4,0.0
O00589,P0036,1,0.0
O00590,P0031,1,0.05
O00590,P0104,1,0.0
O00590,P0177,1,0.1
O00591,P0115,2,0.1
O00591,P0174,1,0.05
O00592,P0190,2,0.0
O00593,P0106,1,0.0
O00593,P0115,1,0.05
O00594,P0115,2,0.05
O00595,P0114,2,0.05
O00596,P0045,1,0.15
O00597,P0043,1,0.0
O00597,P0181,3,0.15
O00598,P0144,1,0.05
O00598,P0177,2,0.1
O00599,P0157,2,0.05
O00600,P0021,1,0.0
O00600,P0062,3,0.05
O00600,P0020,1,0.05
O00601,P0198,2,0.0
O00601,P0146,1,0.1
O00602,P0155,1,0.05
O00603,P0184,1,0.0
O00603,P0025,1,0.05
O00603,P0082,3,0.05
O00604,P0194,2,0.0
O00604,P0144,1,0.0
O00605,P0153,1,0.05
O00606,P0143,1,0.0
O00606,P0038,2,0.05
O00607,P0076,3,0.0
O00607,P0138,1,0.05
O00608,P0067,3,0.05
O00608,P0017,3,0.0
O00609,P0007,1,0.1
O00609,P0159,2,0.05
O00610,P0116,3,0.0
O00610,P0200,2,0.15
O00611,P0103,1,0.1
O00612,P0126,2,0.05
O00612,P0033,2,0.1
O00613,P0024,2,0.0
O00613,P0006,2,0.15
O00614,P0129,3,0.05
O00614,P0060,3,0.0
O00615,P0013,1,0.15
O00616,P0123,1,0.1
O00616,P0001,1,0.0
O00617,P0050,1,0.0
O00617,P0093,1,0.05
O00618,P0099,4,0.0
O00619,P0061,2,0.1
O00619,P0059,1,0.0
O00620,P0071,1,0.1
O00620,P0009,2,0.0
O00620,P0052,1,0.15
O00621,P0146,1,0.0
O00622,P0099,3,0.0
O00622,P0049,2,0.15
O00623,P0167,1,0.05
O00624,P0151,1,0.0
O00625,P0082,4,0.15
O00626,P0130,4,0.2
O00626,P0007,3,0.1
O00627,P0006,2,0.05
O00628,P0177,1,0.2
O00629,P0138,1,0.0
O00629,P0183,3,0.05
O00630,P0074,1,0.0
O00630,P0011,3,0.1
O00631,P0178,1,0.05
O00631,P0083,1,0.05
O00632,P0196,1,0.0
O00633,P0001,1,0.0
O00633,P0059,1,0.0
O00634,P0164,1,0.1
O00635,P0053,1,0.1
O00635,P0001,4,0.0
O00636,P0103,2,0.05
O00637,P0130,1,0.0
O00637,P0200,4,0.05
O00637,P0093,1,0.0
O00638,P0168,2,0.15
O00639,P0153,1,0.05
O00639,P0095,1,0.0
O00640,P0120,3,0.0
O00641,P0059,1,0.05
O00641,P0176,3,0.05
O00642,P0136,2,0.05
O00643,P0087,4,0.0
O00643,P0025,1,0.0
O00644,P0016,2,0.15
O00644,P0181,1,0.0
O00645,P0086,3,0.0
O00646,P0071,1,0.0
O00646,P0063,3,0.1
O00647,P0056,1,0.0
O00648,P0116,1,0.1
O00649,P0160,1,0.05
O00649,P0081,5,0.0
O00650,P0194,1,0.05
O00651,P0037,1,0.15
O00651,P0028,2,0.1
O00651,P0091,1,0.15
O00652,P0099,2,0.0
O00652,P0149,1,0.1
O00652,P0191,1,0.05
O00652,P0051,2,0.05
O00653,P0177,3,0.0
O00653,P0063,3,0.1
O00654,P0022,1,0.0
O00654,P0025,2,0.15
O00654,P0050,2,0.0
O00654,P0143,1,0.0
O00655,P0008,1,0.05
O00656,P0059,1,0.0
O00656,P0153,2,0.05
O00657,P0057,3,0.05
O00657,P0042,4,0.0
O00657,P0015,2,0.05
O00658,P0095,1,0.0
O00659,P0038,2,0.0
O00660,P0058,1,0.05
O00660,P0067,1,0.0
O00661,P0064,1,0.05
O00661,P0076,2,0.05
O00662,P0057,4,0.0
O00662,P0051,2,0.0
O00663,P0040,1,0.0
O00664,P0041,4,0.15
O00664,P0158,1,0.1
O00665,P0109,3,0.05
O00665,P0113,4,0.1
O00666,P0023,1,0.15
O00666,P0083,1,0.0
O00667,P0005,2,0.05
O00667,P0031,1,0.1
O00667,P0053,1,0.1
O00668,P0134,5,0.1
O00668,P0137,2,0.2
O00668,P0008,2,0.05
O00668,P0180,3,0.05
O00669,P0070,2,0.0
O00670,P0092,1,0.15
O00670,P0062,1,0.15
O00671,P0193,1,0.0
O00671,P0186,3,0.1
O00672,P0146,4,0.05
O00673,P0065,3,0.05
O00674,P0171,1,0.15
O00674,P0059,1,0.15
O00674,P0081,1,0.2
O00675,P0028,1,0.0
O00676,P0109,2,0.1
O00676,P0058,1,0.2
O00676,P0038,3,0.15
O00677,P0087,3,0.05
O00678,P0110,1,0.05
O00678,P0054,2,0.05
O00679,P0135,1,0.0
O00680,P0090,1,0.15
O00680,P0060,2,0.15
O00681,P0139,5,0.0
O00681,P0181,1,0.15
O00682,P0109,4,0.0
O00683,P0133,2,0.05
O00684,P0126,2,0.05
O00684,P0080,2,0.2
O00684,P0066,5,0.0
O00685,P0119,1,0.2
O00685,P0150,1,0.0
O00686,P0142,1,0.0
O00686,P0130,4,0.05
O00686,P0118,1,0.1
O00687,P0198,1,0.0
O00687,P0087,1,0.0
O00687,P0151,1,0.15
O00687,P0193,5,0.0
O00688,P0171,1,0.05
O00689,P0038,2,0.1
O00689,P0056,2,0.05
O00689,P0149,1,0.0
O00690,P0049,2,0.05
O00690,P0191,1,0.0
O00691,P0002,1,0.0
O00691,P0035,2,0.1
O00691,P0134,1,0.0
O00692,P0168,4,0.15
O00692,P0146,1,0.05
O00692,P0164,2,0.1
O00692,P0063,4,0.05
O00693,P0018,4,0.15
O00694,P0145,3,0.0
O00695,P0026,1,0.0
O00695,P0147,3,0.0
O00695,P0092,5,0.0
O00695,P0097,2,0.1
O00696,P0056,1,0.1
O00697,P0030,3,0.0
O00698,P0073,1,0.05
O00699,P0104,4,0.0
O00699,P0046,1,0.05
O00699,P0042,2,0.05
O00699,P0082,1,0.0
O00700,P0185,3,0.05
O00701,P0058,3,0.1
O00702,P0182,2,0.0
O00702,P0042,2,0.05
O00703,P0138,2,0.0
O00703,P0028,3,0.2
O00704,P0143,1,0.15
O00704,P0075,1,0.1
O00705,P0176,2,0.0
O00705,P0057,5,0.05
O00706,P0164,2,0.05
O00706,P0086,1,0.05
O00707,P0082,3,0.0
O00707,P0161,2,0.05
O00708,P0068,3,0.15
O00708,P0064,1,0.1
O00708,P0036,4,0.05
O00708,P0080,2,0.0
O00709,P0103,1,0.05
O00710,P0058,1,0.1
O00710,P0056,1,0.1
O00710,P0027,1,0.05
O00711,P0060,4,0.0
O00711,P0162,2,0.05
O00712,P0135,1,0.0
O00712,P0011,1,0.0
O00712,P0186,2,0.0
O00712,P0110,1,0.0
O00713,P0073,2,0.0
O00714,P0043,1,0.0
O00714,P0078,5,0.1
O00714,P0023,1,0.2
O00715,P0194,1,0.05
O00715,P0154,1,0.2
O00716,P0069,1,0.05
O00717,P0084,1,0.0
O00717,P0110,3,0.05
O00718,P0082,4,0.05
O00718,P0100,3,0.0
O00718,P0160,1,0.1
O00719,P0171,1,0.0
O00720,P0142,2,0.1
O00720,P0084,3,0.1
O00721,P0039,1,0.05
O00722,P0187,2,0.05
O00722,P0050,1,0.05
O00722,P0171,2,0.05
O00723,P0181,1,0.05
O00724,P0113,2,0.0
O00724,P0197,1,0.0
O00724,P0046,3,0.0
O00725,P0024,1,0.0
O00725,P0151,3,0.2
O00726,P0051,4,0.05
O00726,P0151,1,0.05
O00726,P0132,3,0.05
O00726,P0014,1,0.15
O00727,P0032,1,0.05
O00727,P0077,2,0.2
O00728,P0094,1,0.0
O00729,P0071,2,0.15
O00730,P0194,1,0.05
O00730,P0155,2,0.0
O00731,P0185,1,0.1
O00731,P0073,1,0.0
O00731,P0194,2,0.0
O00732,P0050,1,0.0
O00733,P0169,1,0.0
O00733,P0132,1,0.0
O00734,P0036,3,0.15
O00735,P0057,2,0.0
O00735,P0022,4,0.05
O00736,P0151,1,0.0
O00736,P0021,1,0.1
O00736,P0177,1,0.0
O00737,P0092,3,0.2
O00738,P0063,1,0.1
O00739,P0030,1,0.0
O00739,P0087,2,0.15
O00740,P0148,4,0.05
O00740,P0070,2,0.0
O00740,P0075,2,0.1
O00741,P0058,2,0.0
O00741,P0189,1,0.0
O00742,P0077,3,0.0
O00742,P0078,1,0.0
O00742,P0127,3,0.05
O00743,P0023,2,0.05
O00743,P0099,2,0.05
O00744,P0072,5,0.05
O00744,P0135,3,0.05
O00745,P0049,2,0.0
O00746,P0104,1,0.05
O00746,P0086,1,0.05
O00746,P0057,2,0.0
O00747,P0188,1,0.0
O00748,P0072,1,0.0
O00748,P0173,1,0.0
O00748,P0033,1,0.0
O00749,P0190,3,0.0
O00749,P0165,1,0.0
O00749,P0080,4,0.05
O00750,P0026,1,0.1
O00751,P0017,1,0.0
O00751,P0008,1,0.0
O00751,P0139,2,0.05
O00752,P0010,1,0.0
O00752,P0173,1,0.05
O00753,P0046,2,0.15
O00753,P0093,1,0.05
O00754,P0169,1,0.05
O00754,P0067,3,0.1
O00754,P0080,3,0.0
O00755,P0080,1,0.2
O00756,P0089,2,0.0
O00757,P0119,2,0.05
O00757,P0200,1,0.05
O00757,P0147,2,0.0
O00758,P0134,1,0.0
O00758,P0166,1,0.05
O00759,P0133,4,0.0
O00759,P0199,3,0.1
O00760,P0093,1,0.2
O00761,P0134,3,0.0
O00761,P0049,2,0.0
O00762,P0006,3,0.05
O00763,P0143,2,0.05
O00763,P0033,1,0.05
O00763,P0160,2,0.0
O00764,P0171,1,0.2
O00765,P0134,4,0.05
O00765,P0019,1,0.1
O00765,P0146,4,0.05
O00766,P0109,1,0.1
O00766,P0001,3,0.0
O00767,P0108,5,0.1
O00768,P0002,3,0.15
O00768,P0134,2,0.1
O00769,P0021,2,0.0
O00770,P0032,1,0.05
O00771,P0186,2,0.1
O00771,P0044,3,0.0
O00772,P0084,3,0.0
O00772,P0036,2,0.1
O00773,P0197,1,0.0
O00774,P0134,1,0.0
O00775,P0186,2,0.05
O00775,P0033,3,0.05
O00775,P0036,2,0.05
O00776,P0150,1,0.0
O00776,P0164,1,0.0
O00777,P0036,3,0.0
O00778,P0152,2,0.0
O00778,P0142,4,0.0
O00779,P0170,3,0.15
O00779,P0039,4,0.15
O00779,P0036,1,0.05
O00780,P0072,1,0.0
O00780,P0056,1,0.1
O00780,P0178,1,0.0
O00780,P0071,1,0.0
O00781,P0134,3,0.0
O00781,P0033,2,0.1
O00781,P0080,1,0.05
O00782,P0035,2,0.1
O00782,P0056,1,0.05
O00782,P0012,4,0.1
O00783,P0117,1,0.05
O00784,P0031,1,0.15
O00785,P0059,1,0.0
O00785,P0026,4,0.1
O00785,P0028,3,0.1
O00786,P0136,2,0.0
O00786,P0108,1,0.05
O00787,P0075,2,0.2
O00788,P0127,1,0.0
O00788,P0164,1,0.0
O00789,P0026,1,0.2
O00789,P0020,2,0.0
O00789,P0111,1,0.0
O00790,P0080,3,0.0
O00790,P0161,1,0.0
O00791,P0071,1,0.15
O00791,P0191,3,0.1
O00791,P0196,2,0.0
O00791,P0066,1,0.15
O00792,P0170,1,0.1
O00793,P0002,2,0.0
O00794,P0144,1,0.0
O00795,P0179,4,0.0
O00796,P0160,1,0.15
O00796,P0170,1,0.2
O00797,P0003,4,0.05
O00798,P0020,1,0.05
O00798,P0077,1,0.05
O00798,P0113,2,0.0
O00799,P0144,3,0.0
O00799,P0057,2,0.15
O00800,P0117,1,0.0
O00800,P0035,2,0.05
O00801,P0040,2,0.1
O00802,P0067,2,0.1
O00802,P0076,1,0.2
O00803,P0178,1,0.15
O00803,P0159,1,0.15
O00803,P0060,2,0.0
O00804,P0169,1,0.1
O00805,P0026,1,0.0
O00805,P0086,2,0.05
O00806,P0086,2,0.2
O00807,P0002,1,0.0
O00807,P0190,2,0.1
O00807,P0129,3,0.0
O00808,P0179,4,0.0
O00808,P0006,1,0.2
O00809,P0157,5,0.0
O00810,P0037,1,0.0
O00811,P0192,1,0.15
O00811,P0045,1,0.0
O00811,P0147,1,0.1
O00812,P0200,3,0.0
O00812,P0002,1,0.0
O00812,P0058,1,0.0
O00813,P0007,3,0.05
O00813,P0066,1,0.0
O00813,P0043,2,0.05
O00814,P0127,3,0.0
O00814,P0142,3,0.05
O00815,P0034,2,0.1
O00816,P0139,1,0.0
O00816,P0109,1,0.15
O00817,P0067,1,0.1
O00818,P0071,1,0.0
O00818,P0130,2,0.05
O00819,P0145,3,0.0
O00819,P0075,3,0.0
O00819,P0013,2,0.05
O00820,P0045,2,0.0
O00820,P0076,1,0.0
O00821,P0010,2,0.15
O00822,P0059,3,0.15
O00823,P0140,1,0.2
O00823,P0163,1,0.0
O00824,P0184,1,0.0
O00824,P0159,1,0.0
O00825,P0133,2,0.0
O00826,P0033,1,0.05
O00826,P0169,1,0.15
O00826,P0031,1,0.0
O00827,P0159,1,0.0
O00828,P0199,3,0.05
O00829,P0135,5,0.05
O00829,P0191,1,0.05
O00829,P0062,2,0.2
O00830,P0140,1,0.05
O00830,P0083,1,0.0
O00830,P0103,2,0.1
O00830,P0034,5,0.15
O00831,P0065,1,0.05
O00831,P0063,4,0.05
O00832,P0108,2,0.0
O00833,P0071,1,0.05
O00834,P0021,2,0.05
O00834,P0061,5,0.15
O00834,P0152,1,0.05
O00835,P0195,1,0.0
O00836,P0012,1,0.15
O00836,P0011,3,0.1
O00837,P0173,1,0.15
O00837,P0049,1,0.05
O00838,P0024,4,0.0
O00838,P0153,3,0.05
O00839,P0197,2,0.0
O00840,P0109,2,0.1
O00841,P0071,4,0.15
O00841,P0113,1,0.0
O00842,P0009,3,0.0
O00842,P0111,1,0.1
O00843,P0060,3,0.0
O00844,P0029,1,0.0
O00844,P0002,1,0.05
O00845,P0173,2,0.2
O00845,P0144,2,0.05
O00845,P0143,1,0.1
O00845,P0070,1,0.1
O00846,P0016,4,0.0
O00846,P0005,2,0.0
O00846,P0153,2,0.15
O00847,P0154,1,0.0
O00847,P0087,2,0.15
O00848,P0139,1,0.0
O00848,P0048,1,0.2
O00849,P0161,1,0.0
O00849,P0097,4,0.0
O00850,P0003,1,0.0
O00851,P0136,4,0.05
O00852,P0198,1,0.05
O00852,P0080,1,0.15
O00852,P0053,1,0.0
O00853,P0138,2,0.05
O00854,P0141,2,0.2
O00854,P0094,1,0.0
O00854,P0066,2,0.05
O00855,P0146,2,0.0
O00855,P0062,4,0.0
O00855,P0071,1,0.1
O00856,P0125,1,0.15
O00857,P0195,1,0.0
O00857,P0190,1,0.05
O00858,P0053,1,0.0
O00858,P0011,2,0.0
O00858,P0013,1,0.05
O00858,P0072,1,0.0
O00859,P0084,1,0.1
O00859,P0086,2,0.2
O00860,P0120,1,0.05
O00860,P0017,2,0.05
O00860,P0106,4,0.05
O00861,P0144,1,0.15
O00862,P0026,3,0.05
O00863,P0096,1,0.05
O00863,P0134,1,0.0
O00863,P0126,1,0.0
O00864,P0134,4,0.05
O00864,P0075,3,0.05
O00865,P0083,1,0.0
O00865,P0009,2,0.0
O00866,P0176,1,0.0
O00867,P0102,4,0.1
O00868,P0066,1,0.2
O00869,P0126,1,0.0
O00869,P0086,1,0.05
O00870,P0009,3,0.0
O00870,P0198,1,0.05
O00870,P0029,1,0.15
O00870,P0116,1,0.0
O00871,P0147,2,0.0
O00871,P0193,2,0.0
O00872,P0192,1,0.0
O00873,P0026,2,0.0
O00873,P0154,2,0.05
O00874,P0011,3,0.05
O00875,P0141,1,0.1
O00875,P0051,1,0.05
O00875,P0190,1,0.1
O00875,P0195,4,0.0
O00876,P0055,3,0.0
O00876,P0144,1,0.1
O00877,P0081,3,0.0
O00877,P0083,1,0.05
O00878,P0124,2,0.05
O00878,P0090,1,0.0
O00879,P0172,4,0.0
O00879,P0062,1,0.0
O00880,P0188,1,0.0
O00880,P0052,2,0.05
O00881,P0146,2,0.0
O00881,P0002,2,0.05
O00882,P0159,3,0.1
O00883,P0114,4,0.1
O00883,P0194,2,0.0
O00884,P0135,3,0.15
O00884,P0128,1,0.1
O00885,P0166,1,0.05
O00886,P0142,2,0.0
O00886,P0112,2,0.05
O00887,P0053,1,0.0
O00887,P0148,2,0.0
O00888,P0142,1,0.05
O00888,P0182,2,0.0
O00889,P0052,1,0.05
O00889,P0138,1,0.0
O00890,P0142,4,0.0
O00890,P0005,1,0.15
O00891,P0136,3,0.1
O00891,P0179,1,0.1
O00892,P0137,2,0.05
O00893,P0013,1,0.0
O00893,P0076,1,0.0
O00894,P0023,2,0.0
O00894,P0151,2,0.05
O00894,P0080,1,0.05
O00895,P0017,1,0.0
O00895,P0001,1,0.1
O00895,P0180,4,0.05
O00895,P0051,3,0.0
O00896,P0056,1,0.0
O00897,P0143,4,0.05
O00897,P0192,1,0.05
O00898,P0047,2,0.05
O00898,P0143,2,0.05
O00899,P0057,1,0.05
O00900,P0007,1,0.0
O00900,P0184,2,0.15
O00900,P0017,1,0.1
O00901,P0153,2,0.05
O00901,P0163,2,0.1
O00902,P0110,1,0.1
O00902,P0194,2,0.0
O00902,P0161,2,0.1
O00903,P0113,4,0.0
O00903,P0088,1,0.2
O00904,P0159,3,0.05
O00905,P0051,1,0.0
O00905,P0146,3,0.1
O00906,P0151,1,0.05
O00907,P0153,2,0.05
O00907,P0123,2,0.05
O00908,P0072,2,0.1
O00908,P0160,1,0.1
O00908,P0173,2,0.15
O00908,P0010,3,0.1
O00909,P0193,3,0.1
O00910,P0171,1,0.05
O00910,P0037,1,0.0
O00910,P0196,1,0.05
O00911,P0074,2,0.15
O00911,P0174,3,0.0
O00911,P0147,4,0.05
O00912,P0150,3,0.15
O00912,P0005,3,0.0
O00913,P0050,3,0.1
O00914,P0194,1,0.05
O00914,P0022,1,0.05
O00914,P0065,2,0.1
O00915,P0072,1,0.15
O00916,P0172,3,0.0
O00916,P0178,2,0.1
O00917,P0040,1,0.1
O00917,P0137,4,0.0
O00918,P0115,1,0.05
O00919,P0157,1,0.0
O00919,P0006,2,0.05
O00919,P0161,3,0.1
O00919,P0170,1,0.05
O00920,P0058,4,0.1
O00920,P0121,4,0.15
O00920,P0116,3,0.0
O00921,P0083,3,0.0
O00921,P0084,1,0.0
O00922,P0118,2,0.0
O00922,P0102,1,0.0
O00922,P0078,3,0.0
O00923,P0117,3,0.0
O00924,P0150,3,0.0
O00924,P0041,1,0.0
O00925,P0154,2,0.2
O00925,P0052,3,0.2
O00926,P0001,3,0.0
O00926,P0200,1,0.0
O00927,P0058,1,0.0
O00927,P0157,2,0.0
O00927,P0151,1,0.05
O00927,P0031,1,0.1
O00928,P0141,3,0.05
O00929,P0008,1,0.0
O00929,P0138,1,0.05
O00930,P0005,2,0.0
O00930,P0159,4,0.05
O00931,P0148,1,0.1
O00932,P0016,1,0.0
O00933,P0130,1,0.1
O00933,P0158,2,0.2
O00934,P0044,2,0.0
O00935,P0051,1,0.0
O00935,P0150,1,0.1
O00936,P0034,2,0.1
O00937,P0027,1,0.2
O00937,P0157,5,0.05
O00938,P0003,3,0.05
O00938,P0200,2,0.0
O00939,P0150,1,0.0
O00939,P0196,4,0.05
O00939,P0108,1,0.0
O00940,P0044,2,0.15
O00941,P0080,2,0.1
O00941,P0048,1,0.15
O00942,P0129,1,0.05
O00942,P0075,3,0.05
O00943,P0148,1,0.05
O00943,P0016,4,0.05
O00943,P0084,1,0.05
O00944,P0187,2,0.05
O00944,P0010,2,0.2
O00945,P0083,1,0.0
O00945,P0163,3,0.0
O00945,P0147,4,0.0
O00946,P0063,3,0.05
O00946,P0129,1,0.0
O00947,P0070,1,0.1
O00947,P0053,1,0.0
O00948,P0038,2,0.0
O00949,P0196,1,0.1
O00950,P0011,1,0.0
O00950,P0170,2,0.1
O00950,P0121,4,0.2
O00951,P0039,1,0.0
O00951,P0137,3,0.05
O00952,P0193,2,0.1
O00953,P0154,1,0.0
O00954,P0101,2,0.0
O00955,P0161,2,0.0
O00955,P0068,2,0.1
O00956,P0029,1,0.05
O00956,P0196,3,0.1
O00956,P0173,1,0.0
O00957,P0009,1,0.0
O00957,P0150,3,0.05
O00958,P0175,1,0.05
O00958,P0168,2,0.0
O00958,P0137,1,0.05
O00959,P0009,1,0.1
O00960,P0144,1,0.05
O00960,P0006,1,0.05
O00960,P0075,2,0.15
O00961,P0116,2,0.0
O00961,P0056,1,0.0
O00962,P0022,2,0.05
O00963,P0186,1,0.05
O00963,P0158,3,0.15
O00963,P0189,1,0.1
O00964,P0150,2,0.0
O00964,P0038,2,0.2
O00964,P0178,3,0.0
O00965,P0193,1,0.0
O00966,P0064,2,0.1
O00966,P0127,1,0.15
O00967,P0007,5,0.0
O00967,P0014,3,0.05
O00967,P0180,2,0.0
O00967,P0165,2,0.05
O00968,P0122,3,0.0
O00969,P0057,2,0.0
O00970,P0069,2,0.15
O00970,P0018,4,0.05
O00970,P0148,4,0.0
O00970,P0168,1,0.05
O00971,P0046,1,0.0
O00972,P0186,2,0.0
O00973,P0072,1,0.0
O00973,P0178,1,0.05
O00973,P0186,1,0.0
O00974,P0022,2,0.15
O00974,P0086,2,0.0
O00974,P0121,1,0.05
O00975,P0160,1,0.1
O00976,P0055,3,0.1
O00976,P0186,3,0.0
O00976,P0037,2,0.05
O00976,P0124,1,0.15
O00977,P0140,1,0.0
O00977,P0070,3,0.0
O00977,P0016,1,0.0
O00978,P0052,1,0.0
O00979,P0037,1,0.0
O00979,P0170,1,0.15
O00980,P0055,3,0.15
O00981,P0109,2,0.05
O00981,P0171,2,0.0
O00981,P0076,1,0.05
O00981,P0162,2,0.0
O00982,P0037,3,0.1
O00983,P0049,1,0.05
O00984,P0058,1,0.05
O00984,P0150,2,0.0
O00985,P0165,2,0.1
O00985,P0072,1,0.0
O00986,P0195,3,0.1
O00987,P0136,1,0.05
O00987,P0007,2,0.05
O00987,P0074,2,0.0
O00988,P0086,2,0.0
O00988,P0085,1,0.15
O00989,P0061,2,0.05
O00990,P0125,3,0.0
O00990,P0035,1,0.05
O00991,P0092,2,0.1
O00991,P0043,1,0.0
O00992,P0071,5,0.0
O00993,P0098,1,0.1
O00994,P0077,2,0.0
O00995,P0024,3,0.15
O00995,P0014,1,0.05
O00996,P0040,2,0.05
O00996,P0121,3,0.05
O00997,P0057,1,0.05
O00997,P0070,2,0.05
O00998,P0124,1,0.1
O00998,P0167,1,0.2
O00999,P0002,1,0.15
O00999,P0175,2,0.1
O00999,P0081,5,0.15
O00999,P0016,1,0.2
O01000,P0124,3,0.1
O01001,P0192,2,0.05
O01002,P0040,1,0.1
O01002,P0077,1,0.05
O01003,P0072,2,0.05
O01003,P0185,2,0.05
O01004,P0128,1,0.0
O01004,P0067,3,0.0
O01004,P0191,1,0.0
O01005,P0062,3,0.1
O01005,P0063,1,0.05
O01006,P0125,3,0.1
O01006,P0147,3,0.05
O01007,P0121,2,0.1
O01007,P0075,3,0.15
O01007,P0140,2,0.05
O01008,P0118,1,0.0
O01009,P0048,2,0.05
O01010,P0179,2,0.1
O01011,P0016,2,0.0
O01012,P0049,1,0.0
O01012,P0008,2,0.0
O01013,P0072,2,0.1
O01013,P0017,1,0.0
O01014,P0039,1,0.0
O01015,P0177,2,0.1
O01015,P0007,2,0.15
O01016,P0002,3,0.15
O01016,P0177,1,0.0
O01016,P0132,1,0.1
O01017,P0022,1,0.1
O01017,P0080,1,0.0
O01017,P0069,1,0.0
O01017,P0084,5,0.0
O01018,P0166,3,0.2
O01018,P0182,1,0.1
O01019,P0174,3,0.0
O01019,P0120,2,0.15
O01020,P0149,1,0.0
O01021,P0018,1,0.1
O01021,P0093,3,0.05
O01021,P0147,1,0.05
O01022,P0115,2,0.0
O01022,P0182,5,0.05
O01023,P0050,1,0.0
O01024,P0123,1,0.05
O01025,P0105,3,0.0
O01026,P0010,1,0.1
O01027,P0018,2,0.0
O01027,P0097,1,0.1
O01028,P0054,2,0.0
O01028,P0092,1,0.1
O01029,P0192,1,0.15
O01030,P0157,2,0.05
O01030,P0118,5,0.1
O01031,P0042,1,0.2
O01031,P0197,3,0.0
O01032,P0058,2,0.05
O01032,P0031,2,0.15
O01033,P0109,2,0.0
O01034,P0187,3,0.0
O01034,P0090,1,0.0
O01034,P0200,1,0.15
O01035,P0170,2,0.0
O01035,P0054,4,0.05
O01036,P0199,2,0.05
O01036,P0154,2,0.0
O01037,P0129,1,0.0
O01037,P0014,2,0.15
O01038,P0185,5,0.0
O01038,P0171,1,0.0
O01038,P0169,3,0.15
O01039,P0168,1,0.15
O01040,P0124,2,0.05
O01041,P0037,1,0.05
O01042,P0185,1,0.0
O01043,P0006,4,0.0
O01043,P0116,2,0.2
O01044,P0140,2,0.1
O01044,P0049,2,0.05
O01044,P0150,4,0.05
O01045,P0177,3,0.1
O01045,P0081,2,0.0
O01045,P0036,1,0.05
O01046,P0030,1,0.0
O01046,P0086,2,0.2
O01047,P0100,3,0.0
O01048,P0055,3,0.0
O01048,P0054,4,0.1
O01049,P0189,2,0.05
O01049,P0186,1,0.05
O01049,P0080,1,0.2
O01049,P0134,3,0.05
O01050,P0200,2,0.0
O01050,P0052,4,0.0
O01050,P0088,3,0.05
O01051,P0120,4,0.0
O01051,P0073,1,0.15
O01052,P0084,1,0.0
O01053,P0133,1,0.05
O01053,P0176,2,0.1
O01054,P0179,5,0.0
O01054,P0133,4,0.0
O01055,P0001,2,0.15
O01055,P0023,3,0.0
O01056,P0179,4,0.05
O01057,P0138,2,0.15
O01057,P0001,2,0.15
O01057,P0064,1,0.1
O01058,P0146,2,0.05
O01058,P0097,5,0.05
O01059,P0070,1,0.1
O01060,P0152,1,0.05
O01060,P0198,3,0.15
O01061,P0038,1,0.1
O01061,P0024,4,0.05
O01061,P0093,1,0.0
O01061,P0042,2,0.0
O01062,P0028,3,0.15
O01062,P0194,2,0.05
O01063,P0146,2,0.0
O01063,P0040,3,0.2
O01064,P0188,2,0.2
O01065,P0145,2,0.05
O01066,P0163,1,0.05
O01067,P0159,1,0.1
O01068,P0120,2,0.0
O01069,P0122,3,0.0
O01069,P0003,2,0.0
O01069,P0011,5,0.0
O01070,P0068,2,0.0
O01071,P0155,1,0.0
O01071,P0105,1,0.0
O01072,P0160,3,0.1
O01072,P0199,2,0.05
O01073,P0070,1,0.15
O01073,P0097,3,0.0
O01074,P0035,3,0.05
O01075,P0047,2,0.0
O01076,P0161,2,0.1
O01076,P0153,1,0.05
O01077,P0026,2,0.1
O01077,P0148,3,0.1
O01077,P0093,5,0.05
O01078,P0090,1,0.0
O01078,P0113,1,0.05
O01079,P0154,1,0.05
O01079,P0029,1,0.0
O01079,P0178,1,0.1
O01079,P0163,4,0.0
O01080,P0005,1,0.05
O01081,P0056,1,0.0
O01081,P0089,2,0.1
O01082,P0023,1,0.0
O01082,P0176,1,0.15
O01082,P0065,4,0.05
O01082,P0090,3,0.0
O01083,P0003,3,0.0
O01083,P0005,1,0.2
O01084,P0084,1,0.05
O01085,P0069,1,0.05
O01085,P0077,1,0.0
O01086,P0181,1,0.05
O01087,P0081,1,0.0
O01087,P0113,1,0.05
O01087,P0173,2,0.1
O01088,P0082,1,0.2
O01089,P0046,1,0.0
O01090,P0064,3,0.05
O01090,P0194,1,0.0
O01091,P0126,1,0.05
O01092,P0125,2,0.15
O01092,P0183,1,0.1
O01093,P0110,2,0.0
O01093,P0034,1,0.1
O01094,P0022,1,0.0
O01095,P0052,1,0.0
O01095,P0183,3,0.1
O01096,P0173,3,0.15
O01097,P0091,2,0.15
O01098,P0197,2,0.0
O01098,P0178,2,0.05
O01099,P0048,1,0.15
O01100,P0171,3,0.05
O01100,P0179,1,0.0
O01101,P0091,1,0.15
O01101,P0167,2,0.05
O01102,P0102,1,0.0
O01102,P0067,1,0.15
O01102,P0177,3,0.0
O01103,P0042,1,0.05
O01104,P0187,1,0.05
O01104,P0031,1,0.1
O01105,P0013,3,0.05
O01105,P0147,3,0.05
O01106,P0140,1,0.05
O01107,P0117,1,0.05
O01107,P0133,2,0.0
O01107,P0140,1,0.05
O01108,P0069,4,0.15
O01108,P0185,2,0.05
O01108,P0048,2,0.1
O01108,P0027,3,0.1
O01109,P0188,1,0.2
O01109,P0096,1,0.0
O01110,P0189,1,0.0
O01111,P0065,1,0.05
O01111,P0017,5,0.0
O01111,P0068,1,0.1
O01111,P0184,2,0.0
O01112,P0030,1,0.05
O01112,P0120,3,0.0
O01113,P0189,1,0.05
O01113,P0141,2,0.05
O01114,P0110,1,0.1
O01114,P0026,1,0.05
O01114,P0016,4,0.0
O01115,P0166,1,0.05
O01116,P0174,1,0.15
O01116,P0068,3,0.0
O01117,P0096,1,0.05
O01118,P0142,2,0.0
O01119,P0145,1,0.05
O01119,P0182,1,0.0
O01120,P0197,3,0.05
O01121,P0009,2,0.2
O01121,P0034,5,0.1
O01121,P0048,1,0.1
O01122,P0106,2,0.0
O01122,P0069,1,0.0
O01122,P0102,2,0.0
O01122,P0133,4,0.05
O01123,P0193,1,0.1
O01124,P0101,1,0.05
O01124,P0144,1,0.1
O01124,P0133,1,0.1
O01125,P0110,1,0.05
O01125,P0118,2,0.2
O01126,P0012,4,0.0
O01127,P0009,5,0.15
O01127,P0110,1,0.0
O01127,P0102,1,0.0
O01127,P0127,2,0.0
O01128,P0044,3,0.0
O01128,P0070,2,0.05
O01129,P0152,2,0.0
O01129,P0120,1,0.2
O01130,P0023,1,0.0
O01131,P0152,2,0.1
O01131,P0132,3,0.1
O01132,P0005,1,0.05
O01133,P0152,2,0.05
O01133,P0068,2,0.0
O01134,P0130,2,0.1
O01134,P0184,5,0.05
O01135,P0134,4,0.0
O01136,P0159,3,0.0
O01136,P0028,1,0.1
O01137,P0195,1,0.0
O01137,P0120,5,0.0
O01138,P0140,1,0.0
O01138,P0011,3,0.15
O01139,P0170,1,0.0
O01139,P0182,1,0.05
O01140,P0001,4,0.0
O01140,P0134,2,0.1
O01141,P0045,1,0.05
O01141,P0113,2,0.0
O01142,P0136,1,0.0
O01142,P0017,3,0.0
O01142,P0194,1,0.05
O01142,P0026,5,0.0
O01143,P0145,1,0.05
O01143,P0155,1,0.0
O01144,P0120,2,0.0
O01145,P0098,3,0.05
O01145,P0169,2,0.05
O01145,P0152,1,0.05
O01146,P0191,4,0.05
O01147,P0030,1,0.05
O01147,P0143,2,0.05
O01148,P0030,2,0.0
O01148,P0095,3,0.05
O01149,P0194,2,0.05
O01149,P0058,2,0.15
O01149,P0184,2,0.15
O01150,P0107,1,0.0
O01150,P0165,4,0.1
O01151,P0093,1,0.0
O01151,P0101,4,0.0
O01152,P0050,2,0.1
O01152,P0043,1,0.0
O01153,P0127,2,0.1
O01153,P0135,4,0.0
O01154,P0199,1,0.15
O01155,P0117,2,0.0
O01155,P0163,1,0.0
O01156,P0080,1,0.0
O01156,P0097,1,0.15
O01157,P0137,1,0.0
O01158,P0080,1,0.1
O01158,P0177,3,0.05
O01159,P0038,2,0.0
O01159,P0023,4,0.0
O01159,P0101,4,0.05
O01160,P0076,2,0.05
O01160,P0166,3,0.05
O01160,P0091,1,0.1
O01161,P0135,2,0.1
O01161,P0196,5,0.0
O01162,P0065,2,0.1
O01163,P0137,5,0.0
O01163,P0173,1,0.0
O01164,P0157,1,0.15
O01164,P0191,1,0.05
O01164,P0023,2,0.0
O01165,P0184,2,0.15
O01165,P0098,1,0.0
O01166,P0033,1,0.0
O01166,P0003,4,0.1
O01167,P0132,3,0.1
O01168,P0060,1,0.0
O01168,P0197,4,0.05
O01169,P0038,1,0.2
O01170,P0099,2,0.1
O01171,P0155,1,0.2
O01171,P0043,1,0.0
O01171,P0001,1,0.0
O01172,P0085,1,0.05
O01173,P0195,5,0.0
O01173,P0120,1,0.0
O01174,P0104,1,0.1
O01174,P0077,3,0.0
O01175,P0028,3,0.0
O01175,P0118,4,0.1
O01176,P0071,1,0.05
O01177,P0145,4,0.0
O01177,P0113,2,0.0
O01178,P0151,1,0.0
O01178,P0075,4,0.0
O01179,P0095,4,0.0
O01179,P0133,4,0.0
O01180,P0005,1,0.1
O01180,P0197,1,0.05
O01181,P0199,3,0.0
O01182,P0047,1,0.0
O01183,P0120,1,0.05
O01184,P0025,2,0.05
O01184,P0194,1,0.1
O01185,P0152,2,0.1
O01185,P0138,1,0.05
O01186,P0039,1,0.0
O01187,P0018,2,0.15
O01187,P0036,4,0.05
O01188,P0044,3,0.05
O01188,P0165,2,0.0
O01189,P0116,2,0.0
O01189,P0005,2,0.05
O01190,P0050,1,0.05
O01190,P0088,4,0.0
O01191,P0200,3,0.0
O01191,P0056,2,0.05
O01191,P0026,1,0.2
O01192,P0033,1,0.05
O01193,P0144,1,0.1
O01194,P0145,1,0.0
O01194,P0179,3,0.0
O01195,P0170,1,0.1
O01195,P0167,3,0.15
O01196,P0184,1,0.0
O01196,P0067,1,0.05
O01196,P0018,1,0.0
O01197,P0194,4,0.0
O01197,P0177,1,0.15
O01197,P0128,2,0.0
O01198,P0155,5,0.05
O01199,P0130,1,0.1
O01199,P0055,1,0.15
O01199,P0127,2,0.0
O01200,P0171,3,0.05
O01200,P0017,1,0.0
O01201,P0145,2,0.05
O01202,P0095,1,0.15
O01202,P0186,1,0.05
O01203,P0022,1,0.05
O01203,P0077,5,0.0
O01204,P0065,2,0.0
O01204,P0009,1,0.0
O01204,P0117,1,0.15
O01205,P0055,3,0.0
O01206,P0140,3,0.15
O01206,P0014,4,0.0
O01207,P0164,3,0.0
O01208,P0059,1,0.05
O01208,P0165,3,0.1
O01209,P0101,1,0.0
O01210,P0062,1,0.15
O01211,P0092,3,0.05
O01211,P0185,1,0.0
O01211,P0095,2,0.1
O01212,P0153,2,0.15
O01213,P0172,5,0.0
O01214,P0063,2,0.2
O01215,P0179,1,0.05
O01216,P0199,1,0.1
O01216,P0092,2,0.05
O01216,P0043,2,0.05
O01217,P0148,2,0.0
O01217,P0116,1,0.05
O01218,P0103,1,0.05
O01218,P0003,1,0.1
O01218,P0065,2,0.1
O01218,P0007,3,0.05
O01219,P0058,3,0.05
O01219,P0051,1,0.1
O01220,P0190,1,0.05
O01220,P0143,3,0.1
O01221,P0162,1,0.0
O01221,P0061,1,0.1
O01222,P0172,3,0.0
O01223,P0027,3,0.1
O01223,P0161,1,0.0
O01224,P0017,1,0.0
O01224,P0194,1,0.05
O01224,P0010,2,0.05
O01225,P0064,2,0.1
O01225,P0021,3,0.0
O01225,P0003,3,0.05
O01226,P0059,3,0.0
O01227,P0018,5,0.05
O01227,P0075,1,0.15
O01227,P0107,1,0.05
O01228,P0017,3,0.0
O01228,P0106,2,0.0
O01228,P0191,1,0.1
O01229,P0114,3,0.1
O01229,P0106,1,0.0
O01229,P0073,2,0.1
O01229,P0004,2,0.05
O01230,P0119,2,0.0
O01230,P0080,1,0.0
O01231,P0127,1,0.15
O01231,P0193,3,0.05
O01232,P0161,2,0.1
O01232,P0030,2,0.0
O01233,P0058,1,0.15
O01234,P0035,1,0.1
O01235,P0104,1,0.15
O01236,P0165,2,0.0
O01236,P0074,2,0.0
O01236,P0163,1,0.05
O01236,P0080,1,0.05
O01237,P0110,1,0.05
O01237,P0015,1,0.05
O01238,P0016,1,0.15
O01238,P0179,3,0.0
O01238,P0145,1,0.0
O01239,P0088,3,0.05
O01239,P0106,1,0.0
O01239,P0061,3,0.1
O01240,P0162,1,0.05
O01240,P0199,1,0.2
O01241,P0105,5,0.2
O01241,P0042,3,0.05
O01242,P0040,1,0.0
O01242,P0010,1,0.0
O01243,P0198,2,0.15
O01243,P0061,1,0.0
O01244,P0124,2,0.0
O01245,P0154,1,0.1
O01245,P0082,1,0.05
O01245,P0095,2,0.0
O01246,P0080,5,0.1
O01246,P0021,1,0.05
O01247,P0133,1,0.05
O01247,P0025,1,0.0
O01248,P0076,5,0.1
O01248,P0150,1,0.0
O01249,P0134,1,0.0
O01249,P0046,1,0.1
O01249,P0119,1,0.05
O01250,P0096,1,0.0
O01250,P0082,2,0.05
O01250,P0107,1,0.05
O01251,P0174,2,0.15
O01251,P0005,1,0.1
O01252,P0103,5,0.1
O01252,P0067,1,0.05
O01253,P0188,2,0.0
O01253,P0053,3,0.05
O01254,P0180,1,0.15
O01255,P0084,2,0.05
O01255,P0080,4,0.0
O01256,P0108,5,0.0
O01257,P0105,1,0.0
O01257,P0169,1,0.1
O01257,P0163,1,0.0
O01258,P0027,1,0.0
O01259,P0082,2,0.15
O01259,P0200,3,0.0
O01259,P0049,1,0.15
O01260,P0158,1,0.2
O01260,P0161,5,0.0
O01261,P0026,1,0.0
O01262,P0075,3,0.0
O01263,P0052,1,0.1
O01263,P0092,1,0.0
O01263,P0150,1,0.05
O01264,P0004,4,0.0
O01264,P0057,3,0.1
O01265,P0032,2,0.05
O01266,P0119,2,0.0
O01266,P0027,2,0.05
O01267,P0188,2,0.1
O01267,P0171,1,0.1
O01267,P0019,1,0.15
O01268,P0104,2,0.0
O01268,P0152,1,0.05
O01269,P0143,2,0.0
O01270,P0044,1,0.05
O01271,P0127,1,0.15
O01271,P0098,1,0.1
O01272,P0127,1,0.05
O01272,P0183,1,0.0
O01273,P0147,2,0.1
O01273,P0031,2,0.1
O01274,P0108,1,0.05
O01275,P0059,1,0.1
O01275,P0083,1,0.05
O01276,P0198,1,0.15
O01276,P0025,3,0.1
O01276,P0122,5,0.0
O01276,P0103,3,0.0
O01277,P0144,1,0.15
O01277,P0141,2,0.15
O01278,P0072,3,0.1
O01278,P0139,1,0.05
O01279,P0015,1,0.0
O01280,P0175,1,0.0
O01281,P0129,3,0.0
O01281,P0197,2,0.2
O01281,P0143,3,0.05
O01281,P0093,1,0.0
O01282,P0084,1,0.1
O01282,P0159,3,0.1
O01283,P0062,3,0.05
O01283,P0046,3,0.0
O01284,P0134,3,0.05
O01284,P0130,1,0.15
O01285,P0001,2,0.1
O01285,P0025,1,0.05
O01286,P0097,1,0.1
O01286,P0111,3,0.0
O01287,P0091,1,0.0
O01287,P0110,3,0.0
O01287,P0123,4,0.05
O01288,P0156,1,0.0
O01289,P0032,4,0.1
O01289,P0111,2,0.0
O01289,P0051,1,0.0
O01290,P0161,1,0.05
O01290,P0168,1,0.1
O01290,P0071,2,0.05
O01290,P0149,1,0.05
O01291,P0020,2,0.05
O01291,P0100,2,0.15
O01292,P0016,3,0.15
O01292,P0168,4,0.05
O01292,P0012,3,0.0
O01292,P0007,1,0.0
O01293,P0194,1,0.1
O01294,P0176,2,0.05
O01294,P0019,3,0.0
O01294,P0154,2,0.15
O01295,P0014,1,0.05
O01295,P0005,3,0.0
O01296,P0068,4,0.0
O01296,P0026,2,0.0
O01297,P0069,1,0.0
O01297,P0070,1,0.15
O01298,P0187,1,0.0
O01298,P0172,3,0.05
O01298,P0145,1,0.0
O01298,P0035,2,0.1
O01299,P0197,2,0.1
O01299,P0050,1,0.1
O01300,P0112,1,0.1
O01301,P0196,4,0.05
O01301,P0151,2,0.05
O01301,P0027,3,0.1
O01301,P0053,1,0.15
O01302,P0075,1,0.0
O01303,P0191,3,0.0
O01303,P0165,1,0.1
O01304,P0088,1,0.0
O01305,P0011,1,0.05
O01306,P0119,1,0.2
O01306,P0150,1,0.1
O01306,P0160,1,0.1
O01307,P0028,1,0.1
O01307,P0091,2,0.0
O01308,P0168,1,0.1
O01308,P0072,1,0.0
O01309,P0130,1,0.1
O01310,P0137,1,0.0
O01310,P0122,2,0.05
O01310,P0172,1,0.0
O01311,P0073,1,0.2
O01312,P0009,1,0.05
O01312,P0028,1,0.05
O01312,P0123,1,0.05
O01313,P0074,1,0.05
O01314,P0035,2,0.05
O01314,P0123,1,0.1
O01314,P0019,2,0.05
O01315,P0063,3,0.05
O01316,P0052,2,0.05
O01317,P0102,3,0.1
O01317,P0028,1,0.05
O01318,P0111,1,0.05
O01318,P0186,1,0.0
O01318,P0179,1,0.0
O01319,P0063,3,0.05
O01319,P0071,4,0.0
O01320,P0075,4,0.0
O01320,P0015,2,0.0
O01321,P0083,1,0.0
O01321,P0027,1,0.0
O01321,P0067,1,0.0
O01322,P0148,1,0.05
O01322,P0178,2,0.15
O01322,P0137,1,0.1
O01323,P0086,3,0.05
O01323,P0127,1,0.05
O01324,P0141,1,0.1
O01324,P0019,3,0.05
O01324,P0131,2,0.0
O01325,P0167,2,0.05
O01326,P0088,1,0.0
O01327,P0097,1,0.0
O01327,P0055,1,0.0
O01327,P0173,1,0.05
O01328,P0154,1,0.05
O01328,P0052,1,0.1
O01328,P0140,3,0.0
O01329,P0006,1,0.15
O01329,P0135,1,0.05
O01330,P0086,1,0.05
O01331,P0139,3,0.1
O01332,P0105,1,0.1
O01333,P0111,1,0.05
O01334,P0030,2,0.15
O01334,P0130,4,0.0
O01335,P0107,4,0.1
O01336,P0162,1,0.2
O01337,P0178,1,0.15
O01338,P0181,5,0.05
O01339,P0122,2,0.0
O01339,P0042,2,0.0
O01339,P0111,2,0.0
O01340,P0047,2,0.0
O01340,P0191,3,0.0
O01340,P0063,2,0.05
O01341,P0092,1,0.05
O01341,P0051,3,0.0
O01341,P0058,1,0.0
O01342,P0181,1,0.05
O01342,P0014,4,0.15
O01342,P0189,1,0.0
O01343,P0151,1,0.1
O01343,P0075,1,0.0
O01344,P0077,2,0.2
O01344,P0043,3,0.0
O01345,P0146,2,0.05
O01346,P0039,1,0.0
O01346,P0019,1,0.0
O01347,P0176,2,0.05
O01348,P0178,4,0.15
O01349,P0140,2,0.1
O01349,P0040,2,0.15
O01350,P0086,2,0.0
O01350,P0159,1,0.0
O01351,P0073,1,0.05
O01351,P0146,1,0.0
O01352,P0049,4,0.1
O01352,P0123,2,0.0
O01353,P0103,1,0.05
O01354,P0131,1,0.0
O01354,P0105,2,0.05
O01355,P0143,3,0.0
O01355,P0036,3,0.0
O01356,P0091,1,0.15
O01356,P0135,1,0.05
O01357,P0174,5,0.05
O01358,P0056,1,0.05
O01358,P0019,1,0.0
O01359,P0033,2,0.0
O01359,P0046,2,0.05
O01360,P0187,2,0.0
O01360,P0184,2,0.1
O01361,P0078,1,0.0
O01362,P0054,1,0.1
O01362,P0173,1,0.1
O01362,P0065,2,0.1
O01363,P0035,1,0.1
O01363,P0163,2,0.0
O01363,P0066,2,0.05
O01364,P0180,2,0.05
O01364,P0182,1,0.0
O01364,P0083,3,0.05
O01365,P0187,2,0.1
O01365,P0136,1,0.05
O01366,P0050,1,0.1
O01366,P0136,4,0.1
O01366,P0112,3,0.15
O01366,P0022,1,0.0
O01367,P0196,3,0.15
O01367,P0182,1,0.05
O01368,P0187,1,0.05
O01368,P0089,2,0.05
O01369,P0164,1,0.05
O01369,P0147,3,0.0
O01369,P0111,3,0.05
O01370,P0058,1,0.1
O01371,P0014,1,0.05
O01371,P0079,4,0.0
O01372,P0110,1,0.0
O01372,P0120,2,0.1
O01373,P0117,1,0.1
O01373,P0054,3,0.0
O01373,P0123,1,0.0
O01374,P0033,2,0.0
O01374,P0046,1,0.1
O01375,P0154,1,0.05
O01376,P0119,3,0.1
O01376,P0008,2,0.0
O01376,P0001,1,0.2
O01377,P0164,1,0.0
O01377,P0082,3,0.05
O01378,P0103,2,0.2
O01379,P0033,1,0.05
O01379,P0100,5,0.05
O01380,P0129,5,0.05
O01381,P0063,2,0.0
O01382,P0003,1,0.15
O01382,P0039,1,0.05
O01382,P0063,3,0.0
O01383,P0117,3,0.0
O01383,P0142,3,0.05
O01383,P0111,3,0.05
O01384,P0167,1,0.05
O01384,P0060,3,0.15
O01384,P0195,3,0.0
O01385,P0106,3,0.05
O01385,P0006,1,0.1
O01385,P0096,1,0.05
O01386,P0112,3,0.15
O01386,P0097,1,0.05
O01386,P0003,1,0.2
O01387,P0120,2,0.1
O01387,P0080,2,0.05
O01388,P0175,2,0.05
O01389,P0185,3,0.1
O01389,P0089,1,0.05
O01390,P0027,2,0.0
O01390,P0144,1,0.2
O01391,P0070,1,0.2
O01391,P0042,1,0.1
O01392,P0126,1,0.0
O01393,P0099,1,0.05
O01394,P0125,1,0.1
O01394,P0175,2,0.0
O01395,P0159,1,0.0
O01396,P0104,1,0.2
O01397,P0177,1,0.05
O01397,P0008,2,0.0
O01398,P0043,5,0.05
O01398,P0116,2,0.0
O01399,P0186,5,0.05
O01399,P0095,1,0.05
O01400,P0106,1,0.15
O01401,P0011,1,0.05
O01402,P0135,3,0.1
O01402,P0140,1,0.05
O01402,P0018,2,0.0
O01403,P0132,1,0.1
O01403,P0122,1,0.05
O01404,P0001,3,0.05
O01405,P0109,1,0.15
O01406,P0131,1,0.0
O01406,P0148,1,0.0
O01406,P0170,2,0.0
O01406,P0005,2,0.0
O01407,P0151,2,0.0
O01407,P0019,2,0.0
O01407,P0176,2,0.05
O01408,P0012,5,0.05
O01408,P0017,2,0.0
O01408,P0008,2,0.05
O01409,P0188,1,0.0
O01409,P0087,2,0.05
O01409,P0041,2,0.1
O01410,P0067,3,0.15
O01411,P0136,3,0.0
O01411,P0191,2,0.05
O01412,P0188,1,0.05
O01413,P0175,3,0.0
O01413,P0115,1,0.05
O01414,P0159,2,0.0
O01414,P0060,1,0.1
O01415,P0028,1,0.1
O01416,P0081,2,0.05
O01416,P0039,3,0.0
O01417,P0016,1,0.15
O01418,P0056,1,0.0
O01418,P0160,3,0.0
O01419,P0125,4,0.15
O01419,P0034,4,0.1
O01419,P0146,1,0.0
O01420,P0113,4,0.2
O01421,P0075,2,0.05
O01422,P0046,2,0.05
O01422,P0070,2,0.05
O01423,P0150,4,0.05
O01423,P0041,1,0.15
O01424,P0043,2,0.05
O01424,P0183,3,0.0
O01425,P0186,2,0.05
O01425,P0159,1,0.0
O01426,P0041,2,0.05
O01427,P0060,1,0.0
O01427,P0105,2,0.05
O01427,P0046,1,0.1
O01428,P0093,1,0.0
O01429,P0118,1,0.0
O01429,P0073,2,0.1
O01429,P0168,2,0.05
O01429,P0050,5,0.0
O01430,P0118,2,0.05
O01430,P0129,3,0.05
O01431,P0189,1,0.0
O01432,P0133,1,0.0
O01432,P0185,1,0.0
O01432,P0189,2,0.0
O01433,P0032,1,0.0
O01434,P0095,1,0.05
O01435,P0108,1,0.0
O01435,P0098,4,0.0
O01436,P0014,2,0.05
O01436,P0116,1,0.15
O01436,P0118,2,0.05
O01437,P0180,5,0.0
O01437,P0014,3,0.0
O01437,P0151,2,0.05
O01438,P0042,1,0.0
O01438,P0193,1,0.0
O01439,P0013,2,0.0
O01439,P0103,3,0.0
O01440,P0116,1,0.1
O01441,P0052,2,0.05
O01441,P0186,1,0.0
O01442,P0187,1,0.15
O01443,P0196,1,0.05
O01444,P0018,1,0.0
O01445,P0078,3,0.0
O01445,P0066,3,0.0
O01445,P0147,4,0.05
O01446,P0098,2,0.0
O01446,P0146,2,0.0
O01446,P0163,3,0.0
O01447,P0172,1,0.05
O01447,P0058,1,0.0
O01448,P0135,3,0.15
O01448,P0192,1,0.0
O01448,P0022,1,0.0
O01449,P0137,2,0.05
O01450,P0001,1,0.1
O01451,P0184,2,0.0
O01451,P0156,4,0.15
O01452,P0041,1,0.0
O01453,P0072,1,0.0
O01454,P0126,1,0.0
O01454,P0012,1,0.0
O01455,P0057,5,0.0
O01456,P0160,1,0.0
O01457,P0102,1,0.0
O01457,P0052,2,0.05
O01457,P0159,1,0.0
O01458,P0107,2,0.1
O01458,P0042,1,0.1
O01458,P0028,3,0.0
O01459,P0081,1,0.0
O01459,P0111,2,0.05
O01459,P0042,1,0.1
O01460,P0152,1,0.05
O01461,P0189,1,0.05
O01461,P0175,2,0.15
O01461,P0091,3,0.0
O01462,P0187,1,0.15
O01462,P0125,3,0.1
O01462,P0032,3,0.0
O01463,P0030,1,0.05
O01463,P0140,1,0.15
O01463,P0059,2,0.0
O01464,P0077,1,0.0
O01465,P0132,2,0.15
O01466,P0109,1,0.15
O01466,P0064,1,0.1
O01467,P0009,4,0.1
O01467,P0008,1,0.05
O01468,P0131,1,0.15
O01469,P0033,1,0.0
O01469,P0148,1,0.0
O01470,P0055,2,0.0
O01470,P0079,3,0.05
O01470,P0181,2,0.0
O01471,P0148,1,0.05
O01472,P0192,2,0.05
O01472,P0169,4,0.0
O01473,P0016,1,0.15
O01474,P0120,1,0.05
O01474,P0052,1,0.0
O01475,P0134,2,0.05
O01475,P0187,2,0.0
O01476,P0146,1,0.05
O01476,P0015,3,0.1
O01476,P0106,1,0.0
O01477,P0155,2,0.0
O01477,P0038,3,0.2
O01478,P0155,1,0.15
O01478,P0121,1,0.05
O01479,P0070,2,0.0
O01479,P0107,1,0.15
O01480,P0020,1,0.0
O01480,P0197,1,0.0
O01481,P0038,1,0.0
O01482,P0197,1,0.0
O01482,P0107,2,0.1
O01482,P0160,1,0.15
O01483,P0082,1,0.0
O01483,P0067,1,0.0
O01483,P0139,2,0.1
O01484,P0001,1,0.05
O01485,P0123,1,0.05
O01486,P0072,2,0.2
O01486,P0093,2,0.0
O01486,P0146,1,0.0
O01487,P0001,1,0.05
O01488,P0105,3,0.0
O01489,P0139,1,0.05
O01489,P0145,4,0.1
O01490,P0114,1,0.1
O01491,P0149,4,0.0
O01492,P0143,1,0.0
O01493,P0061,1,0.0
O01493,P0002,1,0.0
O01494,P0113,1,0.15
O01494,P0065,1,0.05
O01494,P0034,1,0.1
O01494,P0100,2,0.0
O01495,P0141,1,0.0
O01495,P0156,2,0.0
O01496,P0194,1,0.05
O01496,P0114,1,0.1
O01497,P0039,2,0.05
O01497,P0196,2,0.05
O01498,P0155,2,0.1
O01498,P0068,2,0.2
O01499,P0061,1,0.0
O01500,P0033,1,0.15
O01501,P0179,1,0.05
O01502,P0073,1,0.05
O01502,P0186,4,0.1
O01503,P0014,2,0.15
O01503,P0158,2,0.05
O01504,P0064,1,0.05
O01504,P0126,4,0.05
O01505,P0054,4,0.05
O01505,P0166,1,0.0
O01505,P0098,2,0.05
O01505,P0163,2,0.05
O01506,P0142,1,0.05
O01506,P0129,2,0.05
O01507,P0070,2,0.15
O01507,P0143,3,0.1
O01508,P0092,4,0.0
O01508,P0080,1,0.0
O01509,P0074,4,0.05
O01509,P0150,4,0.05
O01510,P0052,4,0.1
O01510,P0047,1,0.0
O01511,P0074,2,0.05
O01512,P0030,1,0.15
O01512,P0084,3,0.05
O01513,P0018,2,0.05
O01513,P0200,4,0.0
O01513,P0185,1,0.15
O01514,P0100,1,0.05
O01514,P0180,4,0.05
O01514,P0058,4,0.0
O01515,P0137,3,0.0
O01515,P0118,3,0.0
O01516,P0177,1,0.05
O01516,P0116,2,0.0
O01516,P0007,1,0.05
O01516,P0056,2,0.1
O01517,P0126,3,0.0
O01517,P0037,2,0.0
O01518,P0131,1,0.0
O01519,P0164,2,0.0
O01519,P0083,1,0.0
O01520,P0159,1,0.0
O01521,P0170,1,0.0
O01522,P0020,1,0.05
O01523,P0084,2,0.05
O01523,P0142,2,0.0
O01524,P0052,1,0.0
O01524,P0138,1,0.05
O01524,P0035,4,0.15
O01524,P0200,5,0.0
O01525,P0150,1,0.0
O01525,P0055,1,0.1
O01526,P0051,1,0.0
O01527,P0002,1,0.0
O01527,P0074,3,0.0
O01528,P0094,1,0.1
O01528,P0043,1,0.05
O01529,P0029,1,0.0
O01529,P0030,1,0.0
O01530,P0136,1,0.1
O01531,P0125,2,0.0
O01531,P0187,3,0.0
O01531,P0141,2,0.1
O01532,P0007,3,0.1
O01532,P0124,1,0.1
O01532,P0025,1,0.1
O01532,P0094,3,0.15
O01533,P0028,2,0.05
O01533,P0054,1,0.0
O01533,P0150,1,0.1
O01534,P0005,3,0.15
O01534,P0111,1,0.15
O01535,P0148,3,0.0
O01536,P0141,1,0.0
O01536,P0145,2,0.05
O01536,P0090,3,0.05
O01537,P0102,2,0.0
O01538,P0097,2,0.0
O01538,P0040,1,0.1
O01539,P0151,2,0.0
O01539,P0183,1,0.0
O01540,P0054,2,0.0
O01540,P0034,4,0.0
O01541,P0145,3,0.0
O01541,P0043,4,0.0
O01542,P0157,1,0.1
O01542,P0179,4,0.0
O01543,P0161,3,0.0
O01543,P0079,1,0.05
O01544,P0119,1,0.0
O01544,P0176,1,0.05
O01545,P0072,3,0.1
O01546,P0023,2,0.0
O01546,P0020,5,0.2
O01546,P0085,2,0.2
O01547,P0166,1,0.1
O01547,P0122,2,0.1
O01547,P0009,2,0.1
O01548,P0026,2,0.0
O01549,P0126,2,0.0
O01549,P0098,3,0.05
O01550,P0067,1,0.05
O01550,P0145,1,0.15
O01551,P0176,2,0.1
O01551,P0012,2,0.1
O01551,P0173,2,0.05
O01552,P0144,2,0.05
O01552,P0017,2,0.0
O01553,P0167,3,0.1
O01553,P0081,4,0.05
O01553,P0119,1,0.0
O01554,P0180,1,0.0
O01555,P0024,1,0.0
O01556,P0103,2,0.0
O01556,P0004,2,0.0
O01557,P0078,1,0.2
O01557,P0180,1,0.05
O01558,P0005,3,0.05
O01558,P0159,2,0.15
O01559,P0075,1,0.1
O01560,P0095,3,0.1
O01560,P0090,1,0.0
O01560,P0089,1,0.0
O01561,P0125,1,0.1
O01562,P0144,2,0.0
O01563,P0168,2,0.05
O01564,P0076,2,0.15
O01564,P0049,1,0.0
O01565,P0161,2,0.0
O01565,P0058,2,0.0
O01566,P0176,1,0.2
O01567,P0049,3,0.1
O01567,P0030,1,0.2
O01568,P0062,2,0.1
O01568,P0126,1,0.0
O01569,P0035,4,0.05
O01569,P0095,2,0.05
O01570,P0163,1,0.05
O01571,P0167,2,0.1
O01571,P0157,2,0.0
O01572,P0024,1,0.05
O01572,P0186,2,0.0
O01573,P0085,2,0.0
O01573,P0128,1,0.05
O01574,P0115,2,0.05
O01575,P0167,1,0.2
O01576,P0198,4,0.05
O01577,P0187,1,0.05
O01577,P0014,1,0.1
O01577,P0119,2,0.05
O01577,P0118,5,0.15
O01578,P0034,1,0.1
O01578,P0083,2,0.05
O01578,P0126,1,0.0
O01579,P0029,1,0.0
O01579,P0189,1,0.0
O01580,P0125,3,0.05
O01581,P0116,3,0.0
O01582,P0146,4,0.05
O01582,P0061,3,0.0
O01582,P0112,2,0.05
O01583,P0064,3,0.05
O01584,P0169,1,0.15
O01584,P0044,2,0.1
O01584,P0121,1,0.0
O01585,P0003,1,0.05
O01585,P0072,3,0.05
O01585,P0078,2,0.0
O01586,P0132,1,0.1
O01587,P0090,1,0.15
O01588,P0172,3,0.15
O01589,P0145,1,0.2
O01589,P0197,1,0.0
O01590,P0043,3,0.0
O01590,P0188,1,0.05
O01591,P0039,1,0.05
O01591,P0154,2,0.05
O01591,P0083,2,0.1
O01592,P0146,2,0.05
O01592,P0061,2,0.05
O01593,P0099,4,0.05
O01594,P0094,1,0.05
O01594,P0011,1,0.0
O01595,P0154,1,0.0
O01595,P0135,4,0.0
O01595,P0056,1,0.0
O01596,P0093,2,0.15
O01597,P0119,2,0.0
O01598,P0015,2,0.2
O01598,P0090,2,0.0
O01599,P0099,1,0.0
O01599,P0023,1,0.0
O01600,P0002,2,0.2
O01600,P0036,2,0.1
O01600,P0089,1,0.0
O01601,P0144,1,0.0
O01601,P0135,2,0.0
O01602,P0051,5,0.0
O01602,P0149,1,0.0
O01602,P0128,3,0.0
O01603,P0011,1,0.1
O01603,P0106,2,0.2
O01604,P0126,1,0.1
O01604,P0157,1,0.0
O01604,P0095,1,0.0
O01604,P0060,1,0.05
O01605,P0020,2,0.0
O01606,P0137,2,0.0
O01606,P0183,3,0.0
O01606,P0111,1,0.05
O01607,P0096,4,0.0
O01607,P0149,1,0.05
O01607,P0033,1,0.0
O01608,P0053,4,0.2
O01608,P0052,4,0.05
O01609,P0102,1,0.0
O01610,P0191,1,0.0
O01610,P0084,1,0.0
O01611,P0044,3,0.0
O01612,P0190,5,0.1
O01613,P0196,1,0.05
O01613,P0026,2,0.15
O01614,P0190,1,0.05
O01614,P0172,2,0.0
O01615,P0100,2,0.1
O01615,P0145,3,0.0
O01615,P0158,2,0.15
O01616,P0158,2,0.0
O01617,P0011,1,0.0
O01617,P0166,3,0.0
O01618,P0040,2,0.15
O01618,P0074,2,0.0
O01619,P0151,1,0.0
O01619,P0110,2,0.0
O01619,P0192,1,0.2
O01620,P0060,1,0.1
O01620,P0197,4,0.15
O01621,P0079,5,0.15
O01622,P0016,1,0.05
O01623,P0100,1,0.1
O01624,P0144,1,0.0
O01625,P0189,1,0.0
O01626,P0128,1,0.2
O01626,P0011,5,0.0
O01626,P0102,3,0.1
O01627,P0066,4,0.05
O01627,P0179,2,0.0
O01627,P0172,1,0.0
O01628,P0073,1,0.05
O01629,P0121,3,0.0
O01629,P0172,1,0.05
O01629,P0139,4,0.0
O01630,P0047,1,0.05
O01631,P0137,2,0.05
O01632,P0019,5,0.0
O01632,P0073,1,0.2
O01633,P0025,3,0.15
O01633,P0080,1,0.0
O01634,P0188,3,0.0
O01634,P0087,1,0.1
O01635,P0023,3,0.0
O01635,P0094,2,0.1
O01635,P0125,4,0.0
O01636,P0162,5,0.0
O01636,P0127,3,0.05
O01636,P0139,2,0.1
O01637,P0025,2,0.0
O01637,P0015,1,0.1
O01637,P0179,2,0.0
O01638,P0141,1,0.15
O01638,P0166,1,0.0
O01638,P0099,1,0.05
O01639,P0145,2,0.05
O01640,P0129,1,0.05
O01641,P0092,1,0.0
O01641,P0029,3,0.0
O01642,P0021,1,0.15
O01642,P0130,2,0.15
O01643,P0070,1,0.05
O01643,P0012,1,0.0
O01644,P0101,1,0.1
O01645,P0073,1,0.1
O01645,P0008,1,0.0
O01645,P0157,1,0.05
O01646,P0007,1,0.0
O01646,P0132,1,0.15
O01647,P0074,3,0.2
O01647,P0038,1,0.05
O01647,P0124,1,0.0
O01648,P0076,2,0.05
O01648,P0056,2,0.05
O01649,P0010,2,0.15
O01649,P0034,1,0.1
O01650,P0068,1,0.05
O01650,P0139,1,0.0
O01651,P0190,1,0.15
O01652,P0003,1,0.1
O01652,P0105,2,0.0
O01652,P0018,1,0.05
O01653,P0173,3,0.2
O01654,P0038,1,0.0
O01654,P0013,3,0.0
O01654,P0105,1,0.1
O01655,P0170,2,0.2
O01656,P0095,1,0.05
O01657,P0129,2,0.15
O01657,P0110,1,0.1
O01658,P0016,2,0.05
O01658,P0070,3,0.0
O01658,P0174,4,0.1
O01658,P0057,1,0.0
O01659,P0006,2,0.2
O01659,P0022,1,0.1
O01660,P0025,1,0.0
O01660,P0151,1,0.05
O01660,P0093,2,0.0
O01660,P0096,1,0.05
O01661,P0087,1,0.05
O01661,P0152,4,0.05
O01662,P0055,1,0.05
O01663,P0179,2,0.0
O01663,P0133,1,0.0
O01663,P0146,3,0.0
O01663,P0085,1,0.0
O01664,P0011,3,0.1
O01664,P0024,1,0.15
O01665,P0034,2,0.0
O01666,P0147,1,0.05
O01666,P0160,2,0.1
O01667,P0079,2,0.1
O01668,P0072,1,0.15
O01669,P0064,3,0.0
O01670,P0145,3,0.15
O01670,P0137,1,0.0
O01671,P0175,3,0.0
O01671,P0040,1,0.0
O01672,P0012,3,0.1
O01672,P0050,1,0.05
O01672,P0013,1,0.05
O01673,P0129,2,0.15
O01673,P0154,3,0.05
O01673,P0121,1,0.05
O01674,P0137,2,0.0
O01674,P0119,3,0.05
O01675,P0102,1,0.0
O01675,P0004,3,0.0
O01675,P0151,1,0.1
O01676,P0110,5,0.0
O01676,P0124,3,0.0
O01677,P0170,2,0.15
O01677,P0127,1,0.0
O01677,P0175,3,0.2
O01678,P0116,1,0.05
O01678,P0113,3,0.0
O01679,P0143,1,0.05
O01680,P0021,1,0.0
O01681,P0163,1,0.2
O01681,P0054,1,0.05
O01681,P0135,1,0.15
O01682,P0104,1,0.15
O01682,P0169,1,0.0
O01683,P0195,3,0.05
O01684,P0044,3,0.1
O01685,P0057,1,0.15
O01685,P0013,1,0.1
O01685,P0088,4,0.05
O01685,P0132,3,0.1
O01686,P0086,1,0.1
O01686,P0024,1,0.0
O01686,P0126,2,0.05
O01687,P0041,3,0.0
O01687,P0194,1,0.0
O01687,P0003,1,0.05
O01688,P0004,2,0.1
O01689,P0127,1,0.1
O01690,P0074,3,0.1
O01691,P0189,1,0.0
O01691,P0089,2,0.05
O01692,P0026,1,0.0
O01692,P0078,1,0.05
O01692,P0073,1,0.15
O01692,P0174,4,0.0
O01693,P0083,3,0.05
O01693,P0021,2,0.0
O01694,P0105,3,0.2
O01695,P0042,1,0.05
O01695,P0064,1,0.15
O01696,P0180,1,0.1
O01696,P0182,1,0.2
O01696,P0101,1,0.0
O01696,P0066,2,0.05
O01697,P0111,1,0.0
O01697,P0030,3,0.1
O01698,P0161,1,0.0
O01698,P0065,3,0.0
O01699,P0072,3,0.0
O01699,P0194,2,0.0
O01699,P0064,1,0.05
O01699,P0013,1,0.0
O01700,P0002,1,0.1
O01700,P0152,3,0.05
O01701,P0075,1,0.0
O01701,P0067,1,0.0
O01702,P0177,2,0.0
O01702,P0011,3,0.0
O01703,P0178,1,0.15
O01703,P0089,1,0.05
O01704,P0103,1,0.1
O01705,P0169,3,0.0
O01705,P0064,1,0.05
O01706,P0139,2,0.05
O01706,P0130,1,0.0
O01707,P0183,4,0.0
O01708,P0023,3,0.05
O01709,P0102,2,0.0
O01709,P0022,1,0.0
O01709,P0146,2,0.05
O01710,P0070,1,0.05
O01711,P0059,1,0.0
O01711,P0133,2,0.0
O01712,P0142,2,0.1
O01712,P0144,1,0.15
O01713,P0184,2,0.1
O01714,P0054,1,0.05
O01715,P0020,3,0.0
O01716,P0110,2,0.05
O01717,P0157,1,0.1
O01717,P0035,2,0.15
O01718,P0170,3,0.0
O01718,P0078,2,0.05
O01719,P0022,1,0.05
O01719,P0138,2,0.05
O01720,P0005,3,0.1
O01721,P0176,1,0.05
O01721,P0097,1,0.15
O01721,P0032,2,0.05
O01722,P0133,2,0.0
O01722,P0167,1,0.2
O01723,P0031,5,0.15
O01723,P0174,1,0.0
O01723,P0039,1,0.0
O01724,P0092,3,0.0
O01724,P0055,1,0.05
O01725,P0154,2,0.0
O01725,P0062,2,0.15
O01726,P0036,2,0.1
O01727,P0091,3,0.0
O01727,P0066,3,0.1
O01728,P0164,4,0.05
O01728,P0081,1,0.0
O01728,P0048,1,0.0
O01729,P0041,2,0.05
O01729,P0063,3,0.1
O01729,P0168,3,0.05
O01730,P0162,1,0.1
O01731,P0033,1,0.1
O01731,P0144,3,0.05
O01731,P0047,1,0.15
O01732,P0059,2,0.05
O01733,P0025,1,0.0
O01733,P0186,3,0.1
O01733,P0132,3,0.1
O01733,P0133,1,0.0
O01734,P0087,1,0.0
O01735,P0089,1,0.0
O01736,P0005,2,0.0
O01737,P0166,3,0.0
O01738,P0022,1,0.0
O01738,P0153,1,0.05
O01739,P0187,1,0.0
O01740,P0030,1,0.1
O01740,P0172,4,0.05
O01740,P0180,3,0.05
O01741,P0095,2,0.0
O01742,P0023,1,0.05
O01742,P0113,2,0.0
O01743,P0181,1,0.0
O01744,P0099,2,0.0
O01744,P0192,4,0.15
O01745,P0013,1,0.0
O01745,P0180,2,0.15
O01745,P0010,2,0.0
O01746,P0095,1,0.0
O01747,P0134,1,0.0
O01748,P0105,2,0.05
O01748,P0124,1,0.1
O01748,P0011,1,0.05
O01749,P0112,1,0.0
O01750,P0100,4,0.1
O01750,P0157,2,0.0
O01751,P0006,2,0.0
O01751,P0103,2,0.05
O01752,P0089,3,0.05
O01752,P0065,1,0.05
O01752,P0100,1,0.0
O01753,P0008,1,0.05
O01753,P0178,1,0.0
O01753,P0164,2,0.05
O01754,P0004,2,0.0
O01755,P0134,3,0.1
O01755,P0135,3,0.0
O01756,P0097,2,0.15
O01756,P0058,3,0.0
O01756,P0090,1,0.05
O01757,P0129,2,0.0
O01757,P0193,1,0.1
O01757,P0107,1,0.1
O01758,P0014,2,0.05
O01758,P0030,4,0.0
O01758,P0031,5,0.05
O01759,P0057,2,0.0
O01760,P0015,2,0.1
O01760,P0126,2,0.05
O01760,P0155,2,0.05
O01761,P0019,3,0.0
O01761,P0056,3,0.05
O01762,P0073,1,0.0
O01763,P0129,3,0.05
O01763,P0041,1,0.0
O01764,P0115,1,0.15
O01764,P0052,2,0.1
O01765,P0003,1,0.0
O01765,P0145,1,0.1
O01766,P0131,2,0.0
O01766,P0135,2,0.0
O01767,P0061,1,0.1
O01768,P0068,4,0.0
O01768,P0075,2,0.0
O01769,P0050,2,0.05
O01770,P0169,3,0.05
O01771,P0124,1,0.0
O01772,P0065,1,0.0
O01773,P0168,2,0.0
O01774,P0126,2,0.0
O01774,P0088,2,0.05
O01774,P0094,1,0.0
O01774,P0010,1,0.0
O01775,P0100,2,0.1
O01776,P0171,1,0.1
O01776,P0048,1,0.05
O01776,P0108,2,0.05
O01777,P0085,2,0.0
O01778,P0016,1,0.1
O01779,P0196,1,0.2
O01779,P0142,4,0.05
O01779,P0096,1,0.0
O01779,P0073,1,0.05
O01780,P0160,4,0.15
O01780,P0078,1,0.05
O01781,P0192,2,0.05
O01781,P0129,1,0.15
O01781,P0002,2,0.15
O01782,P0020,3,0.05
O01783,P0053,3,0.05
O01784,P0159,2,0.05
O01784,P0173,2,0.0
O01784,P0046,3,0.1
O01784,P0115,2,0.1
O01785,P0147,2,0.05
O01786,P0179,2,0.0
O01786,P0102,1,0.05
O01787,P0065,4,0.0
O01787,P0082,1,0.15
O01788,P0129,3,0.2
O01788,P0098,1,0.0
O01788,P0135,1,0.05
O01788,P0065,1,0.05
O01789,P0173,1,0.1
O01789,P0043,2,0.1
O01790,P0176,1,0.1
O01790,P0089,1,0.1
O01791,P0178,1,0.0
O01791,P0136,4,0.1
O01791,P0036,2,0.0
O01791,P0116,1,0.1
O01792,P0141,1,0.1
O01793,P0074,1,0.05
O01794,P0095,2,0.05
O01794,P0104,3,0.0
O01795,P0094,4,0.0
O01795,P0037,3,0.2
O01795,P0129,3,0.05
O01796,P0016,1,0.0
O01797,P0176,3,0.0
O01797,P0095,1,0.1
O01798,P0123,3,0.2
O01798,P0155,4,0.05
O01798,P0168,2,0.0
O01799,P0090,1,0.0
O01799,P0140,4,0.1
O01799,P0113,3,0.05
O01800,P0043,4,0.0
O01801,P0122,1,0.0
O01802,P0062,3,0.2
O01802,P0170,1,0.0
O01803,P0089,1,0.0
O01803,P0115,1,0.0
O01804,P0165,2,0.15
O01805,P0039,1,0.05
O01805,P0058,2,0.15
O01805,P0092,1,0.0
O01806,P0123,2,0.0
O01807,P0156,1,0.2
O01808,P0061,1,0.1
O01808,P0119,2,0.0
O01808,P0194,2,0.05
O01809,P0052,4,0.1
O01809,P0186,1,0.1
O01810,P0078,2,0.0
O01811,P0030,1,0.15
O01812,P0001,4,0.0
O01812,P0071,4,0.05
O01812,P0157,2,0.0
O01813,P0168,4,0.05
O01813,P0148,3,0.1
O01814,P0065,3,0.2
O01814,P0191,1,0.1
O01815,P0174,1,0.1
O01815,P0141,1,0.05
O01816,P0186,1,0.05
O01817,P0073,1,0.05
O01817,P0060,1,0.0
O01818,P0009,1,0.0
O01818,P0008,1,0.05
O01819,P0053,4,0.05
O01819,P0047,1,0.2
O01819,P0100,1,0.0
O01820,P0029,4,0.05
O01820,P0180,3,0.0
O01821,P0155,1,0.1
O01822,P0184,1,0.05
O01823,P0145,1,0.0
O01824,P0162,1,0.05
O01824,P0076,1,0.1
O01824,P0182,4,0.0
O01825,P0072,2,0.05
O01826,P0015,1,0.05
O01826,P0068,1,0.1
O01826,P0196,1,0.0
O01826,P0093,3,0.05
O01827,P0092,2,0.1
O01827,P0112,3,0.15
O01827,P0138,2,0.05
O01827,P0151,1,0.05
O01828,P0105,1,0.0
O01829,P0177,1,0.1
O01829,P0016,1,0.05
O01830,P0106,2,0.2
O01830,P0078,2,0.0
O01830,P0044,3,0.05
O01831,P0032,3,0.0
O01831,P0124,1,0.0
O01831,P0168,2,0.05
O01831,P0198,4,0.05
O01832,P0074,3,0.0
O01832,P0123,1,0.0
O01833,P0131,4,0.05
O01833,P0106,1,0.1
O01833,P0084,1,0.05
O01833,P0108,1,0.15
O01834,P0077,2,0.1
O01834,P0074,2,0.0
O01834,P0052,1,0.0
O01834,P0118,1,0.05
O01835,P0166,2,0.0
O01836,P0106,2,0.2
O01837,P0187,2,0.05
O01837,P0078,2,0.0
O01838,P0199,1,0.0
O01839,P0137,2,0.0
O01840,P0090,1,0.05
O01840,P0039,2,0.0
O01841,P0134,1,0.1
O01841,P0199,1,0.1
O01841,P0120,4,0.0
O01841,P0139,1,0.1
O01842,P0118,2,0.2
O01842,P0172,4,0.0
O01843,P0049,1,0.0
O01843,P0103,1,0.05
O01844,P0058,2,0.1
O01845,P0185,1,0.05
O01846,P0089,2,0.05
O01847,P0021,1,0.05
O01847,P0101,2,0.15
O01848,P0195,2,0.05
O01848,P0154,2,0.05
O01849,P0153,1,0.05
O01849,P0145,2,0.05
O01850,P0126,1,0.1
O01850,P0094,1,0.0
O01851,P0014,1,0.0
O01851,P0118,1,0.0
O01851,P0074,4,0.05
O01852,P0025,4,0.1
O01853,P0046,1,0.1
O01854,P0047,2,0.0
O01854,P0143,1,0.05
O01855,P0081,3,0.05
O01855,P0151,1,0.05
O01856,P0042,1,0.05
O01856,P0144,2,0.0
O01857,P0185,3,0.0
O01857,P0010,1,0.1
O01858,P0134,1,0.0
O01858,P0159,1,0.2
O01859,P0110,1,0.15
O01859,P0145,3,0.0
O01860,P0158,1,0.1
O01860,P0195,1,0.0
O01860,P0150,2,0.05
O01860,P0005,1,0.0
O01861,P0144,1,0.0
O01861,P0088,4,0.0
O01862,P0159,1,0.0
O01862,P0143,4,0.0
O01863,P0023,2,0.05
O01863,P0164,1,0.0
O01864,P0032,2,0.15
O01864,P0109,1,0.05
O01865,P0175,1,0.05
O01865,P0031,3,0.1
O01866,P0194,1,0.0
O01866,P0149,2,0.0
O01866,P0168,1,0.0
O01866,P0120,4,0.1
O01867,P0195,4,0.1
O01868,P0079,3,0.0
O01868,P0156,1,0.0
O01869,P0130,1,0.0
O01870,P0063,1,0.1
O01870,P0108,1,0.05
O01871,P0012,1,0.0
O01872,P0177,1,0.0
O01872,P0134,2,0.2
O01873,P0038,2,0.05
O01873,P0036,1,0.0
O01874,P0183,1,0.05
O01874,P0127,1,0.1
O01875,P0145,2,0.1
O01876,P0192,1,0.1
O01877,P0054,2,0.1
O01877,P0137,1,0.1
O01877,P0117,2,0.1
O01878,P0111,2,0.05
O01878,P0083,1,0.1
O01878,P0102,1,0.0
O01879,P0153,2,0.15
O01879,P0104,2,0.1
O01880,P0084,1,0.0
O01881,P0058,2,0.1
O01881,P0005,1,0.1
O01881,P0146,2,0.0
O01882,P0183,2,0.05
O01883,P0089,1,0.0
O01884,P0166,2,0.0
O01884,P0144,3,0.0
O01884,P0061,1,0.1
O01884,P0136,3,0.0
O01885,P0169,1,0.0
O01885,P0128,1,0.0
O01886,P0172,1,0.0
O01886,P0081,1,0.1
O01886,P0014,1,0.15
O01887,P0045,1,0.1
O01888,P0179,2,0.0
O01888,P0176,1,0.05
O01889,P0170,1,0.0
O01889,P0027,2,0.0
O01890,P0048,2,0.05
O01890,P0191,1,0.2
O01891,P0163,2,0.1
O01891,P0168,5,0.0
O01892,P0184,1,0.15
O01892,P0111,5,0.1
O01893,P0152,4,0.15
O01893,P0024,2,0.0
O01894,P0198,1,0.0
O01895,P0168,3,0.1
O01896,P0136,1,0.2
O01897,P0193,1,0.0
O01897,P0001,2,0.1
O01897,P0185,1,0.0
O01897,P0002,4,0.0
O01898,P0195,1,0.0
O01898,P0154,2,0.1
O01898,P0157,1,0.1
O01899,P0039,3,0.05
O01899,P0113,2,0.0
O01900,P0134,2,0.0
O01900,P0137,4,0.0
O01901,P0103,2,0.0
O01901,P0042,1,0.1
O01901,P0120,3,0.1
O01901,P0097,2,0.15
O01902,P0104,1,0.05
O01902,P0180,3,0.1
O01903,P0028,1,0.15
O01904,P0093,4,0.0
O01905,P0100,2,0.05
O01905,P0141,1,0.0
O01906,P0081,2,0.1
O01906,P0166,1,0.0
O01907,P0182,1,0.0
O01907,P0065,1,0.0
O01908,P0021,4,0.1
O01909,P0109,2,0.05
O01910,P0113,3,0.0
O01910,P0179,2,0.05
O01911,P0039,5,0.1
O01912,P0182,1,0.0
O01913,P0058,5,0.0
O01913,P0068,5,0.05
O01914,P0048,1,0.1
O01914,P0148,2,0.1
O01915,P0128,2,0.0
O01916,P0150,2,0.15
O01917,P0177,1,0.0
O01917,P0197,1,0.05
O01917,P0082,3,0.05
O01918,P0093,2,0.0
O01918,P0129,1,0.05
O01919,P0180,4,0.0
O01919,P0041,1,0.0
O01919,P0183,3,0.05
O01919,P0146,5,0.0
O01920,P0150,2,0.0
O01921,P0138,5,0.1
O01921,P0122,2,0.1
O01921,P0181,2,0.0
O01921,P0087,3,0.0
O01922,P0159,4,0.1
O01923,P0098,2,0.05
O01923,P0051,1,0.05
O01924,P0096,1,0.1
O01924,P0164,1,0.0
O01925,P0133,1,0.1
O01925,P0110,3,0.05
O01925,P0154,3,0.05
O01926,P0137,1,0.0
O01927,P0108,2,0.1
O01927,P0138,1,0.0
O01927,P0009,1,0.1
O01927,P0190,4,0.1
O01928,P0097,3,0.05
O01928,P0189,1,0.0
O01929,P0031,2,0.05
O01929,P0116,1,0.0
O01930,P0148,1,0.05
O01930,P0078,1,0.05
O01931,P0192,3,0.15
O01931,P0188,1,0.0
O01932,P0119,2,0.0
O01933,P0159,1,0.0
O01934,P0189,4,0.1
O01934,P0028,4,0.15
O01934,P0002,1,0.0
O01935,P0032,1,0.0
O01935,P0075,2,0.0
O01935,P0189,1,0.1
O01936,P0155,4,0.0
O01937,P0109,1,0.15
O01938,P0178,1,0.15
O01938,P0027,5,0.0
O01938,P0157,4,0.0
O01939,P0150,1,0.05
O01939,P0049,1,0.05
O01940,P0095,1,0.15
O01940,P0163,2,0.05
O01940,P0005,1,0.15
O01941,P0003,2,0.15
O01941,P0066,1,0.2
O01942,P0179,1,0.05
O01942,P0121,2,0.1
O01942,P0128,2,0.15
O01943,P0126,3,0.1
O01943,P0114,4,0.2
O01944,P0029,2,0.05
O01944,P0083,1,0.0
O01945,P0086,5,0.05
O01945,P0003,2,0.05
O01945,P0128,2,0.1
O01946,P0065,2,0.15
O01947,P0186,4,0.1
O01947,P0108,1,0.05
O01947,P0100,1,0.0
O01948,P0157,1,0.1
O01948,P0156,1,0.1
O01949,P0194,1,0.05
O01949,P0118,2,0.0
O01950,P0085,1,0.0
O01950,P0107,1,0.15
O01951,P0004,2,0.05
O01951,P0036,1,0.1
O01951,P0060,1,0.0
O01952,P0074,4,0.0
O01952,P0083,1,0.05
O01953,P0042,2,0.1
O01954,P0137,1,0.05
O01954,P0197,4,0.05
O01955,P0141,3,0.0
O01955,P0082,3,0.0
O01955,P0112,1,0.05
O01955,P0118,2,0.0
O01956,P0066,2,0.05
O01956,P0188,1,0.15
O01956,P0028,1,0.05
O01957,P0028,1,0.05
O01957,P0125,4,0.0
O01957,P0162,3,0.1
O01958,P0096,2,0.1
O01958,P0031,4,0.0
O01958,P0176,3,0.1
O01958,P0009,1,0.05
O01959,P0175,2,0.1
O01959,P0151,1,0.15
O01959,P0117,1,0.05
O01960,P0157,1,0.0
O01960,P0122,1,0.0
O01961,P0178,1,0.0
O01962,P0151,2,0.0
O01963,P0130,1,0.0
O01963,P0132,1,0.15
O01964,P0192,1,0.05
O01964,P0091,5,0.0
O01965,P0098,1,0.0
O01965,P0198,3,0.2
O01966,P0052,1,0.05
O01966,P0155,2,0.0
O01967,P0191,3,0.0
O01967,P0108,1,0.15
O01968,P0108,2,0.1
O01968,P0151,1,0.0
O01969,P0019,1,0.1
O01969,P0167,2,0.0
O01970,P0193,1,0.05
O01971,P0180,3,0.0
O01972,P0189,1,0.1
O01973,P0162,3,0.15
O01973,P0194,1,0.15
O01973,P0105,1,0.0
O01974,P0131,1,0.0
O01974,P0105,1,0.2
O01974,P0084,2,0.05
O01975,P0063,1,0.0
O01975,P0059,2,0.0
O01975,P0127,1,0.05
O01976,P0073,3,0.0
O01976,P0176,1,0.05
O01977,P0122,2,0.15
O01977,P0175,1,0.05
O01978,P0163,1,0.0
O01978,P0007,1,0.0
O01979,P0063,2,0.05
O01979,P0184,1,0.0
O01980,P0105,4,0.1
O01980,P0172,1,0.05
O01981,P0144,1,0.05
O01981,P0187,2,0.1
O01981,P0199,3,0.05
O01982,P0164,2,0.15
O01983,P0033,3,0.2
O01983,P0029,1,0.1
O01984,P0087,1,0.0
O01985,P0184,2,0.05
O01985,P0151,3,0.15
O01986,P0163,2,0.05
O01986,P0132,4,0.05
O01986,P0144,2,0.0
O01987,P0076,4,0.15
O01987,P0106,5,0.0
O01988,P0031,1,0.0
O01988,P0056,2,0.0
O01989,P0058,1,0.15
O01990,P0085,2,0.0
O01991,P0009,3,0.1
O01991,P0137,1,0.05
O01992,P0151,1,0.15
O01992,P0198,1,0.0
O01992,P0076,2,0.0
O01993,P0117,1,0.05
O01993,P0080,2,0.05
O01994,P0140,2,0.0
O01994,P0079,3,0.05
O01995,P0101,3,0.0
O01995,P0190,2,0.15
O01996,P0129,4,0.05
O01996,P0049,1,0.05
O01997,P0086,3,0.0
O01997,P0084,2,0.1
O01998,P0081,4,0.1
O01998,P0063,1,0.2
O01998,P0146,2,0.0
O01998,P0096,3,0.05
O01999,P0029,3,0.1
O02000,P0156,1,0.1
O02001,P0052,1,0.0
O02001,P0114,2,0.05
O02001,P0177,2,0.05
O02002,P0063,3,0.0
O02003,P0061,1,0.15
O02004,P0099,1,0.05
O02004,P0025,1,0.0
O02004,P0185,3,0.1
O02005,P0055,3,0.0
O02005,P0082,1,0.05
O02005,P0094,2,0.05
O02006,P0182,2,0.05
O02006,P0112,2,0.1
O02006,P0057,1,0.0
O02007,P0157,1,0.15
O02007,P0062,3,0.1
O02008,P0185,5,0.0
O02008,P0060,2,0.05
O02009,P0089,2,0.1
O02010,P0063,3,0.1
O02010,P0091,3,0.0
O02011,P0123,1,0.05
O02011,P0058,3,0.0
O02012,P0067,1,0.05
O02012,P0105,5,0.0
O02012,P0174,1,0.05
O02013,P0200,4,0.05
O02014,P0147,1,0.1
O02014,P0144,3,0.0
O02014,P0086,4,0.05
O02015,P0082,2,0.0
O02015,P0139,1,0.0
O02015,P0175,2,0.1
O02016,P0005,1,0.15
O02017,P0112,3,0.05
O02018,P0066,1,0.1
O02019,P0055,1,0.0
O02019,P0170,3,0.15
O02020,P0121,1,0.05
O02020,P0037,2,0.1
O02020,P0145,2,0.0
O02021,P0047,1,0.0
O02021,P0162,2,0.1
O02022,P0099,5,0.0
O02022,P0134,2,0.0
O02023,P0156,1,0.05
O02024,P0199,1,0.15
O02024,P0112,4,0.0
O02025,P0199,1,0.05
O02025,P0182,1,0.0
O02025,P0035,2,0.0
O02026,P0097,2,0.1
O02026,P0049,1,0.05
O02027,P0110,2,0.0
O02028,P0091,1,0.0
O02028,P0110,1,0.15
O02029,P0063,1,0.15
O02029,P0071,1,0.05
O02029,P0095,1,0.05
O02029,P0029,1,0.0
O02030,P0118,1,0.0
O02030,P0068,4,0.0
O02030,P0117,2,0.15
O02031,P0167,1,0.0
O02031,P0083,2,0.15
O02032,P0106,1,0.1
O02032,P0051,1,0.05
O02032,P0062,5,0.2
O02033,P0147,1,0.1
O02034,P0192,1,0.1
O02035,P0017,1,0.05
O02035,P0198,3,0.0
O02036,P0101,1,0.0
O02036,P0071,1,0.0
O02037,P0086,2,0.1
O02037,P0030,3,0.05
O02038,P0038,2,0.1
O02038,P0024,1,0.1
O02039,P0082,3,0.0
O02039,P0029,2,0.15
O02040,P0184,1,0.15
O02040,P0049,2,0.0
O02041,P0062,1,0.0
O02042,P0147,1,0.0
O02043,P0107,2,0.0
O02043,P0056,3,0.2
O02044,P0089,2,0.05
O02044,P0054,5,0.0
O02044,P0016,2,0.0
O02045,P0161,2,0.1
O02046,P0166,1,0.0
O02046,P0112,1,0.0
O02047,P0067,1,0.05
O02047,P0084,5,0.15
O02047,P0124,4,0.05
O02048,P0058,3,0.0
O02048,P0165,1,0.0
O02048,P0073,1,0.1
O02048,P0077,1,0.05
O02049,P0092,2,0.0
O02050,P0147,1,0.05
O02051,P0137,1,0.15
O02052,P0007,1,0.0
O02052,P0112,1,0.0
O02052,P0116,2,0.15
O02053,P0160,1,0.0
O02054,P0179,1,0.05
O02055,P0169,2,0.05
O02056,P0094,3,0.0
O02057,P0189,1,0.15
O02057,P0138,1,0.05
O02058,P0160,2,0.05
O02058,P0195,4,0.05
O02059,P0135,1,0.1
O02059,P0097,1,0.15
O02060,P0054,1,0.2
O02060,P0188,5,0.05
O02061,P0167,1,0.0
O02062,P0109,1,0.15
O02063,P0114,1,0.2
O02063,P0143,2,0.0
O02064,P0152,2,0.0
O02064,P0053,2,0.0
O02065,P0073,5,0.0
O02065,P0153,1,0.05
O02065,P0121,2,0.1
O02066,P0097,2,0.05
O02066,P0114,1,0.2
O02066,P0118,2,0.1
O02066,P0052,2,0.0
O02067,P0176,3,0.0
O02067,P0010,2,0.15
O02068,P0149,1,0.0
O02069,P0107,3,0.05
O02069,P0037,1,0.1
O02070,P0079,2,0.05
O02071,P0044,3,0.0
O02072,P0020,5,0.0
O02072,P0101,1,0.15
O02072,P0088,1,0.05
O02072,P0105,3,0.2
O02073,P0002,1,0.05
O02073,P0007,4,0.05
O02073,P0014,2,0.1
O02074,P0138,2,0.05
O02075,P0099,1,0.05
O02075,P0078,5,0.0
O02076,P0083,2,0.15
O02076,P0066,4,0.15
O02077,P0092,2,0.0
O02077,P0029,3,0.15
O02078,P0080,1,0.2
O02078,P0040,1,0.0
O02079,P0139,3,0.05
O02079,P0053,1,0.05
O02079,P0066,5,0.0
O02079,P0166,2,0.0
O02080,P0118,2,0.1
O02081,P0018,1,0.05
O02081,P0108,1,0.05
O02081,P0192,2,0.0
O02082,P0101,1,0.0
O02082,P0044,4,0.1
O02083,P0033,1,0.2
O02084,P0095,1,0.0
O02084,P0012,4,0.05
O02085,P0093,2,0.0
O02086,P0089,1,0.2
O02086,P0099,1,0.1
O02087,P0045,2,0.0
O02088,P0127,3,0.1
O02088,P0158,1,0.05
O02089,P0196,1,0.05
O02090,P0089,1,0.05
O02090,P0002,1,0.05
O02090,P0190,1,0.0
O02091,P0020,1,0.1
O02092,P0069,2,0.0
O02092,P0012,1,0.15
O02093,P0023,1,0.05
O02093,P0067,1,0.0
O02094,P0035,1,0.15
O02094,P0128,1,0.05
O02095,P0091,1,0.15
O02095,P0072,1,0.05
O02095,P0098,2,0.05
O02096,P0112,2,0.05
O02096,P0159,2,0.0
O02097,P0199,1,0.15
O02097,P0072,1,0.1
O02098,P0058,1,0.1
O02098,P0127,2,0.05
O02099,P0188,1,0.0
O02099,P0169,1,0.15
O02100,P0164,3,0.05
O02101,P0134,1,0.0
O02101,P0072,1,0.15
O02101,P0115,1,0.0
O02102,P0100,1,0.0
O02103,P0199,3,0.0
O02103,P0134,2,0.05
O02104,P0195,1,0.0
O02104,P0118,1,0.05
O02105,P0056,5,0.05
O02106,P0113,1,0.0
O02106,P0096,1,0.1
O02106,P0130,1,0.1
O02106,P0171,3,0.15
O02107,P0057,1,0.2
O02107,P0155,2,0.15
O02107,P0036,1,0.0
O02108,P0175,1,0.0
O02108,P0057,2,0.15
O02108,P0056,1,0.05
O02109,P0134,2,0.1
O02110,P0169,2,0.05
O02110,P0039,2,0.0
O02110,P0031,3,0.05
O02111,P0039,1,0.05
O02111,P0194,1,0.0
O02112,P0010,1,0.0
O02112,P0100,2,0.0
O02113,P0114,1,0.1
O02114,P0019,1,0.0
O02114,P0087,4,0.0
O02115,P0066,1,0.1
O02115,P0158,2,0.0
O02116,P0044,3,0.0
O02117,P0165,1,0.0
O02117,P0039,2,0.05
O02118,P0076,1,0.1
O02119,P0121,2,0.05
O02119,P0068,1,0.05
O02120,P0056,1,0.05
O02121,P0142,1,0.0
O02122,P0162,3,0.15
O02123,P0102,1,0.05
O02123,P0177,1,0.15
O02123,P0198,1,0.1
O02124,P0195,2,0.1
O02125,P0191,2,0.1
O02125,P0023,2,0.05
O02126,P0062,1,0.0
O02126,P0101,1,0.05
O02127,P0089,2,0.2
O02128,P0197,1,0.1
O02128,P0166,1,0.0
O02129,P0130,2,0.0
O02130,P0124,2,0.05
O02130,P0143,1,0.05
O02130,P0185,1,0.15
O02131,P0077,1,0.0
O02131,P0068,3,0.1
O02132,P0041,3,0.0
O02132,P0154,2,0.05
O02133,P0077,1,0.0
O02133,P0056,3,0.15
O02133,P0021,2,0.0
O02133,P0072,2,0.0
O02134,P0195,1,0.1
O02135,P0181,1,0.0
O02136,P0129,1,0.0
O02137,P0108,1,0.0
O02138,P0035,3,0.1
O02139,P0001,2,0.05
O02139,P0197,1,0.0
O02140,P0055,2,0.0
O02141,P0065,4,0.0
O02141,P0090,1,0.05
O02141,P0051,1,0.05
O02142,P0079,4,0.1
O02143,P0198,1,0.15
O02144,P0146,1,0.1
O02145,P0080,2,0.05
O02146,P0186,2,0.05
O02147,P0081,1,0.1
O02147,P0143,1,0.2
O02148,P0177,4,0.2
O02148,P0118,5,0.0
O02149,P0144,3,0.1
O02150,P0002,1,0.15
O02151,P0010,1,0.0
O02151,P0113,1,0.0
O02152,P0173,4,0.05
O02152,P0032,1,0.0
O02153,P0087,3,0.05
O02153,P0161,1,0.0
O02154,P0138,1,0.05
O02155,P0027,1,0.15
O02156,P0068,2,0.15
O02157,P0073,1,0.05
O02157,P0091,2,0.0
O02157,P0164,1,0.0
O02158,P0045,2,0.0
O02158,P0139,4,0.05
O02159,P0174,1,0.1
O02159,P0154,1,0.15
O02159,P0165,2,0.0
O02160,P0164,2,0.1
O02160,P0187,1,0.1
O02161,P0163,1,0.0
O02161,P0187,1,0.0
O02162,P0193,2,0.15
O02163,P0140,1,0.0
O02163,P0114,1,0.1
O02164,P0050,1,0.0
O02164,P0173,1,0.0
O02164,P0170,1,0.05
O02165,P0093,2,0.05
O02165,P0182,2,0.05
O02166,P0027,1,0.0
O02167,P0004,2,0.15
O02168,P0045,1,0.0
O02169,P0021,3,0.0
O02170,P0080,4,0.05
O02171,P0022,5,0.2
O02172,P0121,2,0.05
O02172,P0007,1,0.0
O02173,P0137,2,0.1
O02174,P0196,1,0.0
O02174,P0023,2,0.0
O02174,P0050,2,0.0
O02174,P0198,2,0.1
O02175,P0079,1,0.0
O02176,P0114,3,0.05
O02176,P0198,1,0.05
O02177,P0048,3,0.1
O02177,P0163,1,0.1
O02177,P0022,1,0.05
O02178,P0175,1,0.15
O02179,P0021,2,0.1
O02180,P0031,5,0.1
O02180,P0158,1,0.05
O02181,P0071,1,0.05
O02182,P0020,1,0.0
O02183,P0154,1,0.15
O02183,P0017,1,0.05
O02183,P0075,2,0.05
O02184,P0032,2,0.0
O02185,P0045,3,0.0
O02185,P0068,2,0.1
O02186,P0151,1,0.0
O02186,P0128,1,0.15
O02187,P0100,1,0.15
O02187,P0024,1,0.0
O02188,P0078,2,0.0
O02189,P0180,1,0.0
O02189,P0016,2,0.0
O02189,P0104,2,0.1
O02189,P0005,4,0.1
O02190,P0097,4,0.0
O02190,P0040,1,0.05
O02191,P0198,2,0.05
O02191,P0140,4,0.0
O02191,P0017,2,0.05
O02191,P0049,3,0.15
O02192,P0072,3,0.0
O02192,P0128,1,0.05
O02193,P0051,1,0.0
O02194,P0010,2,0.0
O02194,P0171,2,0.0
O02195,P0142,1,0.0
O02195,P0011,1,0.0
O02195,P0147,1,0.05
O02196,P0183,1,0.0
O02196,P0070,2,0.0
O02197,P0018,2,0.0
O02198,P0120,1,0.0
O02198,P0069,5,0.05
O02198,P0084,1,0.1
O02199,P0079,2,0.0
O02199,P0193,2,0.0
O02200,P0139,2,0.0
O02200,P0153,1,0.05
O02200,P0109,2,0.1
O02201,P0066,2,0.1
O02201,P0155,2,0.05
O02202,P0103,1,0.1
O02202,P0097,1,0.1
O02202,P0064,2,0.0
O02203,P0162,1,0.0
O02204,P0151,1,0.05
O02204,P0040,3,0.05
O02205,P0125,4,0.0
O02205,P0132,2,0.05
O02206,P0039,2,0.15
O02206,P0192,2,0.2
O02207,P0032,2,0.15
O02208,P0168,2,0.1
O02208,P0177,2,0.15
O02209,P0045,2,0.05
O02209,P0117,1,0.1
O02210,P0013,1,0.0
O02210,P0041,1,0.1
O02210,P0169,1,0.05
O02211,P0057,1,0.15
O02211,P0103,4,0.0
O02211,P0183,5,0.0
O02212,P0005,1,0.05
O02212,P0188,1,0.2
O02212,P0020,1,0.1
O02213,P0200,2,0.0
O02214,P0197,1,0.05
O02215,P0059,4,0.05
O02215,P0079,2,0.0
O02215,P0157,1,0.0
O02216,P0005,1,0.0
O02216,P0122,1,0.2
O02216,P0152,1,0.15
O02216,P0163,1,0.0
O02217,P0044,2,0.15
O02218,P0086,1,0.05
O02218,P0020,1,0.0
O02218,P0161,4,0.1
O02218,P0015,3,0.05
O02219,P0073,5,0.05
O02219,P0077,2,0.05
O02220,P0050,1,0.15
O02220,P0027,1,0.1
O02220,P0019,1,0.05
O02220,P0141,5,0.0
O02221,P0051,4,0.15
O02222,P0049,2,0.05
O02223,P0170,3,0.0
O02223,P0125,1,0.15
O02223,P0184,3,0.0
O02223,P0124,2,0.05
O02224,P0099,1,0.0
O02225,P0016,3,0.05
O02225,P0031,2,0.1
O02225,P0100,1,0.05
O02225,P0087,1,0.0
O02226,P0019,1,0.05
O02227,P0111,1,0.0
O02228,P0002,1,0.2
O02229,P0033,3,0.2
O02230,P0164,1,0.05
O02230,P0113,1,0.0
O02231,P0050,2,0.1
O02231,P0082,1,0.0
O02231,P0032,1,0.1
O02232,P0197,1,0.0
O02232,P0177,1,0.05
O02232,P0150,4,0.05
O02232,P0188,1,0.0
O02233,P0070,2,0.0
O02233,P0095,1,0.0
O02234,P0185,1,0.05
O02235,P0125,1,0.0
O02236,P0074,2,0.1
O02237,P0197,2,0.05
O02237,P0177,4,0.05
O02238,P0116,3,0.1
O02238,P0013,3,0.0
O02239,P0027,1,0.1
O02239,P0105,1,0.05
O02240,P0078,4,0.15
O02240,P0134,2,0.0
O02241,P0167,1,0.0
O02242,P0120,1,0.1
O02242,P0022,4,0.05
O02243,P0171,1,0.05
O02244,P0010,2,0.0
O02244,P0046,3,0.15
O02245,P0190,3,0.1
O02245,P0123,2,0.05
O02245,P0085,2,0.0
O02246,P0019,1,0.05
O02246,P0094,4,0.2
O02247,P0075,1,0.0
O02247,P0128,2,0.0
O02247,P0153,3,0.2
O02247,P0162,1,0.0
O02248,P0161,2,0.1
O02248,P0051,3,0.0
O02248,P0105,5,0.1
O02249,P0037,1,0.1
O02249,P0080,1,0.05
O02250,P0062,1,0.0
O02250,P0197,1,0.0
O02251,P0119,1,0.05
O02251,P0142,2,0.1
O02252,P0141,1,0.0
O02252,P0180,2,0.05
O02252,P0192,2,0.1
O02252,P0198,2,0.0
O02253,P0140,4,0.05
O02253,P0176,2,0.15
O02253,P0112,3,0.05
O02254,P0119,3,0.0
O02254,P0022,2,0.1
O02255,P0070,3,0.0
O02256,P0093,1,0.0
O02256,P0169,2,0.15
O02257,P0052,1,0.0
O02257,P0070,2,0.2
O02258,P0056,2,0.1
O02258,P0038,1,0.15
O02258,P0019,2,0.05
O02259,P0035,4,0.0
O02259,P0075,1,0.1
O02259,P0038,1,0.05
O02260,P0151,2,0.2
O02260,P0182,2,0.2
O02260,P0018,2,0.0
O02261,P0192,1,0.0
O02262,P0121,4,0.15
O02262,P0011,2,0.0
O02263,P0020,2,0.0
O02263,P0057,1,0.2
O02264,P0115,2,0.1
O02265,P0041,2,0.05
O02265,P0038,2,0.0
O02266,P0170,1,0.1
O02266,P0117,1,0.1
O02267,P0147,3,0.0
O02267,P0107,4,0.1
O02267,P0166,1,0.0
O02268,P0082,1,0.15
O02268,P0051,1,0.0
O02268,P0100,1,0.05
O02269,P0029,2,0.0
O02269,P0200,2,0.1
O02270,P0125,1,0.15
O02270,P0098,1,0.15
O02271,P0182,2,0.0
O02271,P0121,3,0.0
O02272,P0063,1,0.15
O02273,P0078,1,0.0
O02273,P0037,1,0.0
O02273,P0017,4,0.05
O02274,P0187,3,0.1
O02275,P0099,1,0.0
O02276,P0035,1,0.0
O02277,P0007,3,0.05
O02277,P0083,1,0.0
O02277,P0066,1,0.0
O02278,P0137,2,0.1
O02279,P0165,2,0.05
O02279,P0186,1,0.05
O02280,P0030,2,0.0
O02280,P0074,1,0.0
O02280,P0106,1,0.05
O02280,P0133,1,0.05
O02281,P0061,1,0.0
O02282,P0184,3,0.0
O02283,P0108,5,0.0
O02283,P0190,1,0.1
O02284,P0183,2,0.1
O02284,P0001,1,0.1
O02285,P0020,1,0.2
O02286,P0007,4,0.0
O02287,P0048,1,0.0
O02287,P0141,1,0.0
O02288,P0034,1,0.1
O02289,P0183,1,0.05
O02289,P0190,1,0.0
O02290,P0056,1,0.15
O02290,P0055,3,0.05
O02291,P0140,2,0.0
O02291,P0177,4,0.05
O02292,P0041,3,0.0
O02292,P0086,2,0.15
O02293,P0085,3,0.0
O02293,P0023,1,0.0
O02294,P0192,4,0.0
O02294,P0172,1,0.0
O02294,P0026,5,0.0
O02295,P0155,2,0.0
O02295,P0084,1,0.05
O02295,P0195,1,0.05
O02296,P0102,2,0.0
O02297,P0003,1,0.05
O02298,P0030,2,0.05
O02299,P0177,1,0.0
O02300,P0094,4,0.0
O02300,P0102,3,0.0
O02300,P0004,1,0.05
O02301,P0162,1,0.1
O02301,P0188,4,0.1
O02302,P0181,2,0.0
O02302,P0032,1,0.0
O02303,P0060,1,0.2
O02303,P0069,1,0.05
O02303,P0161,4,0.15
O02304,P0159,3,0.05
O02304,P0092,1,0.05
O02304,P0069,3,0.0
O02305,P0192,1,0.05
O02305,P0142,1,0.0
O02305,P0034,1,0.0
O02306,P0081,4,0.05
O02307,P0052,2,0.05
O02307,P0196,1,0.0
O02307,P0130,1,0.0
O02308,P0055,1,0.05
O02308,P0159,1,0.05
O02308,P0161,1,0.05
O02309,P0092,1,0.05
O02309,P0059,2,0.2
O02309,P0130,1,0.05
O02310,P0026,2,0.0
O02310,P0106,1,0.0
O02311,P0137,1,0.05
O02311,P0038,1,0.2
O02312,P0180,2,0.05
O02312,P0102,3,0.0
O02313,P0095,1,0.0
O02313,P0182,1,0.0
O02313,P0074,1,0.0
O02314,P0002,1,0.05
O02315,P0055,2,0.0
O02316,P0115,2,0.1
O02317,P0095,1,0.1
O02318,P0171,2,0.15
O02318,P0102,2,0.05
O02319,P0037,2,0.0
O02319,P0045,4,0.05
O02320,P0182,2,0.2
O02321,P0053,1,0.05
O02321,P0076,1,0.0
O02321,P0082,2,0.0
O02322,P0096,3,0.0
O02322,P0014,4,0.05
O02323,P0107,1,0.1
O02324,P0150,3,0.1
O02324,P0102,1,0.05
O02325,P0182,1,0.05
O02325,P0123,2,0.1
O02326,P0105,2,0.15
O02327,P0014,1,0.1
O02327,P0029,1,0.15
O02328,P0169,1,0.0
O02328,P0161,1,0.05
O02328,P0199,2,0.0
O02329,P0022,2,0.0
O02329,P0071,3,0.0
O02329,P0031,1,0.1
O02330,P0184,1,0.0
O02330,P0150,1,0.2
O02331,P0006,5,0.0
O02331,P0064,1,0.0
O02332,P0129,3,0.0
O02332,P0199,2,0.0
O02333,P0132,1,0.1
O02333,P0051,2,0.1
O02334,P0092,1,0.1
O02334,P0198,2,0.05
O02335,P0024,2,0.05
O02336,P0052,2,0.1
O02336,P0022,1,0.0
O02337,P0178,2,0.0
O02338,P0035,3,0.15
O02339,P0153,1,0.0
O02339,P0018,3,0.1
O02339,P0117,1,0.0
O02340,P0016,2,0.15
O02340,P0175,1,0.0
O02341,P0146,1,0.1
O02342,P0044,2,0.0
O02343,P0127,3,0.05
O02343,P0177,1,0.0
O02343,P0086,1,0.05
O02344,P0033,2,0.0
O02345,P0110,2,0.15
O02345,P0096,4,0.05
O02346,P0046,4,0.1
O02346,P0157,1,0.0
O02347,P0021,4,0.0
O02347,P0071,2,0.15
O02348,P0023,3,0.0
O02348,P0164,2,0.2
O02349,P0195,1,0.05
O02349,P0122,3,0.05
O02349,P0104,2,0.0
O02350,P0077,4,0.1
O02350,P0097,3,0.1
O02351,P0149,4,0.05
O02351,P0152,1,0.0
O02352,P0050,2,0.05
O02352,P0193,2,0.1
O02353,P0132,1,0.05
O02354,P0041,1,0.05
O02354,P0011,1,0.0
O02355,P0123,1,0.0
O02355,P0095,2,0.05
O02356,P0042,2,0.1
O02356,P0009,1,0.0
O02356,P0073,1,0.15
O02357,P0064,2,0.1
O02357,P0196,1,0.0
O02357,P0193,1,0.05
O02358,P0146,1,0.05
O02358,P0064,1,0.1
O02358,P0137,1,0.0
O02358,P0007,2,0.05
O02359,P0139,2,0.0
O02359,P0067,3,0.1
O02359,P0130,5,0.05
O02360,P0141,1,0.05
O02360,P0143,1,0.0
O02360,P0165,3,0.0
O02361,P0183,3,0.0
O02361,P0159,3,0.15
O02361,P0007,1,0.0
O02362,P0149,1,0.0
O02363,P0131,2,0.05
O02363,P0051,3,0.05
O02364,P0145,1,0.05
O02365,P0135,3,0.05
O02365,P0162,1,0.1
O02366,P0152,3,0.0
O02366,P0161,1,0.0
O02367,P0137,2,0.0
O02368,P0086,2,0.0
O02368,P0055,1,0.1
O02368,P0112,1,0.0
O02369,P0044,1,0.0
O02369,P0003,2,0.0
O02370,P0130,2,0.0
O02370,P0175,5,0.1
O02370,P0036,1,0.05
O02371,P0126,1,0.0
O02372,P0137,1,0.0
O02372,P0078,4,0.0
O02372,P0161,2,0.0
O02373,P0198,4,0.05
O02373,P0072,1,0.0
O02373,P0127,2,0.0
O02374,P0053,1,0.1
O02374,P0005,1,0.0
O02375,P0178,3,0.1
O02375,P0132,1,0.05
O02375,P0042,1,0.15
O02376,P0005,4,0.0
O02376,P0147,1,0.05
O02377,P0135,2,0.0
O02377,P0151,2,0.05
O02377,P0087,4,0.0
O02378,P0040,1,0.15
O02378,P0196,3,0.15
O02379,P0148,2,0.0
O02380,P0067,1,0.0
O02380,P0093,2,0.0
O02381,P0198,2,0.05
O02381,P0153,1,0.1
O02382,P0051,1,0.1
O02382,P0088,1,0.05
O02383,P0012,4,0.0
O02384,P0084,1,0.2
O02384,P0055,1,0.0
O02385,P0122,1,0.0
O02385,P0187,1,0.0
O02386,P0057,2,0.0
O02386,P0054,2,0.0
O02387,P0051,1,0.1
O02387,P0064,1,0.05
O02388,P0122,1,0.05
O02389,P0141,2,0.0
O02389,P0123,1,0.0
O02389,P0045,2,0.0
O02390,P0130,2,0.1
O02391,P0012,1,0.2
O02391,P0180,2,0.0
O02392,P0131,1,0.0
O02393,P0185,3,0.15
O02393,P0017,1,0.0
O02393,P0010,2,0.0
O02394,P0108,1,0.2
O02395,P0069,3,0.15
O02395,P0031,2,0.15
O02396,P0110,4,0.0
O02396,P0119,2,0.0
O02396,P0127,1,0.0
O02397,P0129,1,0.1
O02398,P0158,1,0.0
O02398,P0148,2,0.0
O02398,P0105,1,0.0
O02398,P0200,2,0.0
O02399,P0054,3,0.15
O02399,P0095,1,0.0
O02399,P0111,2,0.2
O02400,P0091,2,0.0
O02401,P0130,1,0.0
O02401,P0158,1,0.0
O02401,P0190,1,0.0
O02401,P0192,1,0.05
O02402,P0011,2,0.05
O02403,P0109,5,0.0
O02404,P0193,3,0.05
O02404,P0041,3,0.05
O02404,P0061,5,0.0
O02405,P0158,2,0.0
O02406,P0025,1,0.2
O02406,P0022,2,0.0
O02406,P0171,2,0.05
O02407,P0027,4,0.15
O02407,P0049,1,0.05
O02407,P0134,2,0.0
O02408,P0031,1,0.1
O02409,P0014,1,0.0
O02409,P0070,1,0.0
O02409,P0191,1,0.1
O02410,P0093,3,0.05
O02410,P0057,3,0.0
O02411,P0189,2,0.05
O02411,P0185,1,0.0
O02412,P0124,1,0.1
O02413,P0153,3,0.0
O02413,P0175,1,0.0
O02414,P0140,3,0.05
O02415,P0018,3,0.05
O02415,P0002,1,0.1
O02415,P0049,5,0.0
O02416,P0185,1,0.05
O02416,P0145,1,0.0
O02417,P0014,1,0.0
O02418,P0097,1,0.0
O02418,P0006,1,0.0
O02419,P0153,1,0.05
O02420,P0008,1,0.1
O02421,P0061,2,0.0
O02422,P0054,4,0.2
O02422,P0199,1,0.15
O02423,P0097,1,0.0
O02424,P0091,3,0.0
O02425,P0193,1,0.0
O02425,P0102,1,0.0
O02426,P0011,2,0.0
O02426,P0044,2,0.1
O02427,P0165,3,0.0
O02427,P0093,1,0.0
O02428,P0088,2,0.0
O02428,P0174,5,0.0
O02429,P0127,1,0.15
O02430,P0107,1,0.0
O02430,P0121,1,0.05
O02431,P0121,1,0.0
O02432,P0136,1,0.15
O02433,P0140,1,0.0
O02433,P0192,2,0.0
O02434,P0123,1,0.1
O02434,P0041,4,0.0
O02435,P0008,1,0.0
O02435,P0063,3,0.15
O02436,P0058,1,0.1
O02437,P0092,2,0.0
O02437,P0057,2,0.0
O02438,P0163,1,0.0
O02439,P0021,2,0.05
O02439,P0089,1,0.0
O02439,P0163,1,0.05
O02440,P0031,3,0.0
O02440,P0109,1,0.0
O02440,P0169,1,0.0
O02441,P0014,2,0.0
O02441,P0065,5,0.2
O02442,P0149,1,0.0
O02442,P0088,1,0.1
O02442,P0050,1,0.05
O02443,P0122,2,0.1
O02443,P0186,1,0.0
O02443,P0075,1,0.05
O02444,P0006,1,0.1
O02445,P0143,2,0.1
O02445,P0059,2,0.0
O02445,P0149,1,0.1
O02446,P0103,1,0.1
O02446,P0200,2,0.1
O02447,P0196,3,0.05
O02447,P0178,1,0.05
O02448,P0156,2,0.1
O02448,P0041,2,0.05
O02449,P0142,5,0.0
O02449,P0014,3,0.0
O02449,P0161,1,0.0
O02450,P0161,1,0.15
O02451,P0115,3,0.2
O02451,P0088,3,0.1
O02452,P0175,2,0.0
O02453,P0071,1,0.15
O02454,P0019,1,0.0
O02454,P0119,3,0.0
O02455,P0039,1,0.05
O02455,P0001,1,0.1
O02456,P0006,2,0.05
O02457,P0195,2,0.0
O02457,P0093,1,0.0
O02458,P0001,1,0.1
O02458,P0072,2,0.0
O02459,P0168,1,0.05
O02459,P0170,1,0.0
O02460,P0086,2,0.0
O02460,P0191,2,0.05
O02461,P0056,2,0.05
O02461,P0042,1,0.0
O02461,P0044,2,0.15
O02462,P0108,1,0.05
O02462,P0016,1,0.1
O02462,P0131,2,0.1
O02463,P0050,3,0.05
O02464,P0087,2,0.05
O02464,P0127,1,0.0
O02464,P0181,3,0.0
O02465,P0176,3,0.15
O02465,P0040,1,0.0
O02466,P0087,2,0.0
O02466,P0104,1,0.05
O02467,P0039,2,0.1
O02467,P0111,1,0.0
O02468,P0163,2,0.15
O02469,P0137,1,0.05
O02469,P0126,1,0.1
O02469,P0052,2,0.0
O02470,P0096,3,0.0
O02470,P0055,1,0.0
O02471,P0061,2,0.05
O02471,P0153,1,0.0
O02471,P0002,1,0.0
O02471,P0093,1,0.1
O02472,P0098,1,0.0
O02472,P0148,1,0.0
O02472,P0042,1,0.05
O02473,P0018,1,0.0
O02473,P0012,4,0.2
O02474,P0076,1,0.0
O02475,P0117,1,0.1
O02475,P0084,3,0.0
O02475,P0188,1,0.15
O02476,P0105,2,0.0
O02476,P0143,1,0.0
O02476,P0091,2,0.05
O02476,P0098,4,0.0
O02477,P0061,1,0.15
O02477,P0159,2,0.05
O02477,P0104,3,0.05
O02478,P0136,1,0.0
O02479,P0138,1,0.15
O02479,P0093,1,0.05
O02479,P0190,4,0.1
O02480,P0013,1,0.05
O02480,P0091,3,0.1
O02480,P0113,4,0.0
O02481,P0135,1,0.1
O02481,P0167,1,0.0
O02482,P0079,3,0.0
O02482,P0094,1,0.15
O02483,P0092,2,0.0
O02484,P0088,2,0.15
O02485,P0112,1,0.0
O02485,P0060,1,0.05
O02486,P0136,1,0.1
O02487,P0193,2,0.05
O02487,P0182,4,0.1
O02488,P0159,3,0.0
O02489,P0198,3,0.1
O02489,P0110,2,0.05
O02489,P0124,3,0.05
O02490,P0041,2,0.1
O02490,P0067,1,0.0
O02490,P0016,3,0.05
O02491,P0122,3,0.0
O02492,P0067,4,0.1
O02492,P0190,2,0.1
O02493,P0155,4,0.1
O02493,P0051,1,0.0
O02493,P0152,2,0.0
O02494,P0195,2,0.0
O02494,P0058,1,0.0
O02495,P0138,2,0.05
O02495,P0054,1,0.0
O02496,P0067,2,0.0
O02496,P0174,1,0.05
O02497,P0175,1,0.1
O02497,P0144,1,0.15
O02497,P0021,2,0.0
O02498,P0159,1,0.0
O02498,P0043,2,0.05
O02499,P0128,2,0.0
O02500,P0086,5,0.05
O02500,P0076,4,0.2
O02500,P0114,1,0.0
O02501,P0020,3,0.1
O02501,P0014,1,0.05
O02501,P0003,2,0.0
O02502,P0129,1,0.05
O02503,P0059,2,0.0
O02503,P0109,2,0.0
O02504,P0199,2,0.05
O02505,P0132,3,0.0
O02505,P0188,1,0.05
O02505,P0117,4,0.0
O02506,P0028,1,0.0
O02506,P0138,1,0.0
O02507,P0043,2,0.0
O02508,P0051,1,0.0
O02508,P0165,2,0.1
O02509,P0073,3,0.0
O02509,P0048,2,0.05
O02510,P0170,1,0.0
O02511,P0050,1,0.05
O02512,P0082,2,0.0
O02512,P0024,2,0.0
O02513,P0086,1,0.05
O02514,P0189,4,0.0
O02515,P0135,3,0.0
O02515,P0072,1,0.15
O02516,P0178,3,0.05
O02517,P0180,5,0.0
O02518,P0036,1,0.0
O02518,P0200,1,0.0
O02519,P0102,2,0.05
O02519,P0083,1,0.0
O02519,P0164,2,0.2
O02520,P0182,3,0.05
O02520,P0078,2,0.0
O02521,P0054,1,0.0
O02521,P0155,3,0.05
O02521,P0122,1,0.0
O02522,P0081,1,0.0
O02523,P0038,2,0.05
O02523,P0123,1,0.1
O02524,P0098,1,0.0
O02524,P0144,1,0.05
O02524,P0091,1,0.05
O02524,P0142,4,0.05
O02525,P0017,1,0.05
O02526,P0042,4,0.05
O02526,P0020,1,0.0
O02527,P0070,3,0.05
O02528,P0144,1,0.05
O02528,P0006,1,0.05
O02528,P0048,3,0.0
O02529,P0055,1,0.05
O02529,P0192,1,0.05
O02529,P0011,1,0.0
O02530,P0084,2,0.0
O02531,P0166,1,0.0
O02532,P0041,1,0.0
O02532,P0134,3,0.15
O02533,P0125,1,0.0
O02533,P0053,1,0.0
O02533,P0004,4,0.0
O02533,P0007,1,0.0
O02534,P0093,2,0.05
O02534,P0044,4,0.0
O02535,P0032,2,0.05
O02536,P0136,1,0.15
O02536,P0025,1,0.0
O02537,P0184,2,0.0
O02538,P0076,1,0.05
O02538,P0198,2,0.0
O02538,P0147,1,0.05
O02539,P0166,2,0.05
O02539,P0109,1,0.2
O02539,P0050,2,0.0
O02540,P0181,2,0.0
O02541,P0185,3,0.05
O02542,P0147,1,0.05
O02543,P0075,4,0.0
O02544,P0069,1,0.05
O02544,P0136,2,0.0
O02545,P0171,3,0.1
O02545,P0145,5,0.1
O02546,P0054,1,0.1
O02546,P0031,2,0.05
O02546,P0004,1,0.0
O02547,P0092,1,0.0
O02548,P0121,4,0.0
O02549,P0101,1,0.0
O02549,P0077,3,0.15
O02549,P0005,2,0.0
O02550,P0099,1,0.15
O02551,P0191,1,0.0
O02551,P0098,1,0.15
O02551,P0087,1,0.0
O02552,P0158,1,0.1
O02552,P0043,3,0.05
O02552,P0033,1,0.0
O02552,P0175,2,0.0
O02553,P0172,3,0.0
O02554,P0171,1,0.05
O02555,P0081,1,0.15
O02555,P0148,2,0.1
O02556,P0171,1,0.05
O02556,P0028,1,0.0
O02557,P0115,1,0.1
O02557,P0082,2,0.1
O02557,P0025,2,0.0
O02558,P0186,2,0.0
O02559,P0035,1,0.1
O02559,P0073,2,0.05
O02560,P0066,4,0.0
O02560,P0129,1,0.0
O02561,P0077,2,0.15
O02561,P0001,1,0.0
O02562,P0012,2,0.0
O02563,P0136,1,0.05
O02563,P0093,2,0.05
O02563,P0059,1,0.0
O02564,P0035,2,0.05
O02564,P0195,1,0.05
O02565,P0087,2,0.05
O02566,P0148,3,0.05
O02566,P0071,2,0.0
O02567,P0012,1,0.1
O02567,P0015,2,0.1
O02568,P0155,2,0.1
O02569,P0003,2,0.1
O02570,P0006,1,0.05
O02571,P0018,1,0.2
O02572,P0113,2,0.0
O02572,P0100,1,0.05
O02572,P0076,4,0.0
O02572,P0101,1,0.1
O02573,P0179,2,0.05
O02574,P0065,1,0.05
O02574,P0020,2,0.15
O02575,P0104,1,0.05
O02575,P0098,1,0.0
O02576,P0036,1,0.0
O02576,P0163,2,0.05
O02577,P0167,2,0.0
O02578,P0009,2,0.0
O02578,P0120,1,0.05
O02579,P0197,1,0.05
O02579,P0055,1,0.0
O02580,P0135,3,0.0
O02580,P0192,2,0.0
O02580,P0067,3,0.0
O02581,P0007,1,0.05
O02581,P0169,1,0.05
O02581,P0074,2,0.15
O02581,P0167,1,0.05
O02582,P0121,1,0.0
O02582,P0026,1,0.05
O02582,P0117,2,0.0
O02583,P0129,2,0.0
O02583,P0100,4,0.0
O02583,P0200,1,0.05
O02584,P0074,3,0.0
O02585,P0114,1,0.1
O02586,P0006,1,0.05
O02586,P0196,1,0.1
O02586,P0181,4,0.0
O02587,P0090,3,0.15
O02587,P0172,2,0.15
O02588,P0179,1,0.05
O02588,P0196,2,0.05
O02588,P0026,1,0.05
O02588,P0098,2,0.0
O02589,P0109,5,0.1
O02589,P0133,1,0.0
O02589,P0114,2,0.05
O02590,P0130,4,0.05
O02590,P0131,1,0.15
O02591,P0117,1,0.0
O02592,P0090,2,0.05
O02592,P0047,3,0.05
O02593,P0072,3,0.1
O02593,P0067,3,0.2
O02594,P0097,1,0.0
O02594,P0067,3,0.0
O02594,P0183,2,0.15
O02594,P0139,3,0.0
O02595,P0030,2,0.1
O02596,P0121,2,0.05
O02596,P0037,5,0.05
O02596,P0001,1,0.0
O02597,P0131,1,0.05
O02597,P0124,3,0.1
O02598,P0128,2,0.0
O02598,P0021,1,0.05
O02598,P0198,3,0.0
O02599,P0045,1,0.15
O02599,P0017,4,0.1
O02600,P0075,4,0.0
O02601,P0021,1,0.0
O02602,P0009,1,0.15
O02603,P0181,2,0.2
O02603,P0195,1,0.1
O02603,P0183,1,0.0
O02604,P0132,4,0.0
O02604,P0011,1,0.1
O02605,P0034,3,0.1
O02605,P0042,3,0.0
O02606,P0092,1,0.0
O02607,P0131,1,0.0
O02607,P0083,5,0.05
O02608,P0170,1,0.1
O02608,P0080,1,0.0
O02609,P0146,1,0.0
O02610,P0198,2,0.0
O02610,P0191,2,0.0
O02611,P0018,2,0.0
O02611,P0021,2,0.05
O02612,P0129,2,0.05
O02612,P0057,2,0.0
O02613,P0105,1,0.05
O02613,P0072,2,0.1
O02614,P0096,1,0.15
O02614,P0092,2,0.0
O02614,P0015,2,0.05
O02615,P0183,4,0.05
O02615,P0019,3,0.05
O02616,P0144,2,0.0
O02616,P0121,2,0.05
O02617,P0003,2,0.05
O02617,P0112,1,0.0
O02618,P0119,1,0.15
O02618,P0058,1,0.1
O02619,P0168,2,0.1
O02620,P0009,2,0.05
O02621,P0033,1,0.1
O02621,P0121,4,0.0
O02622,P0123,1,0.15
O02622,P0200,2,0.0
O02622,P0178,5,0.0
O02623,P0093,4,0.0
O02624,P0175,2,0.05
O02624,P0040,2,0.05
O02624,P0026,1,0.0
O02625,P0006,2,0.0
O02626,P0053,2,0.15
O02626,P0119,1,0.1
O02627,P0121,4,0.0
O02628,P0037,2,0.05
O02628,P0142,3,0.1
O02629,P0035,2,0.2
O02629,P0024,2,0.0
O02630,P0050,1,0.2
O02630,P0011,1,0.1
O02630,P0167,1,0.1
O02630,P0190,1,0.05
O02631,P0009,5,0.05
O02631,P0083,1,0.05
O02632,P0056,1,0.0
O02632,P0093,1,0.0
O02632,P0051,1,0.0
O02633,P0098,2,0.1
O02633,P0113,1,0.05
O02634,P0132,2,0.15
O02635,P0068,1,0.0
O02635,P0122,2,0.0
O02635,P0161,1,0.1
O02636,P0119,2,0.05
O02636,P0028,3,0.1
O02637,P0187,1,0.1
O02637,P0111,2,0.05
O02638,P0153,1,0.0
O02638,P0015,1,0.05
O02639,P0141,3,0.0
O02639,P0133,1,0.05
O02640,P0077,1,0.15
O02640,P0157,2,0.0
O02641,P0153,1,0.05
O02641,P0010,2,0.05
O02642,P0086,3,0.0
O02642,P0100,1,0.05
O02643,P0080,2,0.2
O02643,P0118,3,0.1
O02644,P0025,4,0.0
O02644,P0199,2,0.1
O02645,P0176,2,0.0
O02645,P0139,2,0.0
O02645,P0043,1,0.05
O02646,P0046,3,0.0
O02646,P0058,2,0.15
O02647,P0190,2,0.0
O02647,P0105,1,0.05
O02647,P0168,1,0.1
O02648,P0020,1,0.15
O02648,P0068,5,0.05
O02649,P0197,4,0.05
O02650,P0011,1,0.15
O02651,P0102,2,0.1
O02651,P0041,3,0.05
O02651,P0151,2,0.1
O02651,P0083,3,0.0
O02652,P0144,4,0.05
O02652,P0162,1,0.0
O02653,P0110,1,0.0
O02653,P0089,1,0.1
O02653,P0104,2,0.0
O02654,P0084,1,0.0
O02654,P0098,2,0.05
O02655,P0116,1,0.05
O02655,P0148,1,0.0
O02656,P0161,1,0.05
O02656,P0066,1,0.1
O02656,P0130,2,0.15
O02657,P0027,4,0.0
O02657,P0182,1,0.05
O02658,P0067,1,0.0
O02658,P0113,2,0.15
O02659,P0082,3,0.2
O02659,P0103,2,0.05
O02660,P0089,1,0.0
O02660,P0042,1,0.0
O02660,P0106,1,0.05
O02661,P0141,3,0.0
O02661,P0124,5,0.0
O02662,P0154,2,0.15
O02662,P0187,3,0.0
O02663,P0099,1,0.15
O02663,P0063,1,0.2
O02664,P0082,3,0.0
O02664,P0161,2,0.05
O02664,P0023,1,0.05
O02665,P0049,2,0.15
O02665,P0038,4,0.05
O02665,P0005,4,0.05
O02666,P0094,2,0.0
O02667,P0177,1,0.0
O02667,P0047,2,0.0
O02668,P0002,1,0.05
O02668,P0083,1,0.15
O02668,P0031,1,0.0
O02669,P0001,1,0.1
O02669,P0083,1,0.05
O02670,P0124,1,0.05
O02670,P0193,2,0.0
O02671,P0098,2,0.05
O02671,P0184,1,0.05
O02672,P0035,2,0.0
O02672,P0009,2,0.05
O02673,P0081,1,0.0
O02673,P0090,2,0.05
O02673,P0032,1,0.0
O02674,P0100,2,0.05
O02675,P0031,3,0.1
O02675,P0012,1,0.05
O02675,P0011,3,0.0
O02676,P0038,1,0.0
O02677,P0096,1,0.1
O02678,P0043,1,0.05
O02678,P0038,1,0.0
O02678,P0041,1,0.05
O02678,P0191,2,0.0
O02679,P0096,3,0.0
O02680,P0103,1,0.1
O02680,P0180,1,0.0
O02681,P0169,1,0.1
O02682,P0188,1,0.05
O02683,P0150,4,0.2
O02683,P0052,4,0.0
O02683,P0032,1,0.05
O02684,P0174,4,0.05
O02685,P0114,1,0.05
O02686,P0184,2,0.0
O02686,P0135,1,0.05
O02687,P0111,1,0.0
O02687,P0052,1,0.0
O02688,P0133,1,0.05
O02688,P0031,3,0.05
O02689,P0172,1,0.05
O02689,P0187,2,0.0
O02689,P0061,2,0.05
O02690,P0147,3,0.2
O02690,P0109,1,0.05
O02691,P0131,1,0.0
O02691,P0187,1,0.0
O02692,P0049,1,0.0
O02693,P0014,1,0.1
O02694,P0192,1,0.15
O02694,P0105,1,0.0
O02695,P0003,1,0.1
O02696,P0070,2,0.0
O02696,P0094,2,0.0
O02697,P0184,2,0.15
O02697,P0052,2,0.05
O02697,P0131,1,0.0
O02698,P0122,3,0.05
O02698,P0031,4,0.05
O02699,P0040,1,0.05
O02699,P0003,2,0.05
O02700,P0189,2,0.0
O02700,P0121,1,0.0
O02700,P0095,3,0.0
O02701,P0164,1,0.05
O02701,P0141,1,0.0
O02701,P0097,2,0.05
O02701,P0058,5,0.0
O02702,P0080,2,0.0
O02702,P0064,1,0.0
O02703,P0120,1,0.0
O02704,P0043,2,0.15
O02704,P0074,1,0.0
O02705,P0079,1,0.15
O02706,P0008,1,0.0
O02707,P0156,3,0.0
O02708,P0134,2,0.2
O02708,P0076,1,0.05
O02709,P0179,1,0.0
O02709,P0046,1,0.05
O02710,P0010,2,0.0
O02711,P0126,2,0.0
O02712,P0055,1,0.15
O02712,P0126,1,0.05
O02712,P0050,2,0.05
O02713,P0060,3,0.1
O02713,P0163,1,0.1
O02714,P0195,2,0.05
O02714,P0117,3,0.05
O02715,P0047,1,0.0
O02715,P0164,1,0.1
O02715,P0034,2,0.2
O02716,P0175,3,0.1
O02716,P0158,1,0.05
O02717,P0141,3,0.1
O02717,P0186,1,0.1
O02717,P0046,5,0.05
O02717,P0005,2,0.0
O02718,P0147,1,0.0
O02719,P0065,1,0.2
O02720,P0132,1,0.1
O02720,P0064,2,0.0
O02720,P0170,2,0.05
O02721,P0153,3,0.1
O02721,P0056,2,0.0
O02721,P0132,5,0.15
O02722,P0129,2,0.05
O02722,P0087,3,0.0
O02723,P0161,2,0.0
O02723,P0060,3,0.0
O02724,P0179,3,0.0
O02724,P0147,2,0.05
O02725,P0161,2,0.0
O02725,P0137,5,0.0
O02726,P0031,1,0.1
O02726,P0185,2,0.0
O02726,P0050,3,0.05
O02726,P0015,2,0.1
O02727,P0016,1,0.0
O02727,P0173,1,0.0
O02728,P0198,3,0.1
O02728,P0121,2,0.1
O02728,P0150,3,0.05
O02729,P0151,1,0.0
O02729,P0005,1,0.0
O02730,P0101,5,0.0
O02731,P0130,2,0.0
O02731,P0151,2,0.0
O02731,P0138,1,0.1
O02732,P0069,1,0.05
O02733,P0149,3,0.1
O02733,P0159,4,0.0
O02734,P0129,3,0.1
O02734,P0043,1,0.05
O02735,P0161,1,0.0
O02736,P0035,1,0.1
O02737,P0098,1,0.1
O02737,P0124,1,0.0
O02737,P0182,1,0.05
O02738,P0095,2,0.15
O02738,P0182,3,0.0
O02739,P0033,4,0.0
O02739,P0077,1,0.1
O02739,P0187,2,0.05
O02740,P0021,1,0.05
O02740,P0012,2,0.0
O02741,P0183,2,0.0
O02742,P0046,1,0.1
O02743,P0076,2,0.0
O02744,P0072,1,0.1
O02744,P0050,1,0.0
O02744,P0161,2,0.05
O02744,P0164,1,0.0
O02745,P0113,4,0.0
O02745,P0071,2,0.05
O02746,P0091,1,0.15
O02746,P0049,1,0.0
O02747,P0065,2,0.0
O02747,P0153,1,0.1
O02747,P0117,1,0.05
O02748,P0155,1,0.05
O02749,P0158,2,0.1
O02750,P0164,1,0.1
O02750,P0092,1,0.15
O02751,P0046,3,0.05
O02751,P0163,1,0.05
O02751,P0196,1,0.05
O02752,P0030,2,0.2
O02752,P0198,1,0.1
O02753,P0110,1,0.05
O02753,P0171,1,0.15
O02753,P0122,3,0.05
O02754,P0031,2,0.1
O02754,P0056,2,0.0
O02755,P0180,3,0.0
O02755,P0004,1,0.1
O02755,P0200,2,0.15
O02755,P0132,2,0.05
O02756,P0109,1,0.0
O02756,P0098,2,0.2
O02756,P0002,2,0.05
O02757,P0145,2,0.1
O02758,P0184,2,0.0
O02758,P0141,2,0.0
O02759,P0182,2,0.0
O02760,P0036,2,0.05
O02760,P0023,2,0.0
O02761,P0155,1,0.05
O02762,P0023,3,0.05
O02762,P0084,4,0.0
O02762,P0174,2,0.1
O02763,P0014,1,0.05
O02763,P0123,1,0.0
O02763,P0032,3,0.05
O02763,P0108,3,0.0
O02764,P0137,1,0.1
O02764,P0121,1,0.0
O02765,P0092,1,0.05
O02765,P0031,1,0.1
O02765,P0035,4,0.0
O02766,P0187,2,0.05
O02766,P0039,2,0.0
O02767,P0102,1,0.0
O02767,P0158,1,0.0
O02768,P0065,1,0.0
O02769,P0176,2,0.1
O02769,P0019,1,0.15
O02770,P0079,2,0.1
O02771,P0200,1,0.0
O02771,P0149,3,0.15
O02772,P0010,2,0.0
O02772,P0141,1,0.2
O02773,P0165,1,0.1
O02774,P0172,2,0.1
O02774,P0136,3,0.0
O02775,P0143,2,0.0
O02775,P0065,1,0.0
O02776,P0090,4,0.15
O02776,P0043,3,0.05
O02777,P0100,2,0.05
O02777,P0098,2,0.1
O02777,P0051,1,0.0
O02778,P0194,1,0.1
O02778,P0128,3,0.0
O02778,P0182,2,0.15
O02779,P0199,2,0.1
O02779,P0017,2,0.05
O02780,P0165,3,0.05
O02780,P0007,1,0.0
O02780,P0114,2,0.0
O02780,P0124,3,0.1
O02781,P0094,1,0.05
O02781,P0185,1,0.2
O02781,P0031,2,0.2
O02782,P0067,2,0.05
O02782,P0166,1,0.1
O02782,P0188,2,0.0
O02782,P0042,2,0.0
O02783,P0188,3,0.1
O02783,P0015,1,0.0
O02783,P0005,2,0.2
O02784,P0069,2,0.1
O02784,P0124,1,0.0
O02785,P0122,1,0.0
O02785,P0073,3,0.0
O02786,P0096,1,0.05
O02787,P0176,2,0.0
O02787,P0140,1,0.1
O02788,P0113,1,0.0
O02789,P0189,1,0.1
O02789,P0001,1,0.0
O02790,P0098,5,0.05
O02790,P0180,3,0.0
O02791,P0189,1,0.0
O02792,P0018,2,0.15
O02792,P0169,2,0.0
O02793,P0038,2,0.05
O02793,P0166,1,0.0
O02793,P0183,1,0.0
O02794,P0151,1,0.0
O02795,P0068,2,0.15
O02795,P0126,1,0.0
O02796,P0124,3,0.05
O02796,P0198,4,0.05
O02796,P0027,2,0.0
O02797,P0057,1,0.1
O02798,P0003,3,0.2
O02799,P0088,2,0.1
O02799,P0029,2,0.0
O02800,P0020,2,0.0
O02800,P0170,2,0.1
O02801,P0184,2,0.0
O02802,P0080,1,0.0
O02803,P0103,3,0.05
O02804,P0093,1,0.0
O02805,P0130,2,0.0
O02805,P0047,3,0.0
O02806,P0072,1,0.0
O02806,P0001,2,0.05
O02806,P0080,2,0.0
O02807,P0054,4,0.05
O02808,P0194,4,0.1
O02808,P0087,1,0.1
O02808,P0074,2,0.0
O02809,P0031,1,0.15
O02810,P0141,4,0.0
O02810,P0116,3,0.05
O02810,P0111,3,0.0
O02811,P0162,1,0.0
O02811,P0005,2,0.0
O02812,P0101,1,0.0
O02812,P0122,4,0.05
O02812,P0176,2,0.2
O02813,P0045,2,0.05
O02814,P0013,1,0.05
O02815,P0166,1,0.05
O02816,P0059,2,0.05
O02816,P0139,1,0.0
O02817,P0006,1,0.05
O02818,P0082,1,0.0
O02818,P0174,1,0.0
O02819,P0056,1,0.1
O02819,P0141,1,0.05
O02820,P0049,3,0.15
O02820,P0021,1,0.0
O02821,P0170,3,0.0
O02821,P0077,2,0.0
O02822,P0013,1,0.0
O02822,P0088,2,0.0
O02822,P0098,1,0.0
O02823,P0002,3,0.05
O02824,P0077,2,0.05
O02825,P0174,1,0.0
O02825,P0021,3,0.0
O02826,P0078,2,0.0
O02826,P0116,3,0.0
O02826,P0150,2,0.1
O02827,P0074,1,0.2
O02828,P0166,3,0.05
O02828,P0154,3,0.05
O02829,P0197,2,0.2
O02829,P0200,2,0.1
O02830,P0109,1,0.1
O02831,P0086,1,0.0
O02831,P0153,1,0.0
O02831,P0103,2,0.05
O02831,P0134,2,0.0
O02832,P0074,2,0.0
O02832,P0025,3,0.0
O02833,P0176,1,0.0
O02834,P0074,3,0.05
O02834,P0005,1,0.0
O02834,P0039,2,0.1
O02834,P0112,2,0.05
O02835,P0077,1,0.15
O02835,P0090,2,0.1
O02835,P0105,4,0.1
O02836,P0165,1,0.0
O02837,P0057,2,0.1
O02837,P0117,1,0.0
O02838,P0045,1,0.0
O02838,P0057,2,0.1
O02839,P0077,5,0.05
O02840,P0091,1,0.1
O02840,P0118,4,0.05
O02840,P0197,1,0.0
O02840,P0079,1,0.0
O02841,P0144,2,0.05
O02841,P0028,1,0.1
O02841,P0190,1,0.0
O02842,P0155,1,0.0
O02842,P0057,1,0.0
O02842,P0067,2,0.0
O02843,P0073,3,0.05
O02843,P0123,1,0.0
O02844,P0065,2,0.0
O02844,P0135,1,0.1
O02845,P0197,5,0.1
O02846,P0131,1,0.0
O02847,P0062,1,0.05
O02848,P0181,1,0.1
O02848,P0116,1,0.0
O02848,P0047,3,0.0
O02849,P0146,4,0.05
O02849,P0062,2,0.05
O02850,P0091,1,0.15
O02850,P0098,2,0.15
O02851,P0151,4,0.1
O02851,P0051,1,0.0
O02852,P0172,1,0.0
O02852,P0130,1,0.0
O02853,P0106,1,0.0
O02853,P0179,2,0.1
O02853,P0014,1,0.0
O02854,P0106,2,0.0
O02854,P0113,3,0.1
O02854,P0194,1,0.0
O02855,P0185,2,0.1
O02855,P0068,1,0.05
O02856,P0189,2,0.15
O02856,P0176,5,0.05
O02856,P0048,1,0.05
O02857,P0013,2,0.0
O02858,P0200,2,0.0
O02858,P0090,1,0.15
O02858,P0108,1,0.05
O02859,P0163,1,0.0
O02859,P0063,1,0.0
O02859,P0083,4,0.2
O02860,P0072,1,0.0
O02860,P0138,1,0.1
O02861,P0027,1,0.0
O02861,P0005,1,0.05
O02861,P0194,1,0.05
O02861,P0171,4,0.0
O02862,P0172,1,0.05
O02863,P0014,1,0.05
O02863,P0086,3,0.0
O02864,P0092,1,0.1
O02864,P0089,2,0.05
O02864,P0077,1,0.0
O02865,P0063,2,0.05
O02865,P0115,1,0.05
O02865,P0192,1,0.0
O02866,P0118,2,0.1
O02866,P0058,2,0.0
O02867,P0045,4,0.15
O02868,P0194,2,0.1
O02868,P0062,1,0.0
O02869,P0122,1,0.0
O02870,P0129,3,0.05
O02871,P0020,2,0.0
O02871,P0034,1,0.1
O02872,P0051,3,0.05
O02872,P0126,1,0.2
O02872,P0174,2,0.05
O02873,P0046,1,0.0
O02873,P0026,1,0.15
O02874,P0005,2,0.05
O02874,P0118,1,0.15
O02874,P0109,2,0.1
O02875,P0199,2,0.05
O02875,P0192,4,0.05
O02875,P0172,3,0.05
O02876,P0084,1,0.05
O02876,P0077,1,0.0
O02877,P0139,1,0.0
O02877,P0018,1,0.05
O02878,P0108,2,0.05
O02878,P0117,1,0.0
O02879,P0187,2,0.05
O02880,P0016,1,0.15
O02881,P0190,2,0.1
O02882,P0154,5,0.0
O02883,P0194,2,0.05
O02883,P0137,2,0.1
O02884,P0132,4,0.15
O02884,P0180,1,0.2
O02885,P0129,1,0.0
O02885,P0103,4,0.05
O02885,P0119,1,0.1
O02886,P0078,1,0.05
O02886,P0033,3,0.0
O02887,P0084,2,0.1
O02887,P0042,2,0.15
O02888,P0110,1,0.05
O02888,P0165,2,0.05
O02888,P0164,4,0.0
O02889,P0063,1,0.0
O02889,P0052,1,0.0
O02889,P0180,1,0.0
O02890,P0178,2,0.0
O02891,P0139,4,0.1
O02891,P0015,2,0.0
O02892,P0135,2,0.15
O02893,P0074,4,0.1
O02893,P0199,4,0.05
O02894,P0101,4,0.0
O02894,P0177,1,0.1
O02895,P0019,5,0.05
O02896,P0109,1,0.05
O02897,P0077,1,0.0
O02898,P0072,2,0.0
O02898,P0075,1,0.0
O02898,P0002,5,0.0
O02899,P0197,3,0.0
O02899,P0129,1,0.05
O02900,P0093,3,0.05
O02901,P0107,2,0.15
O02902,P0048,2,0.05
O02902,P0057,2,0.05
O02903,P0112,1,0.05
O02903,P0087,1,0.0
O02904,P0163,3,0.15
O02905,P0043,1,0.0
O02905,P0088,1,0.05
O02906,P0168,2,0.15
O02906,P0136,2,0.05
O02907,P0198,1,0.05
O02907,P0003,4,0.0
O02908,P0050,1,0.0
O02909,P0150,1,0.1
O02909,P0007,1,0.0
O02910,P0145,2,0.2
O02910,P0180,1,0.0
O02910,P0174,2,0.0
O02910,P0198,3,0.0
O02911,P0031,1,0.0
O02911,P0111,2,0.0
O02911,P0060,1,0.15
O02912,P0017,1,0.05
O02913,P0184,1,0.15
O02914,P0146,2,0.1
O02915,P0092,2,0.05
O02915,P0041,1,0.1
O02916,P0015,5,0.1
O02917,P0132,1,0.15
O02917,P0112,4,0.0
O02918,P0002,3,0.0
O02918,P0189,1,0.05
O02918,P0075,2,0.05
O02919,P0184,4,0.0
O02919,P0103,4,0.1
O02920,P0175,2,0.0
O02920,P0023,1,0.05
O02920,P0052,2,0.1
O02921,P0046,3,0.1
O02921,P0033,1,0.0
O02922,P0050,1,0.05
O02922,P0198,1,0.0
O02922,P0072,1,0.05
O02923,P0097,1,0.15
O02923,P0180,2,0.0
O02924,P0189,3,0.0
O02924,P0157,2,0.1
O02925,P0119,1,0.0
O02925,P0125,2,0.0
O02925,P0018,3,0.1
O02925,P0146,1,0.0
O02926,P0079,2,0.0
O02926,P0006,2,0.0
O02927,P0185,2,0.1
O02928,P0056,1,0.0
O02929,P0098,2,0.1
O02929,P0018,1,0.05
O02930,P0158,1,0.0
O02931,P0114,2,0.1
O02932,P0111,3,0.0
O02932,P0137,2,0.0
O02932,P0017,2,0.05
O02932,P0087,3,0.0
O02933,P0175,1,0.05
O02933,P0063,1,0.1
O02933,P0088,4,0.05
O02934,P0031,1,0.05
O02934,P0079,1,0.0
O02935,P0103,2,0.1
O02935,P0046,4,0.05
O02936,P0083,3,0.1
O02936,P0181,1,0.05
O02936,P0106,3,0.0
O02937,P0092,2,0.1
O02937,P0070,1,0.15
O02937,P0200,1,0.0
O02938,P0155,4,0.05
O02938,P0028,3,0.05
O02939,P0108,1,0.15
O02939,P0076,5,0.0
O02939,P0084,1,0.0
O02940,P0048,5,0.0
O02940,P0016,2,0.1
O02941,P0049,2,0.15
O02942,P0156,3,0.05
O02942,P0143,1,0.0
O02942,P0028,3,0.0
O02942,P0113,3,0.05
O02943,P0032,2,0.1
O02943,P0081,4,0.05
O02943,P0107,1,0.0
O02944,P0193,2,0.05
O02944,P0150,2,0.0
O02945,P0176,2,0.05
O02945,P0112,2,0.15
O02946,P0165,1,0.1
O02946,P0012,2,0.0
O02946,P0119,2,0.1
O02947,P0172,1,0.0
O02947,P0021,1,0.15
O02948,P0181,2,0.0
O02949,P0131,2,0.05
O02949,P0085,2,0.2
O02950,P0047,5,0.1
O02951,P0040,1,0.1
O02952,P0071,1,0.1
O02953,P0058,2,0.1
O02953,P0042,2,0.05
O02953,P0147,2,0.0
O02954,P0149,4,0.0
O02954,P0123,1,0.0
O02955,P0112,2,0.05
O02955,P0056,2,0.1
O02955,P0083,3,0.0
O02956,P0197,1,0.0
O02956,P0083,1,0.2
O02956,P0026,1,0.15
O02957,P0071,1,0.05
O02957,P0157,1,0.05
O02957,P0019,3,0.0
O02958,P0092,4,0.1
O02959,P0115,1,0.0
O02960,P0019,1,0.1
O02960,P0082,1,0.05
O02960,P0018,1,0.15
O02961,P0150,2,0.15
O02961,P0158,3,0.05
O02961,P0046,1,0.05
O02962,P0135,1,0.0
O02962,P0018,1,0.05
O02962,P0198,1,0.0
O02963,P0150,1,0.0
O02963,P0174,1,0.1
O02963,P0185,1,0.15
O02963,P0072,4,0.05
O02964,P0031,2,0.15
O02965,P0031,1,0.0
O02965,P0094,2,0.1
O02965,P0051,1,0.15
O02966,P0113,1,0.05
O02967,P0004,1,0.05
O02968,P0080,1,0.05
O02968,P0128,3,0.15
O02969,P0019,1,0.0
O02970,P0032,1,0.0
O02970,P0018,1,0.1
O02971,P0172,3,0.15
O02971,P0089,3,0.0
O02972,P0038,4,0.05
O02973,P0189,3,0.0
O02973,P0059,1,0.15
O02973,P0062,3,0.1
O02974,P0077,2,0.0
O02975,P0115,1,0.05
O02975,P0096,3,0.0
O02975,P0181,1,0.0
O02975,P0195,2,0.1
O02976,P0164,2,0.05
O02976,P0191,1,0.1
O02976,P0154,1,0.0
O02977,P0182,1,0.1
O02977,P0174,3,0.05
O02977,P0040,1,0.0
O02978,P0131,2,0.0
O02978,P0056,2,0.1
O02979,P0091,2,0.1
O02979,P0188,1,0.0
O02980,P0069,4,0.1
O02980,P0186,1,0.0
O02980,P0198,2,0.0
O02981,P0165,3,0.05
O02981,P0120,2,0.05
O02982,P0102,1,0.0
O02982,P0157,2,0.2
O02983,P0080,1,0.0
O02983,P0140,1,0.05
O02984,P0193,1,0.05
O02985,P0024,1,0.0
O02986,P0021,2,0.0
O02986,P0072,2,0.0
O02986,P0092,2,0.0
O02987,P0019,2,0.0
O02987,P0172,1,0.0
O02987,P0031,3,0.1
O02988,P0180,1,0.0
O02989,P0050,2,0.0
O02989,P0170,1,0.15
O02989,P0175,2,0.05
O02989,P0085,2,0.0
O02990,P0160,1,0.0
O02990,P0126,1,0.15
O02991,P0143,1,0.0
O02991,P0178,2,0.0
O02992,P0070,1,0.0
O02992,P0120,5,0.2
O02992,P0144,1,0.0
O02992,P0011,1,0.05
O02993,P0090,1,0.05
O02993,P0018,1,0.05
O02994,P0016,1,0.1
O02995,P0010,1,0.05
O02995,P0183,1,0.0
O02996,P0058,2,0.0
O02997,P0054,3,0.0
O02998,P0076,1,0.05
O02998,P0132,2,0.05
O02999,P0134,2,0.0
O02999,P0129,1,0.05
O02999,P0069,1,0.0
O03000,P0175,1,0.0
O03000,P0142,1,0.1
O03000,P0178,1,0.1
O03000,P0026,4,0.0
O03001,P0016,1,0.05
O03001,P0175,1,0.15
O03002,P0111,1,0.0
O03003,P0023,5,0.05
O03004,P0117,1,0.15
O03004,P0188,5,0.0
O03005,P0135,4,0.05
O03006,P0031,1,0.15
O03006,P0114,3,0.1
O03007,P0057,3,0.0
O03008,P0062,3,0.05
O03009,P0078,3,0.0
O03009,P0060,2,0.05
O03010,P0019,1,0.0
O03010,P0013,2,0.0
O03011,P0183,2,0.0
O03011,P0005,1,0.15
O03011,P0076,2,0.05
O03012,P0170,1,0.1
O03012,P0119,2,0.0
O03012,P0036,2,0.05
O03012,P0002,1,0.1
O03013,P0189,2,0.05
O03014,P0050,2,0.05
O03015,P0069,1,0.0
O03016,P0180,3,0.0
O03017,P0005,4,0.0
O03017,P0011,1,0.0
O03018,P0109,3,0.15
O03018,P0174,1,0.0
O03018,P0128,1,0.05
O03018,P0044,2,0.2
O03019,P0109,1,0.15
O03019,P0018,1,0.05
O03019,P0161,3,0.0
O03020,P0169,2,0.05
O03020,P0083,1,0.0
O03021,P0005,1,0.05
O03022,P0031,2,0.1
O03023,P0066,1,0.05
O03024,P0034,1,0.2
O03025,P0035,1,0.15
O03025,P0103,4,0.0
O03026,P0156,3,0.0
O03026,P0122,1,0.1
O03026,P0138,1,0.15
O03027,P0189,3,0.0
O03027,P0123,1,0.15
O03028,P0150,2,0.0
O03029,P0181,2,0.05
O03029,P0038,1,0.0
O03030,P0160,1,0.0
O03031,P0200,1,0.1
O03031,P0156,1,0.0
O03032,P0146,2,0.0
O03033,P0172,3,0.15
O03034,P0069,1,0.05
O03034,P0095,4,0.05
O03035,P0006,1,0.05
O03035,P0189,3,0.05
O03036,P0175,1,0.0
O03036,P0168,4,0.0
O03036,P0107,2,0.05
O03037,P0051,1,0.05
O03037,P0093,2,0.0
O03037,P0100,1,0.15
O03038,P0082,1,0.05
O03038,P0088,1,0.0
O03039,P0099,1,0.05
O03039,P0160,1,0.05
O03039,P0054,3,0.05
O03039,P0042,3,0.0
O03040,P0029,3,0.1
O03040,P0131,1,0.0
O03041,P0033,1,0.05
O03041,P0010,1,0.0
O03041,P0119,2,0.0
O03042,P0192,1,0.05
O03043,P0117,3,0.0
O03043,P0022,2,0.0
O03043,P0135,1,0.05
O03043,P0131,1,0.05
O03044,P0018,1,0.0
O03045,P0083,1,0.15
O03045,P0177,1,0.0
O03045,P0031,3,0.0
O03046,P0061,3,0.05
O03046,P0008,1,0.0
O03047,P0045,5,0.0
O03048,P0053,1,0.0
O03049,P0168,1,0.15
O03050,P0054,1,0.1
O03051,P0156,2,0.0
O03051,P0071,3,0.1
O03052,P0168,2,0.0
O03052,P0107,1,0.0
O03053,P0036,2,0.05
O03053,P0062,3,0.0
O03054,P0102,1,0.05
O03055,P0064,1,0.05
O03056,P0060,2,0.0
O03056,P0147,3,0.0
O03057,P0171,1,0.0
O03057,P0125,2,0.0
O03058,P0127,1,0.05
O03058,P0190,4,0.1
O03058,P0038,1,0.0
O03058,P0047,3,0.0
O03059,P0170,1,0.0
O03059,P0049,1,0.05
O03060,P0061,1,0.1
O03060,P0154,1,0.1
O03061,P0056,2,0.05
O03062,P0135,1,0.0
O03062,P0089,1,0.1
O03063,P0068,3,0.05
O03063,P0106,5,0.0
O03064,P0159,1,0.0
O03065,P0117,1,0.05
O03065,P0126,5,0.0
O03065,P0011,2,0.0
O03066,P0136,1,0.1
O03067,P0068,1,0.05
O03068,P0065,1,0.05
O03069,P0062,1,0.1
O03069,P0098,2,0.0
O03070,P0143,4,0.1
O03070,P0193,2,0.15
O03071,P0041,1,0.05
O03071,P0034,2,0.05
O03071,P0148,1,0.05
O03072,P0157,4,0.2
O03072,P0173,2,0.0
O03072,P0191,2,0.15
O03073,P0123,4,0.1
O03074,P0148,4,0.05
O03074,P0134,2,0.15
O03074,P0145,3,0.05
O03075,P0195,1,0.0
O03075,P0015,1,0.05
O03076,P0123,1,0.15
O03076,P0120,1,0.2
O03076,P0140,1,0.05
O03076,P0189,5,0.05
O03077,P0064,4,0.05
O03077,P0122,4,0.0
O03078,P0051,1,0.05
O03078,P0160,2,0.05
O03079,P0173,2,0.1
O03079,P0096,2,0.05
O03080,P0076,1,0.1
O03080,P0162,2,0.1
O03081,P0003,2,0.05
O03081,P0191,3,0.15
O03081,P0100,1,0.0
O03081,P0087,3,0.0
O03082,P0182,1,0.0
O03083,P0196,2,0.2
O03083,P0060,1,0.15
O03083,P0015,3,0.0
O03084,P0004,1,0.15
O03085,P0100,1,0.15
O03085,P0028,4,0.0
O03086,P0030,1,0.1
O03086,P0082,3,0.1
O03087,P0128,2,0.15
O03087,P0029,3,0.0
O03088,P0148,3,0.0
O03088,P0167,1,0.0
O03089,P0109,2,0.05
O03089,P0177,1,0.0
O03089,P0197,2,0.0
O03090,P0104,3,0.05
O03090,P0198,1,0.05
O03091,P0108,5,0.15
O03092,P0029,1,0.0
O03092,P0189,1,0.15
O03093,P0072,1,0.0
O03093,P0015,1,0.15
O03093,P0059,1,0.05
O03094,P0016,1,0.1
O03094,P0003,1,0.1
O03095,P0182,1,0.1
O03096,P0181,5,0.05
O03096,P0098,2,0.05
O03097,P0123,1,0.0
O03097,P0187,2,0.1
O03097,P0001,1,0.05
O03098,P0053,1,0.0
O03098,P0141,3,0.0
O03099,P0015,1,0.0
O03099,P0034,5,0.05
O03100,P0021,1,0.05
O03100,P0115,2,0.1
O03101,P0057,1,0.05
O03102,P0131,2,0.1
O03102,P0104,1,0.0
O03103,P0043,1,0.05
O03104,P0039,3,0.1
O03105,P0161,2,0.1
O03105,P0072,4,0.1
O03105,P0101,2,0.05
O03106,P0189,1,0.0
O03106,P0065,1,0.05
O03107,P0155,1,0.0
O03107,P0027,2,0.0
O03108,P0002,1,0.05
O03109,P0197,3,0.0
O03110,P0139,3,0.1
O03110,P0172,1,0.05
O03111,P0110,1,0.05
O03111,P0027,1,0.0
O03111,P0048,1,0.1
O03111,P0172,3,0.0
O03112,P0031,4,0.0
O03113,P0086,3,0.0
O03113,P0023,1,0.05
O03114,P0067,3,0.0
O03115,P0064,1,0.05
O03115,P0171,1,0.0
O03116,P0024,2,0.0
O03116,P0039,2,0.15
O03117,P0062,1,0.0
O03117,P0126,1,0.2
O03117,P0108,3,0.0
O03117,P0078,3,0.1
O03118,P0190,1,0.0
O03118,P0171,2,0.05
O03118,P0180,2,0.05
O03119,P0012,2,0.1
O03119,P0065,1,0.0
O03120,P0062,2,0.1
O03120,P0163,1,0.0
O03121,P0197,2,0.0
O03121,P0011,2,0.05
O03122,P0160,1,0.15
O03122,P0066,1,0.0
O03123,P0122,1,0.0
O03123,P0166,1,0.05
O03124,P0061,1,0.15
O03124,P0078,2,0.1
O03125,P0198,1,0.0
O03126,P0184,3,0.05
O03126,P0095,1,0.05
O03127,P0194,1,0.1
O03127,P0191,2,0.15
O03127,P0100,1,0.1
O03128,P0092,3,0.15
O03128,P0194,2,0.1
O03129,P0173,2,0.0
O03129,P0158,1,0.05
O03130,P0013,1,0.15
O03130,P0123,3,0.0
O03130,P0138,2,0.1
O03131,P0175,1,0.0
O03132,P0075,1,0.2
O03133,P0091,1,0.0
O03133,P0030,1,0.0
O03134,P0047,3,0.0
O03134,P0044,1,0.0
O03135,P0095,1,0.15
O03136,P0036,2,0.1
O03136,P0003,1,0.0
O03137,P0189,1,0.15
O03137,P0061,2,0.05
O03138,P0168,2,0.05
O03139,P0088,1,0.05
O03139,P0183,1,0.05
O03139,P0064,1,0.0
O03140,P0037,3,0.05
O03141,P0071,1,0.1
O03142,P0080,1,0.0
O03143,P0145,3,0.1
O03144,P0082,1,0.05
O03145,P0016,1,0.0
O03146,P0058,1,0.1
O03147,P0028,1,0.0
O03147,P0014,2,0.0
O03148,P0134,1,0.05
O03148,P0102,2,0.1
O03149,P0042,1,0.2
O03150,P0198,4,0.2
O03151,P0036,2,0.0
O03152,P0041,5,0.1
O03153,P0174,2,0.0
O03153,P0059,1,0.05
O03153,P0185,3,0.0
O03154,P0144,4,0.0
O03155,P0149,2,0.1
O03155,P0044,1,0.05
O03156,P0019,1,0.15
O03156,P0109,3,0.1
O03157,P0158,4,0.1
O03157,P0059,1,0.0
O03158,P0160,3,0.0
O03158,P0177,1,0.05
O03159,P0111,2,0.05
O03159,P0084,1,0.05
O03160,P0161,2,0.0
O03161,P0189,2,0.15
O03162,P0160,3,0.0
O03162,P0086,1,0.0
O03163,P0128,2,0.0
O03163,P0058,3,0.0
O03164,P0160,2,0.1
O03164,P0152,1,0.05
O03165,P0003,4,0.0
O03165,P0120,3,0.05
O03165,P0046,1,0.05
O03166,P0121,1,0.0
O03166,P0088,1,0.05
O03166,P0129,1,0.15
O03167,P0093,2,0.0
O03167,P0061,3,0.05
O03167,P0191,4,0.05
O03168,P0095,1,0.0
O03168,P0083,1,0.0
O03169,P0014,1,0.0
O03170,P0080,2,0.1
O03170,P0085,3,0.05
O03171,P0015,1,0.0
O03172,P0007,1,0.05
O03172,P0022,1,0.1
O03172,P0039,1,0.05
O03173,P0099,2,0.05
O03174,P0172,2,0.0
O03175,P0043,1,0.05
O03175,P0097,1,0.1
O03176,P0179,5,0.0
O03177,P0055,1,0.15
O03177,P0192,1,0.05
O03178,P0028,3,0.05
O03178,P0151,3,0.0
O03179,P0141,1,0.0
O03179,P0019,1,0.05
O03179,P0107,2,0.0
O03180,P0019,1,0.05
O03180,P0112,1,0.05
O03180,P0047,4,0.0
O03180,P0050,3,0.1
O03181,P0042,2,0.1
O03181,P0039,1,0.15
O03181,P0092,1,0.05
O03182,P0020,2,0.05
O03182,P0173,1,0.1
O03182,P0165,2,0.0
O03183,P0181,1,0.05
O03183,P0034,5,0.0
O03183,P0097,2,0.05
O03183,P0145,1,0.0
O03184,P0171,1,0.05
O03184,P0003,1,0.2
O03185,P0192,2,0.05
O03185,P0111,1,0.0
O03186,P0194,3,0.0
O03186,P0148,1,0.05
O03187,P0053,2,0.1
O03187,P0005,1,0.1
O03188,P0026,1,0.2
O03188,P0087,2,0.0
O03189,P0165,2,0.0
O03189,P0116,2,0.0
O03189,P0010,1,0.05
O03190,P0171,1,0.0
O03191,P0065,1,0.0
O03192,P0152,2,0.05
O03193,P0011,4,0.1
O03193,P0094,2,0.0
O03194,P0194,3,0.1
O03194,P0145,1,0.1
O03195,P0197,1,0.1
O03195,P0084,1,0.05
O03196,P0127,2,0.05
O03196,P0197,2,0.1
O03197,P0063,1,0.1
O03197,P0009,1,0.0
O03198,P0052,3,0.0
O03198,P0104,1,0.0
O03199,P0093,1,0.15
O03199,P0106,2,0.05
O03199,P0001,3,0.1
O03199,P0066,2,0.0
O03200,P0170,1,0.2
O03200,P0190,1,0.0
O03200,P0167,2,0.1
O03201,P0054,1,0.1
O03202,P0066,2,0.15
O03203,P0138,2,0.05
O03203,P0156,4,0.1
O03203,P0045,2,0.2
O03204,P0095,4,0.1
O03204,P0030,3,0.05
O03204,P0132,1,0.0
O03205,P0061,4,0.0
O03206,P0123,1,0.0
O03206,P0182,1,0.1
O03207,P0006,1,0.1
O03207,P0095,1,0.05
O03208,P0096,1,0.0
O03208,P0105,3,0.05
O03208,P0197,2,0.15
O03209,P0095,2,0.0
O03209,P0013,2,0.05
O03210,P0029,2,0.0
O03210,P0126,1,0.1
O03211,P0119,2,0.0
O03211,P0099,1,0.15
O03212,P0068,3,0.05
O03213,P0092,1,0.05
O03214,P0013,5,0.0
O03215,P0003,1,0.1
O03215,P0099,2,0.2
O03216,P0123,2,0.0
O03217,P0031,3,0.0
O03218,P0171,1,0.0
O03218,P0028,3,0.05
O03219,P0099,3,0.05
O03220,P0104,1,0.0
O03220,P0006,1,0.0
O03221,P0191,1,0.2
O03222,P0070,1,0.05
O03222,P0177,1,0.15
O03222,P0130,1,0.0
O03223,P0164,2,0.05
O03223,P0129,1,0.0
O03224,P0065,1,0.0
O03224,P0161,1,0.2
O03225,P0102,1,0.2
O03225,P0184,3,0.05
O03226,P0030,1,0.1
O03226,P0189,2,0.0
O03226,P0085,3,0.0
O03227,P0102,3,0.1
O03227,P0188,1,0.05
O03227,P0097,1,0.15
O03228,P0151,1,0.2
O03228,P0195,2,0.05
O03229,P0011,1,0.0
O03229,P0056,2,0.1
O03229,P0006,1,0.2
O03230,P0125,1,0.05
O03230,P0118,5,0.05
O03231,P0154,1,0.0
O03231,P0152,2,0.0
O03231,P0141,4,0.0
O03232,P0165,4,0.2
O03232,P0013,3,0.1
O03232,P0109,2,0.0
O03233,P0116,2,0.05
O03233,P0148,2,0.05
O03234,P0084,2,0.0
O03234,P0027,2,0.0
O03234,P0049,3,0.15
O03235,P0072,3,0.05
O03236,P0117,1,0.05
O03236,P0061,5,0.0
O03237,P0154,1,0.15
O03237,P0123,2,0.05
O03237,P0148,1,0.15
O03238,P0179,2,0.1
O03238,P0110,2,0.0
O03238,P0090,1,0.1
O03239,P0042,2,0.0
O03240,P0177,4,0.1
O03240,P0075,3,0.05
O03240,P0150,3,0.05
O03241,P0190,1,0.05
O03241,P0121,1,0.05
O03242,P0096,1,0.0
O03242,P0151,3,0.05
O03243,P0153,2,0.15
O03244,P0088,4,0.0
O03244,P0056,3,0.1
O03244,P0080,4,0.2
O03245,P0004,1,0.0
O03246,P0063,2,0.0
O03246,P0176,1,0.0
O03246,P0112,3,0.0
O03247,P0015,1,0.1
O03248,P0196,1,0.1
O03248,P0070,1,0.0
O03249,P0030,2,0.0
O03250,P0191,2,0.05
O03250,P0151,1,0.05
O03251,P0043,4,0.1
O03252,P0045,2,0.15
O03253,P0041,2,0.15
O03253,P0119,1,0.1
O03254,P0021,1,0.15
O03254,P0099,1,0.05
O03255,P0049,1,0.05
O03256,P0111,1,0.0
O03256,P0067,2,0.1
O03257,P0157,1,0.0
O03257,P0010,1,0.05
O03258,P0178,1,0.05
O03258,P0070,2,0.05
O03258,P0007,3,0.0
O03259,P0030,2,0.0
O03260,P0114,4,0.1
O03261,P0165,2,0.0
O03261,P0057,1,0.0
O03262,P0185,1,0.0
O03263,P0052,1,0.15
O03263,P0113,1,0.0
O03264,P0067,2,0.0
O03264,P0087,2,0.05
O03265,P0139,2,0.0
O03265,P0080,2,0.0
O03266,P0087,2,0.1
O03266,P0018,1,0.1
O03266,P0101,3,0.1
O03267,P0130,1,0.0
O03267,P0055,2,0.1
O03268,P0098,1,0.0
O03269,P0097,3,0.0
O03270,P0187,1,0.0
O03270,P0143,1,0.0
O03270,P0100,2,0.0
O03271,P0134,3,0.0
O03271,P0177,2,0.1
O03272,P0026,2,0.0
O03272,P0167,2,0.0
O03273,P0190,1,0.1
O03273,P0127,1,0.1
O03273,P0138,1,0.1
O03274,P0142,1,0.15
O03274,P0092,2,0.0
O03275,P0055,2,0.0
O03276,P0059,1,0.0
O03276,P0167,5,0.05
O03277,P0127,3,0.05
O03277,P0048,1,0.05
O03278,P0050,1,0.0
O03278,P0139,3,0.1
O03278,P0156,3,0.15
O03279,P0120,1,0.05
O03279,P0114,5,0.15
O03280,P0058,3,0.1
O03280,P0113,2,0.05
O03281,P0089,1,0.05
O03282,P0066,2,0.0
O03283,P0120,2,0.0
O03283,P0168,1,0.05
O03283,P0025,2,0.0
O03284,P0028,2,0.05
O03284,P0035,4,0.05
O03284,P0174,1,0.0
O03284,P0157,1,0.0
O03285,P0050,1,0.0
O03286,P0049,5,0.05
O03286,P0112,4,0.1
O03287,P0014,1,0.0
O03287,P0009,3,0.05
O03288,P0170,1,0.1
O03289,P0063,1,0.1
O03290,P0144,3,0.0
O03290,P0060,2,0.15
O03291,P0016,2,0.0
O03292,P0084,1,0.05
O03293,P0114,2,0.0
O03293,P0123,1,0.0
O03293,P0032,2,0.15
O03294,P0110,1,0.0
O03294,P0034,1,0.05
O03295,P0101,1,0.0
O03295,P0193,1,0.05
O03295,P0045,2,0.05
O03296,P0117,1,0.0
O03296,P0039,2,0.0
O03296,P0118,2,0.05
O03297,P0195,2,0.0
O03298,P0042,3,0.0
O03298,P0140,3,0.05
O03299,P0196,3,0.0
O03299,P0056,3,0.15
O03300,P0104,2,0.15
O03301,P0143,1,0.05
O03301,P0140,1,0.05
O03302,P0021,1,0.05
O03302,P0056,1,0.15
O03303,P0104,1,0.0
O03303,P0064,1,0.05
O03303,P0031,2,0.0
O03304,P0116,1,0.0
O03304,P0049,3,0.1
O03304,P0114,1,0.0
O03305,P0022,1,0.0
O03306,P0140,1,0.05
O03306,P0038,1,0.0
O03306,P0003,2,0.0
O03307,P0002,2,0.05
O03307,P0075,3,0.0
O03308,P0185,1,0.0
O03308,P0173,1,0.1
O03309,P0082,1,0.05
O03309,P0175,1,0.1
O03310,P0021,1,0.15
O03311,P0068,1,0.05
O03312,P0152,1,0.0
O03312,P0051,1,0.1
O03313,P0175,2,0.05
O03313,P0021,2,0.0
O03313,P0052,2,0.1
O03313,P0053,4,0.05
O03314,P0072,1,0.0
O03314,P0004,3,0.15
O03315,P0133,1,0.0
O03315,P0100,2,0.05
O03315,P0194,1,0.15
O03315,P0045,1,0.0
O03316,P0104,1,0.1
O03316,P0116,1,0.05
O03317,P0182,3,0.15
O03317,P0010,1,0.05
O03318,P0166,1,0.05
O03318,P0085,1,0.0
O03318,P0160,2,0.2
O03319,P0074,1,0.05
O03319,P0107,1,0.0
O03319,P0104,1,0.2
O03320,P0127,3,0.0
O03321,P0099,2,0.15
O03321,P0178,1,0.0
O03322,P0001,1,0.1
O03322,P0084,3,0.0
O03323,P0120,2,0.1
O03324,P0046,1,0.0
O03324,P0139,2,0.0
O03324,P0145,1,0.05
O03325,P0025,1,0.05
O03325,P0005,2,0.0
O03326,P0070,3,0.0
O03326,P0062,2,0.0
O03327,P0040,4,0.0
O03327,P0176,2,0.05
O03328,P0024,1,0.0
O03328,P0122,2,0.1
O03329,P0153,4,0.05
O03329,P0190,4,0.05
O03330,P0009,1,0.1
O03330,P0197,1,0.0
O03330,P0139,2,0.05
O03331,P0157,1,0.05
O03331,P0028,1,0.05
O03332,P0060,2,0.05
O03332,P0054,1,0.0
O03332,P0163,2,0.0
O03333,P0060,2,0.05
O03333,P0151,4,0.2
O03334,P0119,4,0.0
O03334,P0068,2,0.15
O03335,P0081,3,0.0
O03335,P0054,1,0.0
O03336,P0007,1,0.05
O03336,P0063,2,0.05
O03337,P0026,1,0.0
O03337,P0132,3,0.0
O03338,P0156,1,0.1
O03338,P0091,2,0.0
O03338,P0164,3,0.1
O03338,P0142,2,0.05
O03339,P0067,4,0.15
O03339,P0042,1,0.0
O03339,P0009,2,0.0
O03340,P0085,5,0.0
O03340,P0119,1,0.05
O03341,P0125,1,0.05
O03342,P0161,4,0.1
O03342,P0158,1,0.05
O03343,P0175,5,0.0
O03344,P0185,2,0.05
O03344,P0200,2,0.1
O03345,P0015,1,0.05
O03345,P0023,2,0.0
O03346,P0056,4,0.15
O03347,P0004,1,0.15
O03347,P0089,2,0.0
O03348,P0158,2,0.0
O03349,P0125,3,0.0
O03349,P0005,2,0.05
O03350,P0183,1,0.0
O03351,P0040,1,0.05
O03352,P0170,2,0.1
O03352,P0005,1,0.15
O03352,P0024,1,0.05
O03352,P0185,3,0.0
O03353,P0163,1,0.05
O03353,P0082,2,0.05
O03354,P0118,1,0.05
O03355,P0190,4,0.1
O03355,P0012,1,0.05
O03356,P0017,2,0.1
O03357,P0160,2,0.05
O03358,P0037,1,0.05
O03358,P0178,1,0.05
O03359,P0010,2,0.15
O03360,P0196,3,0.15
O03360,P0142,2,0.0
O03361,P0174,1,0.1
O03361,P0111,1,0.1
O03362,P0049,3,0.1
O03362,P0097,2,0.0
O03362,P0017,2,0.0
O03363,P0158,1,0.0
O03363,P0129,1,0.1
O03364,P0063,3,0.0
O03364,P0177,2,0.05
O03365,P0097,2,0.05
O03365,P0087,1,0.15
O03365,P0192,2,0.05
O03366,P0003,2,0.05
O03367,P0003,1,0.15
O03367,P0148,1,0.05
O03368,P0164,1,0.0
O03368,P0123,5,0.0
O03369,P0005,1,0.0
O03369,P0149,3,0.0
O03369,P0168,1,0.0
O03370,P0057,2,0.15
O03370,P0048,1,0.0
O03371,P0018,3,0.0
O03371,P0039,3,0.1
O03372,P0055,1,0.0
O03373,P0174,3,0.0
O03374,P0124,1,0.0
O03374,P0141,1,0.1
O03375,P0148,1,0.0
O03376,P0048,4,0.15
O03377,P0125,3,0.0
O03378,P0123,2,0.0
O03378,P0055,2,0.15
O03379,P0058,1,0.15
O03379,P0165,5,0.0
O03380,P0196,1,0.0
O03380,P0114,1,0.0
O03380,P0074,3,0.0
O03380,P0089,2,0.15
O03381,P0021,1,0.1
O03381,P0168,2,0.05
O03382,P0084,2,0.0
O03383,P0110,1,0.1
O03383,P0186,1,0.05
O03383,P0014,1,0.1
O03384,P0141,1,0.0
O03384,P0047,1,0.0
O03385,P0091,5,0.1
O03385,P0078,1,0.1
O03386,P0092,1,0.15
O03387,P0171,1,0.05
O03387,P0120,2,0.0
O03387,P0129,2,0.0
O03387,P0159,2,0.05
O03388,P0029,5,0.1
O03388,P0010,1,0.05
O03389,P0154,1,0.05
O03389,P0014,2,0.0
O03390,P0147,3,0.15
O03391,P0039,3,0.0
O03392,P0184,2,0.1
O03393,P0195,1,0.1
O03393,P0165,2,0.05
O03394,P0135,4,0.15
O03394,P0028,1,0.05
O03394,P0027,1,0.0
O03395,P0041,5,0.0
O03396,P0149,1,0.0
O03396,P0058,2,0.0
O03396,P0082,3,0.0
O03396,P0106,2,0.05
O03397,P0198,3,0.15
O03397,P0009,1,0.1
O03397,P0122,2,0.1
O03398,P0132,1,0.05
O03398,P0181,2,0.05
O03399,P0017,3,0.1
O03399,P0170,2,0.05
O03399,P0186,1,0.0
O03400,P0089,2,0.0
O03400,P0098,3,0.05
O03401,P0096,3,0.0
O03401,P0071,1,0.05
O03402,P0022,1,0.05
O03402,P0159,1,0.0
O03402,P0073,1,0.05
O03403,P0020,1,0.1
O03403,P0068,1,0.1
O03404,P0100,3,0.0
O03404,P0131,1,0.0
O03405,P0091,1,0.0
O03406,P0183,5,0.05
O03406,P0189,1,0.0
O03407,P0153,1,0.0
O03407,P0107,1,0.2
O03407,P0092,1,0.0
O03408,P0084,3,0.0
O03408,P0094,2,0.0
O03408,P0157,3,0.0
O03409,P0113,1,0.0
O03409,P0145,2,0.0
O03410,P0020,1,0.05
O03410,P0180,2,0.0
O03411,P0065,1,0.0
O03411,P0049,2,0.0
O03412,P0086,3,0.1
O03412,P0124,2,0.0
O03413,P0199,2,0.0
O03414,P0010,1,0.1
O03415,P0018,1,0.2
O03415,P0102,1,0.1
O03416,P0108,3,0.05
O03416,P0025,2,0.0
O03417,P0141,4,0.05
O03417,P0181,3,0.1
O03417,P0083,1,0.0
O03418,P0038,1,0.0
O03418,P0135,1,0.0
O03418,P0122,1,0.15
O03419,P0151,1,0.0
O03419,P0024,1,0.1
O03419,P0036,1,0.05
O03420,P0131,4,0.05
O03420,P0090,1,0.1
O03420,P0104,1,0.1
O03421,P0053,2,0.05
O03421,P0156,1,0.0
O03422,P0149,3,0.0
O03423,P0169,4,0.1
O03423,P0188,2,0.0
O03424,P0191,1,0.0
O03425,P0126,1,0.15
O03425,P0045,3,0.1
O03426,P0197,2,0.05
O03427,P0116,1,0.1
O03427,P0052,5,0.0
O03427,P0032,1,0.05
O03428,P0040,1,0.05
O03428,P0118,1,0.0
O03429,P0010,3,0.2
O03429,P0189,3,0.0
O03430,P0144,1,0.1
O03431,P0182,2,0.1
O03432,P0192,3,0.05
O03432,P0035,2,0.15
O03433,P0180,2,0.0
O03433,P0005,1,0.0
O03433,P0030,1,0.0
O03434,P0159,3,0.15
O03434,P0127,2,0.05
O03435,P0064,3,0.0
O03435,P0036,3,0.0
O03435,P0105,2,0.0
O03435,P0121,1,0.05
O03436,P0055,4,0.05
O03436,P0147,1,0.0
O03437,P0189,2,0.05
O03437,P0114,4,0.05
O03437,P0075,2,0.05
O03438,P0048,1,0.15
O03438,P0149,1,0.0
O03439,P0169,2,0.05
O03439,P0069,2,0.0
O03439,P0029,2,0.05
O03440,P0149,3,0.0
O03440,P0040,1,0.05
O03440,P0144,3,0.0
O03441,P0056,1,0.0
O03441,P0073,1,0.05
O03442,P0040,2,0.05
O03442,P0039,4,0.0
O03443,P0095,1,0.0
O03443,P0061,1,0.0
O03444,P0174,2,0.0
O03444,P0151,1,0.0
O03445,P0063,3,0.05
O03445,P0116,2,0.2
O03446,P0092,3,0.05
O03446,P0103,4,0.05
O03447,P0079,1,0.2
O03447,P0097,4,0.0
O03447,P0146,3,0.15
O03448,P0168,2,0.0
O03448,P0155,1,0.15
O03449,P0130,2,0.0
O03449,P0165,3,0.05
O03450,P0111,2,0.05
O03450,P0061,3,0.1
O03450,P0159,1,0.2
O03450,P0144,3,0.0
O03451,P0117,1,0.0
O03452,P0130,3,0.0
O03452,P0029,3,0.0
O03453,P0183,1,0.0
O03453,P0133,1,0.0
O03453,P0022,1,0.2
O03454,P0196,1,0.0
O03454,P0073,2,0.1
O03455,P0180,2,0.05
O03455,P0096,1,0.05
O03456,P0033,2,0.05
O03456,P0041,1,0.1
O03456,P0018,2,0.1
O03456,P0029,1,0.2
O03457,P0076,1,0.0
O03458,P0194,3,0.1
O03459,P0188,1,0.0
O03459,P0181,1,0.0
O03460,P0036,1,0.05
O03461,P0064,2,0.0
O03462,P0017,2,0.2
O03463,P0096,2,0.1
O03463,P0105,1,0.15
O03463,P0163,3,0.05
O03464,P0060,4,0.0
O03464,P0146,1,0.05
O03465,P0086,1,0.05
O03466,P0058,1,0.05
O03467,P0153,1,0.0
O03468,P0001,2,0.2
O03469,P0164,1,0.05
O03470,P0166,2,0.05
O03470,P0028,1,0.1
O03471,P0123,1,0.0
O03471,P0055,2,0.15
O03471,P0119,1,0.0
O03471,P0027,1,0.15
O03472,P0125,2,0.05
O03472,P0141,3,0.05
O03472,P0034,2,0.2
O03473,P0147,4,0.0
O03474,P0048,3,0.05
O03474,P0150,2,0.05
O03475,P0037,1,0.2
O03475,P0066,3,0.0
O03476,P0010,2,0.05
O03477,P0141,2,0.05
O03478,P0081,2,0.05
O03478,P0014,1,0.0
O03479,P0088,1,0.0
O03479,P0141,3,0.2
O03480,P0160,2,0.2
O03480,P0040,2,0.0
O03481,P0002,2,0.1
O03481,P0040,2,0.05
O03482,P0032,1,0.0
O03482,P0188,4,0.05
O03483,P0079,2,0.1
O03484,P0159,2,0.1
O03484,P0018,3,0.0
O03485,P0092,1,0.05
O03486,P0009,2,0.15
O03487,P0147,1,0.0
O03487,P0110,5,0.0
O03488,P0190,3,0.2
O03488,P0082,1,0.0
O03488,P0048,1,0.05
O03489,P0009,2,0.1
O03490,P0052,4,0.1
O03490,P0063,1,0.2
O03490,P0079,1,0.1
O03490,P0091,2,0.0
O03491,P0140,1,0.15
O03492,P0090,2,0.05
O03493,P0028,4,0.0
O03493,P0065,1,0.15
O03494,P0112,5,0.0
O03494,P0143,1,0.05
O03494,P0098,2,0.1
O03495,P0153,3,0.05
O03495,P0005,1,0.1
O03496,P0068,3,0.0
O03496,P0015,2,0.0
O03497,P0200,2,0.05
O03497,P0045,2,0.1
O03498,P0116,1,0.05
O03498,P0153,2,0.1
O03498,P0122,2,0.0
O03499,P0177,2,0.05
O03499,P0015,3,0.05
O03500,P0108,5,0.1
O03500,P0099,1,0.05
O03501,P0009,3,0.0
O03502,P0007,2,0.0
O03503,P0021,1,0.0
O03504,P0134,1,0.05
O03504,P0069,1,0.0
O03505,P0161,1,0.05
O03505,P0008,3,0.0
O03506,P0033,5,0.2
O03506,P0062,3,0.0
O03507,P0070,1,0.05
O03508,P0040,2,0.0
O03508,P0143,1,0.15
O03509,P0116,2,0.05
O03509,P0008,2,0.0
O03509,P0031,2,0.0
O03510,P0123,2,0.0
O03510,P0098,1,0.0
O03511,P0094,1,0.0
O03511,P0192,3,0.0
O03512,P0073,1,0.05
O03512,P0107,1,0.15
O03513,P0016,1,0.2
O03514,P0059,4,0.15
O03515,P0180,1,0.0
O03515,P0063,5,0.0
O03515,P0032,3,0.0
O03516,P0128,2,0.0
O03516,P0076,1,0.05
O03516,P0160,2,0.1
O03517,P0156,4,0.05
O03517,P0091,5,0.2
O03517,P0143,2,0.1
O03518,P0196,1,0.0
O03519,P0147,1,0.0
O03520,P0042,3,0.1
O03520,P0155,1,0.05
O03521,P0050,1,0.0
O03521,P0126,2,0.05
O03522,P0052,2,0.1
O03522,P0037,1,0.1
O03523,P0140,3,0.1
O03524,P0006,1,0.0
O03524,P0153,1,0.1
O03524,P0076,1,0.0
O03525,P0119,1,0.1
O03526,P0092,2,0.0
O03527,P0067,1,0.15
O03528,P0047,3,0.0
O03529,P0136,1,0.1
O03530,P0002,1,0.0
O03530,P0192,2,0.05
O03531,P0039,2,0.0
O03532,P0111,3,0.0
O03533,P0197,5,0.0
O03534,P0008,2,0.0
O03534,P0157,3,0.15
O03535,P0086,1,0.0
O03536,P0141,1,0.0
O03536,P0172,3,0.0
O03536,P0074,1,0.2
O03537,P0127,2,0.15
O03537,P0175,4,0.0
O03538,P0038,1,0.0
O03538,P0077,2,0.0
O03539,P0010,2,0.0
O03539,P0046,2,0.0
O03539,P0050,2,0.2
O03540,P0067,3,0.0
O03540,P0111,4,0.05
O03540,P0144,4,0.05
O03541,P0115,2,0.0
O03542,P0062,2,0.05
O03542,P0028,1,0.0
O03542,P0192,2,0.0
O03543,P0197,1,0.15
O03544,P0199,1,0.1
O03544,P0047,4,0.0
O03545,P0016,3,0.05
O03546,P0051,1,0.0
O03546,P0089,1,0.0
O03546,P0054,1,0.0
O03547,P0143,1,0.05
O03547,P0097,2,0.15
O03548,P0076,1,0.05
O03548,P0181,2,0.0
O03549,P0015,4,0.1
O03549,P0035,3,0.2
O03550,P0189,2,0.0
O03551,P0021,1,0.1
O03551,P0122,3,0.2
O03552,P0139,3,0.0
O03553,P0148,1,0.15
O03554,P0112,3,0.1
O03554,P0149,1,0.05
O03554,P0101,1,0.1
O03555,P0121,1,0.05
O03555,P0109,5,0.2
O03555,P0134,1,0.15
O03556,P0122,1,0.05
O03557,P0150,2,0.1
O03557,P0028,2,0.0
O03558,P0022,2,0.05
O03558,P0119,1,0.0
O03559,P0165,2,0.1
O03560,P0010,5,0.2
O03560,P0118,5,0.0
O03560,P0108,2,0.1
O03561,P0112,1,0.0
O03562,P0020,2,0.0
O03562,P0073,4,0.0
O03563,P0069,1,0.2
O03563,P0011,2,0.0
O03564,P0001,1,0.0
O03564,P0110,2,0.0
O03564,P0084,1,0.05
O03565,P0114,4,0.0
O03566,P0154,1,0.05
O03567,P0146,2,0.0
O03567,P0022,1,0.0
O03567,P0055,1,0.05
O03568,P0149,1,0.15
O03569,P0073,1,0.05
O03570,P0178,2,0.1
O03570,P0114,1,0.0
O03570,P0046,4,0.05
O03570,P0157,2,0.05
O03571,P0151,4,0.0
O03571,P0073,2,0.2
O03572,P0066,4,0.0
O03572,P0045,1,0.15
O03573,P0159,2,0.2
O03573,P0074,2,0.0
O03574,P0157,3,0.05
O03574,P0071,1,0.05
O03574,P0193,5,0.05
O03574,P0164,2,0.05
O03575,P0139,1,0.15
O03575,P0088,1,0.05
O03576,P0040,4,0.0
O03577,P0080,1,0.2
O03577,P0062,1,0.0
O03578,P0070,2,0.0
O03579,P0101,1,0.05
O03579,P0127,1,0.15
O03580,P0129,4,0.0
O03580,P0025,1,0.05
O03580,P0080,1,0.1
O03581,P0164,4,0.0
O03581,P0090,4,0.15
O03581,P0040,1,0.0
O03582,P0039,1,0.2
O03583,P0064,1,0.1
O03583,P0127,1,0.1
O03584,P0129,1,0.05
O03584,P0083,1,0.0
O03585,P0193,1,0.05
O03585,P0084,1,0.0
O03585,P0115,1,0.0
O03586,P0179,1,0.0
O03587,P0106,1,0.05
O03587,P0021,1,0.1
O03587,P0099,1,0.0
O03588,P0116,1,0.0
O03589,P0159,1,0.05
O03589,P0109,1,0.1
O03590,P0112,3,0.2
O03591,P0135,3,0.05
O03592,P0170,1,0.2
O03592,P0057,2,0.0
O03592,P0086,2,0.1
O03593,P0121,2,0.05
O03593,P0003,1,0.0
O03593,P0023,1,0.05
O03594,P0107,4,0.0
O03595,P0087,1,0.0
O03596,P0177,2,0.0
O03597,P0011,4,0.15
O03597,P0109,1,0.15
O03597,P0123,1,0.0
O03598,P0117,1,0.05
O03598,P0151,1,0.0
O03599,P0084,1,0.0
O03599,P0169,2,0.0
O03599,P0182,2,0.0
O03600,P0016,2,0.05
O03601,P0145,2,0.0
O03601,P0124,1,0.05
O03601,P0021,2,0.0
O03602,P0051,2,0.0
O03602,P0026,2,0.05
O03603,P0176,3,0.15
O03604,P0005,3,0.0
O03604,P0092,2,0.05
O03605,P0016,4,0.1
O03606,P0050,1,0.1
O03606,P0016,2,0.05
O03607,P0032,3,0.1
O03608,P0163,3,0.0
O03608,P0020,3,0.1
O03609,P0046,1,0.1
O03609,P0170,1,0.05
O03609,P0014,2,0.15
O03610,P0158,2,0.1
O03610,P0089,3,0.0
O03610,P0157,2,0.0
O03610,P0199,1,0.1
O03611,P0180,1,0.05
O03611,P0096,1,0.1
O03612,P0080,1,0.0
O03612,P0037,1,0.05
O03613,P0096,1,0.05
O03613,P0143,2,0.05
O03613,P0138,4,0.05
O03614,P0032,1,0.0
O03614,P0151,1,0.05
O03615,P0095,2,0.1
O03616,P0022,2,0.0
O03617,P0166,3,0.05
O03617,P0063,4,0.0
O03617,P0084,2,0.0
O03618,P0087,2,0.0
O03619,P0136,1,0.05
O03620,P0050,4,0.0
O03621,P0149,1,0.0
O03621,P0147,3,0.15
O03621,P0091,1,0.05
O03621,P0084,1,0.0
O03622,P0057,2,0.1
O03623,P0045,1,0.05
O03624,P0101,1,0.0
O03625,P0074,1,0.05
O03625,P0134,2,0.0
O03626,P0048,4,0.05
O03626,P0024,1,0.05
O03626,P0120,1,0.0
O03627,P0102,1,0.05
O03628,P0134,5,0.05
O03628,P0059,3,0.1
O03628,P0055,1,0.0
O03628,P0031,2,0.2
O03629,P0030,1,0.05
O03630,P0080,1,0.0
O03630,P0183,1,0.0
O03631,P0081,1,0.05
O03631,P0098,3,0.05
O03632,P0057,3,0.05
O03632,P0071,1,0.1
O03633,P0096,2,0.0
O03634,P0060,2,0.0
O03635,P0071,2,0.2
O03636,P0020,4,0.15
O03636,P0155,1,0.05
O03637,P0027,4,0.05
O03637,P0002,3,0.0
O03638,P0009,1,0.1
O03639,P0190,3,0.0
O03640,P0159,2,0.1
O03641,P0108,1,0.0
O03641,P0195,1,0.0
O03641,P0073,1,0.15
O03642,P0187,5,0.05
O03642,P0046,3,0.1
O03643,P0002,1,0.1
O03644,P0045,3,0.0
O03644,P0128,1,0.15
O03644,P0023,1,0.05
O03644,P0078,1,0.0
O03645,P0144,1,0.1
O03645,P0181,1,0.1
O03646,P0113,4,0.15
O03646,P0052,4,0.05
O03646,P0171,1,0.2
O03647,P0017,2,0.0
O03648,P0117,1,0.0
O03649,P0059,2,0.0
O03649,P0087,1,0.2
O03649,P0079,2,0.0
O03649,P0060,2,0.0
O03650,P0047,1,0.1
O03651,P0189,2,0.0
O03652,P0140,5,0.05
O03652,P0116,1,0.1
O03653,P0020,2,0.0
O03653,P0112,3,0.0
O03654,P0029,5,0.0
O03654,P0025,2,0.05
O03655,P0049,3,0.1
O03655,P0048,1,0.05
O03656,P0002,1,0.05
O03657,P0166,1,0.0
O03658,P0049,2,0.05
O03658,P0094,2,0.1
O03659,P0116,3,0.0
O03660,P0101,1,0.05
O03660,P0037,1,0.0
O03661,P0172,1,0.05
O03661,P0100,4,0.15
O03661,P0131,3,0.1
O03662,P0175,2,0.05
O03662,P0123,1,0.05
O03663,P0134,2,0.15
O03663,P0044,3,0.05
O03663,P0034,2,0.0
O03664,P0032,3,0.05
O03664,P0183,3,0.0
O03665,P0166,5,0.15
O03666,P0103,2,0.05
O03666,P0122,2,0.05
O03666,P0013,2,0.0
O03667,P0050,4,0.1
O03667,P0187,1,0.05
O03667,P0051,1,0.1
O03667,P0161,2,0.05
O03668,P0053,1,0.15
O03669,P0053,2,0.15
O03669,P0119,1,0.05
O03670,P0125,1,0.1
O03670,P0005,4,0.0
O03670,P0097,2,0.1
O03670,P0087,3,0.05
O03671,P0115,3,0.15
O03671,P0089,1,0.1
O03671,P0147,1,0.1
O03672,P0027,5,0.1
O03673,P0044,2,0.0
O03673,P0129,1,0.15
O03674,P0026,3,0.05
O03674,P0048,1,0.1
O03675,P0054,1,0.0
O03676,P0194,3,0.1
O03676,P0021,1,0.05
O03676,P0025,2,0.0
O03677,P0058,1,0.05
O03677,P0033,2,0.05
O03678,P0113,1,0.05
O03679,P0142,1,0.2
O03680,P0013,3,0.05
O03680,P0009,1,0.15
O03681,P0037,1,0.0
O03682,P0051,2,0.15
O03682,P0022,1,0.05
O03682,P0149,2,0.0
O03683,P0007,1,0.1
O03683,P0146,1,0.05
O03684,P0023,2,0.15
O03684,P0001,2,0.1
O03685,P0170,1,0.05
O03686,P0056,3,0.0
O03686,P0150,2,0.05
O03687,P0025,2,0.15
O03688,P0097,4,0.1
O03688,P0084,1,0.1
O03689,P0020,4,0.0
O03690,P0027,2,0.1
O03690,P0136,4,0.1
O03690,P0182,1,0.15
O03691,P0130,1,0.0
O03691,P0032,2,0.2
O03692,P0051,1,0.05
O03692,P0131,1,0.0
O03692,P0180,5,0.05
O03693,P0196,2,0.05
O03693,P0088,1,0.0
O03694,P0001,1,0.05
O03694,P0022,1,0.1
O03695,P0009,4,0.05
O03695,P0119,1,0.1
O03695,P0076,3,0.0
O03696,P0027,1,0.15
O03696,P0014,2,0.15
O03697,P0162,1,0.05
O03697,P0087,2,0.0
O03698,P0054,1,0.0
O03698,P0048,3,0.0
O03699,P0120,1,0.0
O03699,P0130,4,0.0
O03700,P0133,3,0.05
O03700,P0030,5,0.15
O03701,P0023,1,0.05
O03701,P0016,3,0.1
O03701,P0118,3,0.0
O03701,P0191,3,0.0
O03702,P0025,5,0.05
O03702,P0100,1,0.0
O03702,P0069,1,0.05
O03703,P0070,1,0.05
O03703,P0173,2,0.1
O03703,P0156,1,0.05
O03703,P0194,1,0.0
O03704,P0014,1,0.0
O03704,P0179,4,0.05
O03704,P0057,3,0.05
O03705,P0173,4,0.05
O03705,P0111,4,0.1
O03706,P0173,1,0.0
O03706,P0189,2,0.1
O03706,P0168,1,0.05
O03707,P0139,1,0.0
O03707,P0122,1,0.0
O03708,P0058,2,0.1
O03708,P0116,1,0.05
O03709,P0185,3,0.05
O03710,P0136,2,0.15
O03710,P0129,2,0.0
O03711,P0172,2,0.1
O03711,P0119,1,0.05
O03711,P0011,2,0.05
O03712,P0076,2,0.15
O03713,P0073,2,0.2
O03714,P0158,3,0.0
O03715,P0102,1,0.0
O03715,P0097,5,0.05
O03716,P0011,5,0.1
O03716,P0140,5,0.0
O03717,P0114,2,0.15
O03718,P0150,2,0.0
O03719,P0200,1,0.05
O03719,P0183,2,0.05
O03720,P0150,2,0.05
O03721,P0172,1,0.05
O03722,P0026,3,0.1
O03723,P0130,2,0.0
O03724,P0102,1,0.1
O03724,P0103,1,0.0
O03724,P0160,3,0.0
O03725,P0067,1,0.0
O03725,P0066,1,0.2
O03725,P0199,1,0.15
O03725,P0190,2,0.05
O03726,P0072,2,0.1
O03726,P0070,1,0.05
O03726,P0009,2,0.0
O03727,P0033,2,0.0
O03728,P0153,2,0.1
O03728,P0035,2,0.05
O03728,P0115,1,0.15
O03729,P0056,1,0.15
O03729,P0115,1,0.0
O03730,P0015,4,0.05
O03731,P0092,4,0.0
O03731,P0191,1,0.05
O03732,P0116,2,0.1
O03733,P0092,4,0.05
O03734,P0079,1,0.1
O03734,P0028,3,0.15
O03735,P0044,1,0.0
O03736,P0042,2,0.0
O03737,P0081,1,0.0
O03737,P0192,5,0.05
O03738,P0021,1,0.1
O03739,P0084,3,0.0
O03739,P0109,2,0.0
O03739,P0160,2,0.15
O03740,P0192,1,0.05
O03741,P0065,1,0.0
O03742,P0025,5,0.2
O03743,P0011,2,0.05
O03743,P0158,1,0.15
O03744,P0146,4,0.1
O03744,P0016,4,0.15
O03745,P0129,1,0.0
O03746,P0108,2,0.1
O03747,P0039,3,0.05
O03748,P0094,2,0.0
O03749,P0106,1,0.0
O03749,P0090,3,0.0
O03750,P0044,3,0.05
O03750,P0025,1,0.0
O03750,P0192,5,0.1
O03751,P0046,1,0.05
O03751,P0005,3,0.1
O03751,P0112,1,0.0
O03751,P0085,2,0.05
O03752,P0166,1,0.0
O03753,P0182,3,0.05
O03754,P0060,2,0.0
O03754,P0013,2,0.05
O03754,P0020,2,0.05
O03754,P0149,3,0.05
O03755,P0094,3,0.2
O03756,P0059,3,0.0
O03756,P0190,1,0.15
O03756,P0139,3,0.0
O03757,P0049,2,0.1
O03758,P0193,2,0.05
O03759,P0067,3,0.0
O03760,P0064,1,0.15
O03760,P0146,2,0.05
O03761,P0183,2,0.05
O03761,P0071,5,0.0
O03762,P0024,1,0.05
O03762,P0186,1,0.0
O03762,P0060,2,0.2
O03763,P0059,1,0.05
O03764,P0069,1,0.05
O03765,P0136,1,0.1
O03766,P0113,2,0.0
O03767,P0017,2,0.05
O03767,P0118,1,0.05
O03768,P0064,1,0.05
O03769,P0081,1,0.05
O03769,P0106,1,0.05
O03769,P0102,4,0.0
O03769,P0075,1,0.0
O03770,P0179,3,0.05
O03770,P0143,2,0.0
O03771,P0025,3,0.0
O03772,P0171,1,0.0
O03772,P0196,3,0.0
O03772,P0176,1,0.05
O03773,P0174,3,0.15
O03773,P0041,3,0.05
O03773,P0070,2,0.1
O03774,P0065,1,0.1
O03774,P0062,1,0.05
O03775,P0089,2,0.05
O03775,P0079,1,0.15
O03775,P0109,1,0.1
O03776,P0101,1,0.0
O03776,P0142,1,0.15
O03777,P0161,3,0.05
O03777,P0189,1,0.05
O03777,P0060,1,0.2
O03778,P0064,1,0.0
O03778,P0044,3,0.05
O03778,P0166,2,0.0
O03779,P0063,3,0.0
O03779,P0094,1,0.1
O03780,P0194,1,0.0
O03780,P0017,3,0.2
O03780,P0091,1,0.05
O03781,P0107,4,0.0
O03781,P0082,2,0.0
O03782,P0183,1,0.0
O03782,P0071,4,0.05
O03783,P0137,1,0.1
O03784,P0084,1,0.1
O03785,P0019,4,0.2
O03785,P0007,2,0.0
O03786,P0165,3,0.15
O03786,P0036,2,0.15
O03786,P0148,1,0.0
O03787,P0199,5,0.15
O03787,P0044,1,0.15
O03787,P0153,1,0.0
O03788,P0020,2,0.0
O03788,P0075,2,0.1
O03789,P0009,2,0.0
O03789,P0019,2,0.1
O03789,P0011,1,0.15
O03790,P0178,4,0.05
O03791,P0043,2,0.1
O03792,P0142,1,0.0
O03793,P0194,2,0.0
O03793,P0010,3,0.05
O03794,P0132,2,0.0
O03794,P0089,2,0.0
O03795,P0042,1,0.05
O03795,P0122,3,0.0
O03795,P0133,1,0.15
O03796,P0013,3,0.1
O03796,P0106,1,0.05
O03796,P0149,1,0.05
O03797,P0123,1,0.15
O03798,P0053,2,0.0
O03799,P0123,1,0.05
O03800,P0062,4,0.05
O03800,P0001,3,0.05
O03801,P0190,1,0.05
O03802,P0003,5,0.15
O03802,P0032,1,0.0
O03803,P0055,3,0.05
O03803,P0083,1,0.05
O03803,P0163,2,0.0
O03803,P0198,2,0.05
O03804,P0184,4,0.0
O03804,P0176,3,0.05
O03805,P0049,2,0.1
O03806,P0129,1,0.05
O03806,P0136,2,0.05
O03807,P0175,1,0.2
O03808,P0073,1,0.1
O03808,P0040,4,0.0
O03808,P0070,1,0.15
O03808,P0032,2,0.0
O03809,P0090,2,0.0
O03810,P0191,1,0.0
O03810,P0132,3,0.0
O03811,P0024,1,0.1
O03812,P0151,1,0.05
O03813,P0033,2,0.05
O03813,P0068,1,0.0
O03813,P0079,1,0.0
O03813,P0061,2,0.05
O03814,P0182,2,0.05
O03814,P0177,1,0.15
O03814,P0130,3,0.15
O03815,P0167,3,0.15
O03815,P0118,1,0.05
O03816,P0037,2,0.15
O03817,P0078,1,0.05
O03818,P0099,5,0.0
O03819,P0159,2,0.05
O03820,P0189,1,0.0
O03820,P0174,2,0.05
O03820,P0063,1,0.0
O03821,P0164,1,0.0
O03821,P0015,2,0.15
O03822,P0056,3,0.05
O03823,P0078,2,0.0
O03823,P0020,1,0.0
O03823,P0182,1,0.15
O03823,P0096,3,0.0
O03824,P0064,1,0.15
O03824,P0181,5,0.05
O03825,P0025,1,0.05
O03825,P0033,1,0.0
O03825,P0009,1,0.05
O03826,P0011,1,0.0
O03827,P0083,1,0.05
O03828,P0084,1,0.0
O03829,P0151,3,0.0
O03830,P0002,1,0.0
O03830,P0009,1,0.05
O03831,P0058,1,0.0
O03831,P0040,2,0.1
O03832,P0181,1,0.05
O03832,P0042,4,0.0
O03833,P0048,2,0.2
O03834,P0028,2,0.0
O03834,P0106,3,0.05
O03835,P0174,1,0.05
O03835,P0096,2,0.05
O03835,P0035,1,0.0
O03836,P0141,1,0.05
O03837,P0193,1,0.1
O03838,P0055,3,0.1
O03838,P0085,1,0.1
O03839,P0075,2,0.05
O03839,P0172,1,0.0
O03839,P0200,3,0.1
O03840,P0138,2,0.1
O03841,P0067,1,0.0
O03842,P0127,1,0.05
O03843,P0144,3,0.05
O03843,P0157,2,0.15
O03844,P0068,1,0.0
O03844,P0179,5,0.1
O03845,P0071,3,0.0
O03845,P0175,1,0.0
O03846,P0147,2,0.05
O03846,P0158,1,0.1
O03846,P0114,1,0.2
O03846,P0190,3,0.05
O03847,P0093,2,0.15
O03847,P0036,2,0.15
O03848,P0119,3,0.0
O03848,P0017,4,0.0
O03848,P0132,1,0.0
O03849,P0144,1,0.05
O03850,P0101,2,0.15
O03850,P0136,3,0.0
O03851,P0020,1,0.15
O03851,P0144,2,0.15
O03852,P0045,3,0.1
O03853,P0183,2,0.0
O03854,P0065,5,0.05
O03855,P0010,2,0.05
O03856,P0132,2,0.05
O03856,P0044,3,0.0
O03856,P0071,2,0.05
O03857,P0013,2,0.15
O03858,P0103,3,0.0
O03858,P0064,1,0.0
O03859,P0051,1,0.0
O03860,P0084,1,0.05
O03861,P0124,2,0.1
O03862,P0137,2,0.0
O03862,P0123,1,0.05
O03863,P0097,1,0.15
O03863,P0114,1,0.15
O03863,P0064,4,0.05
O03864,P0137,2,0.0
O03864,P0043,1,0.0
O03865,P0015,1,0.1
O03865,P0018,1,0.1
O03866,P0106,2,0.0
O03867,P0080,1,0.15
O03867,P0085,2,0.05
O03868,P0130,2,0.15
O03869,P0081,2,0.0
O03869,P0158,1,0.0
O03869,P0094,1,0.05
O03869,P0076,2,0.0
O03870,P0053,1,0.05
O03870,P0111,2,0.05
O03871,P0003,3,0.05
O03871,P0072,1,0.05
O03871,P0126,5,0.0
O03872,P0125,3,0.0
O03872,P0173,1,0.05
O03872,P0081,3,0.0
O03873,P0011,1,0.05
O03873,P0115,1,0.05
O03873,P0009,1,0.1
O03873,P0029,1,0.05
O03874,P0117,3,0.0
O03874,P0132,2,0.05
O03874,P0114,1,0.05
O03875,P0001,1,0.0
O03875,P0127,1,0.0
O03876,P0083,4,0.0
O03876,P0135,3,0.0
O03877,P0064,1,0.0
O03877,P0039,4,0.0
O03878,P0181,1,0.0
O03879,P0014,1,0.0
O03880,P0064,2,0.0
O03880,P0002,2,0.15
O03881,P0144,1,0.0
O03881,P0178,1,0.05
O03881,P0156,5,0.1
O03881,P0028,2,0.0
O03882,P0108,1,0.05
O03882,P0065,3,0.0
O03883,P0082,2,0.2
O03883,P0099,1,0.0
O03883,P0052,1,0.0
O03884,P0135,1,0.15
O03884,P0051,1,0.0
O03885,P0056,2,0.0
O03885,P0108,4,0.0
O03886,P0107,1,0.0
O03886,P0063,2,0.0
O03887,P0084,2,0.2
O03887,P0173,3,0.1
O03888,P0075,2,0.1
O03888,P0066,2,0.0
O03888,P0097,1,0.0
O03888,P0002,1,0.0
O03889,P0134,2,0.0
O03889,P0103,1,0.05
O03890,P0136,1,0.1
O03890,P0064,1,0.15
O03890,P0113,1,0.0
O03891,P0159,1,0.1
O03891,P0095,4,0.1
O03892,P0188,2,0.1
O03892,P0120,3,0.0
O03893,P0105,2,0.15
O03893,P0041,1,0.0
O03894,P0107,3,0.0
O03895,P0015,2,0.0
O03896,P0054,2,0.0
O03896,P0020,1,0.1
O03897,P0185,2,0.0
O03898,P0007,1,0.05
O03899,P0106,5,0.0
O03899,P0167,1,0.0
O03900,P0057,2,0.0
O03900,P0021,2,0.05
O03900,P0050,1,0.15
O03901,P0089,2,0.1
O03902,P0002,1,0.0
O03902,P0005,2,0.1
O03903,P0154,3,0.0
O03904,P0123,2,0.05
O03905,P0174,2,0.1
O03905,P0107,1,0.1
O03906,P0051,2,0.0
O03906,P0014,3,0.0
O03907,P0011,2,0.05
O03908,P0082,1,0.05
O03908,P0039,1,0.1
O03909,P0122,5,0.1
O03910,P0114,1,0.05
O03910,P0118,2,0.05
O03911,P0034,1,0.05
O03912,P0143,2,0.0
O03913,P0134,2,0.15
O03913,P0166,5,0.0
O03914,P0086,1,0.0
O03914,P0118,2,0.1
O03915,P0172,2,0.2
O03915,P0131,1,0.0
O03915,P0005,1,0.1
O03916,P0190,1,0.1
O03917,P0002,3,0.0
O03918,P0147,4,0.05
O03918,P0082,4,0.1
O03919,P0060,2,0.15
O03919,P0039,1,0.0
O03919,P0027,1,0.05
O03920,P0118,1,0.0
O03920,P0047,1,0.0
O03920,P0004,3,0.1
O03921,P0125,2,0.15
O03922,P0108,1,0.0
O03923,P0113,3,0.2
O03924,P0030,2,0.05
O03924,P0004,3,0.15
O03925,P0020,1,0.0
O03926,P0160,2,0.0
O03927,P0065,2,0.1
O03927,P0181,1,0.0
O03927,P0108,1,0.1
O03928,P0125,2,0.0
O03928,P0158,2,0.05
O03929,P0046,1,0.05
O03930,P0185,1,0.05
O03930,P0105,4,0.15
O03931,P0130,1,0.15
O03932,P0078,2,0.0
O03932,P0184,1,0.0
O03932,P0059,3,0.0
O03932,P0088,1,0.05
O03933,P0079,2,0.0
O03934,P0002,3,0.05
O03935,P0032,1,0.15
O03935,P0076,2,0.05
O03936,P0150,1,0.0
O03937,P0117,1,0.0
O03938,P0171,4,0.05
O03938,P0005,1,0.05
O03939,P0043,1,0.05
O03939,P0171,1,0.0
O03940,P0084,1,0.05
O03940,P0048,4,0.15
O03941,P0037,1,0.05
O03942,P0044,2,0.0
O03942,P0101,1,0.0
O03942,P0049,1,0.0
O03943,P0196,1,0.1
O03943,P0026,4,0.05
O03944,P0172,5,0.2
O03944,P0046,1,0.1
O03944,P0065,1,0.0
O03945,P0127,1,0.05
O03945,P0108,1,0.0
O03946,P0011,2,0.15
O03946,P0186,3,0.05
O03946,P0153,2,0.05
O03947,P0200,4,0.05
O03948,P0024,4,0.1
O03949,P0199,1,0.1
O03949,P0197,1,0.1
O03950,P0165,1,0.1
O03951,P0144,1,0.0
O03952,P0189,3,0.05
O03953,P0102,4,0.0
O03953,P0167,1,0.1
O03954,P0142,3,0.0
O03954,P0102,1,0.1
O03954,P0064,1,0.1
O03955,P0173,2,0.05
O03955,P0089,1,0.05
O03956,P0045,2,0.15
O03956,P0047,5,0.15
O03956,P0131,3,0.0
O03957,P0199,3,0.2
O03957,P0131,5,0.0
O03958,P0099,1,0.0
O03959,P0115,2,0.0
O03959,P0012,5,0.0
O03960,P0097,3,0.0
O03960,P0177,1,0.05
O03961,P0179,3,0.0
O03961,P0121,1,0.05
O03962,P0083,2,0.05
O03962,P0006,5,0.05
O03962,P0128,2,0.15
O03963,P0121,2,0.1
O03964,P0127,1,0.1
O03964,P0003,1,0.05
O03964,P0047,2,0.05
O03965,P0008,2,0.0
O03966,P0121,4,0.15
O03966,P0086,2,0.1
O03967,P0066,2,0.05
O03967,P0082,3,0.15
O03968,P0038,1,0.0
O03968,P0116,1,0.15
O03969,P0033,3,0.0
O03969,P0117,1,0.0
O03969,P0102,4,0.1
O03969,P0060,1,0.1
O03970,P0178,2,0.1
O03970,P0022,1,0.15
O03971,P0021,2,0.0
O03971,P0003,2,0.1
O03971,P0026,1,0.05
O03972,P0049,5,0.1
O03972,P0108,2,0.05
O03973,P0160,1,0.1
O03974,P0181,2,0.05
O03975,P0164,1,0.15
O03975,P0200,1,0.05
O03976,P0198,2,0.05
O03976,P0178,3,0.1
O03976,P0065,3,0.0
O03977,P0146,3,0.1
O03978,P0120,3,0.05
O03978,P0107,1,0.05
O03979,P0012,3,0.2
O03980,P0136,1,0.0
O03980,P0072,1,0.0
O03981,P0115,5,0.1
O03981,P0039,2,0.05
O03982,P0123,1,0.2
O03982,P0146,2,0.1
O03982,P0022,3,0.0
O03982,P0017,4,0.05
O03983,P0004,1,0.1
O03983,P0032,1,0.0
O03983,P0128,2,0.0
O03984,P0182,1,0.1
O03984,P0055,1,0.0
O03985,P0136,1,0.1
O03986,P0012,2,0.1
O03986,P0041,1,0.2
O03987,P0133,2,0.05
O03988,P0123,4,0.0
O03988,P0187,2,0.0
O03989,P0108,4,0.1
O03989,P0154,2,0.05
O03990,P0142,2,0.0
O03991,P0172,1,0.0
O03991,P0036,1,0.05
O03991,P0068,3,0.0
O03992,P0121,1,0.0
O03992,P0008,3,0.1
O03992,P0093,1,0.05
O03992,P0176,2,0.0
O03993,P0135,2,0.1
O03993,P0115,2,0.1
O03993,P0087,3,0.1
O03993,P0122,2,0.15
O03994,P0012,1,0.1
O03995,P0164,2,0.05
O03996,P0047,2,0.0
O03997,P0182,1,0.05
O03998,P0193,4,0.0
O03999,P0096,1,0.0
O04000,P0082,1,0.15
O04001,P0007,3,0.1
O04001,P0158,3,0.0
O04002,P0193,1,0.05
O04003,P0101,1,0.15
O04003,P0120,2,0.05
O04004,P0163,1,0.05
O04005,P0183,2,0.05
O04005,P0151,1,0.05
O04005,P0150,1,0.1
O04006,P0178,2,0.1
O04006,P0067,2,0.0
O04006,P0005,2,0.05
O04007,P0066,2,0.15
O04007,P0179,1,0.1
O04007,P0161,1,0.2
O04008,P0031,1,0.0
O04008,P0196,1,0.1
O04008,P0111,1,0.05
O04008,P0047,2,0.1
O04009,P0177,1,0.05
O04010,P0007,2,0.0
O04010,P0022,1,0.0
O04011,P0186,2,0.1
O04011,P0165,2,0.0
O04012,P0090,4,0.2
O04012,P0088,1,0.05
O04013,P0121,1,0.0
O04014,P0095,2,0.2
O04014,P0044,3,0.0
O04015,P0126,2,0.0
O04015,P0188,1,0.0
O04016,P0193,1,0.1
O04017,P0114,3,0.05
O04017,P0187,3,0.0
O04018,P0157,4,0.0
O04018,P0188,1,0.1
O04019,P0097,1,0.0
O04019,P0167,1,0.0
O04019,P0162,2,0.1
O04020,P0199,2,0.15
O04020,P0166,1,0.05
O04021,P0096,2,0.0
O04021,P0055,1,0.05
O04021,P0095,1,0.15
O04022,P0067,1,0.05
O04022,P0015,2,0.0
O04023,P0041,1,0.1
O04024,P0069,1,0.05
O04024,P0054,1,0.15
O04024,P0066,4,0.15
O04025,P0170,1,0.05
O04025,P0141,2,0.05
O04026,P0176,3,0.0
O04026,P0161,1,0.1
O04027,P0187,2,0.0
O04027,P0111,2,0.1
O04027,P0128,5,0.2
O04028,P0128,1,0.05
O04028,P0029,1,0.0
O04029,P0053,4,0.0
O04030,P0013,2,0.15
O04030,P0061,4,0.0
O04031,P0041,1,0.1
O04031,P0066,3,0.15
O04032,P0186,2,0.0
O04032,P0165,1,0.1
O04033,P0187,1,0.05
O04033,P0150,1,0.1
O04034,P0054,2,0.0
O04035,P0112,5,0.05
O04035,P0144,2,0.05
O04036,P0106,1,0.1
O04036,P0165,1,0.0
O04037,P0091,1,0.0
O04037,P0111,2,0.05
O04038,P0160,1,0.05
O04039,P0049,2,0.0
O04040,P0117,3,0.05
O04040,P0147,1,0.05
O04041,P0177,1,0.0
O04042,P0199,4,0.0
O04042,P0013,3,0.05
O04042,P0006,3,0.05
O04042,P0189,3,0.0
O04043,P0008,1,0.1
O04043,P0139,3,0.05
O04043,P0003,1,0.0
O04043,P0079,1,0.1
O04044,P0044,3,0.2
O04045,P0026,2,0.1
O04045,P0147,3,0.0
O04045,P0085,1,0.05
O04046,P0103,2,0.1
O04047,P0023,1,0.05
O04047,P0052,2,0.0
O04048,P0148,4,0.0
O04048,P0066,1,0.0
O04048,P0101,3,0.0
O04049,P0120,2,0.0
O04049,P0041,2,0.05
O04049,P0122,2,0.1
O04050,P0152,2,0.1
O04050,P0103,4,0.05
O04051,P0044,1,0.15
O04051,P0103,3,0.0
O04052,P0188,2,0.1
O04052,P0150,1,0.0
O04052,P0032,1,0.05
O04053,P0053,1,0.05
O04054,P0069,5,0.15
O04054,P0051,2,0.05
O04054,P0084,2,0.05
O04054,P0181,2,0.0
O04055,P0110,1,0.2
O04055,P0181,1,0.0
O04055,P0111,1,0.0
O04056,P0177,2,0.05
O04056,P0057,1,0.1
O04057,P0014,2,0.05
O04057,P0169,1,0.15
O04058,P0137,1,0.0
O04059,P0120,2,0.0
O04059,P0167,3,0.0
O04060,P0103,5,0.1
O04060,P0022,1,0.1
O04060,P0176,1,0.0
O04061,P0192,1,0.05
O04061,P0095,4,0.05
O04062,P0114,5,0.15
O04063,P0062,1,0.05
O04063,P0168,3,0.1
O04064,P0061,1,0.1
O04064,P0106,1,0.05
O04064,P0157,1,0.1
O04064,P0109,4,0.0
O04065,P0043,1,0.0
O04065,P0156,1,0.0
O04065,P0142,1,0.0
O04066,P0147,1,0.05
O04066,P0111,3,0.15
O04066,P0072,2,0.05
O04067,P0022,1,0.0
O04067,P0011,4,0.0
O04067,P0030,3,0.05
O04068,P0108,1,0.0
O04068,P0145,2,0.05
O04069,P0107,1,0.0
O04069,P0112,3,0.1
O04070,P0096,1,0.05
O04071,P0118,2,0.0
O04071,P0079,2,0.0
O04072,P0080,2,0.0
O04072,P0055,1,0.05
O04073,P0060,2,0.1
O04073,P0052,3,0.15
O04073,P0046,1,0.0
O04074,P0161,1,0.15
O04074,P0192,3,0.0
O04075,P0189,1,0.0
O04076,P0052,2,0.0
O04076,P0187,4,0.05
O04076,P0126,1,0.0
O04077,P0171,1,0.05
O04078,P0122,1,0.05
O04078,P0053,1,0.05
O04078,P0101,2,0.2
O04079,P0063,1,0.0
O04079,P0134,1,0.0
O04079,P0124,3,0.1
O04079,P0052,1,0.05
O04080,P0005,1,0.0
O04080,P0166,1,0.1
O04081,P0088,2,0.0
O04081,P0060,2,0.0
O04082,P0152,4,0.1
O04083,P0004,2,0.0
O04083,P0020,1,0.05
O04084,P0085,1,0.0
O04084,P0004,3,0.0
O04084,P0064,3,0.05
O04085,P0046,1,0.1
O04086,P0135,1,0.05
O04086,P0052,2,0.1
O04087,P0096,2,0.0
O04087,P0046,5,0.05
O04087,P0107,1,0.05
O04088,P0049,2,0.0
O04088,P0088,1,0.0
O04088,P0081,2,0.1
O04089,P0021,2,0.0
O04089,P0128,2,0.1
O04089,P0146,2,0.0
O04090,P0073,4,0.1
O04090,P0186,3,0.0
O04091,P0195,1,0.0
O04092,P0018,3,0.0
O04092,P0112,3,0.05
O04092,P0014,2,0.0
O04093,P0077,1,0.0
O04093,P0183,1,0.1
O04094,P0142,3,0.05
O04094,P0149,1,0.0
O04095,P0060,1,0.0
O04095,P0089,2,0.05
O04095,P0083,1,0.0
O04096,P0046,1,0.0
O04097,P0151,3,0.05
O04097,P0170,1,0.2
O04098,P0107,4,0.15
O04099,P0074,1,0.05
O04100,P0033,5,0.05
O04100,P0122,1,0.2
O04101,P0101,3,0.05
O04101,P0092,1,0.05
O04102,P0125,1,0.0
O04102,P0038,1,0.05
O04103,P0034,2,0.05
O04103,P0025,2,0.15
O04104,P0088,3,0.0
O04105,P0175,1,0.1
O04105,P0149,1,0.05
O04106,P0175,1,0.1
O04106,P0116,1,0.0
O04107,P0017,1,0.05
O04107,P0113,4,0.0
O04108,P0143,1,0.1
O04108,P0006,2,0.0
O04108,P0125,1,0.1
O04109,P0145,1,0.05
O04109,P0051,2,0.05
O04109,P0152,2,0.05
O04110,P0015,1,0.05
O04111,P0097,1,0.05
O04112,P0082,1,0.0
O04113,P0137,5,0.05
O04113,P0148,1,0.1
O04114,P0149,2,0.0
O04114,P0108,4,0.1
O04115,P0197,2,0.0
O04115,P0095,1,0.0
O04115,P0007,4,0.1
O04116,P0028,3,0.0
O04116,P0010,1,0.05
O04117,P0044,1,0.05
O04118,P0185,1,0.15
O04118,P0123,2,0.1
O04119,P0174,1,0.05
O04120,P0138,1,0.2
O04121,P0008,1,0.0
O04121,P0130,1,0.05
O04122,P0154,4,0.1
O04123,P0007,2,0.1
O04123,P0138,2,0.0
O04123,P0149,2,0.1
O04124,P0125,1,0.0
O04124,P0088,3,0.1
O04125,P0060,1,0.0
O04125,P0029,3,0.05
O04126,P0035,1,0.0
O04127,P0090,1,0.1
O04127,P0059,1,0.2
O04128,P0179,4,0.05
O04128,P0054,1,0.0
O04129,P0108,1,0.0
O04130,P0061,3,0.1
O04131,P0180,1,0.0
O04131,P0036,1,0.0
O04131,P0087,5,0.1
O04132,P0008,2,0.05
O04132,P0050,3,0.0
O04133,P0084,2,0.05
O04134,P0096,1,0.0
O04134,P0055,3,0.0
O04135,P0046,1,0.05
O04136,P0067,1,0.0
O04136,P0060,1,0.0
O04137,P0097,1,0.05
O04137,P0004,1,0.05
O04138,P0002,2,0.0
O04139,P0132,4,0.05
O04140,P0153,3,0.05
O04141,P0117,1,0.0
O04141,P0016,1,0.0
O04142,P0150,2,0.1
O04142,P0100,2,0.1
O04143,P0196,2,0.05
O04144,P0080,2,0.0
O04144,P0100,1,0.0
O04145,P0075,2,0.1
O04145,P0163,4,0.0
O04146,P0113,2,0.0
O04146,P0076,1,0.05
O04146,P0101,2,0.05
O04147,P0009,2,0.05
O04148,P0011,1,0.1
O04148,P0200,1,0.0
O04148,P0156,1,0.1
O04149,P0068,2,0.0
O04149,P0043,2,0.1
O04150,P0035,1,0.05
O04151,P0061,1,0.0
O04151,P0071,3,0.05
O04152,P0195,4,0.05
O04152,P0095,1,0.0
O04153,P0189,2,0.05
O04153,P0064,1,0.1
O04153,P0193,3,0.0
O04154,P0034,1,0.1
O04155,P0136,1,0.1
O04155,P0033,2,0.0
O04155,P0128,1,0.0
O04156,P0012,2,0.05
O04156,P0116,2,0.1
O04157,P0041,1,0.0
O04157,P0158,1,0.1
O04158,P0187,2,0.05
O04158,P0040,1,0.0
O04159,P0005,2,0.05
O04159,P0142,2,0.2
O04159,P0050,1,0.15
O04160,P0143,1,0.0
O04160,P0113,1,0.1
O04160,P0126,2,0.05
O04160,P0013,2,0.05
O04161,P0069,1,0.05
O04162,P0002,3,0.0
O04162,P0008,2,0.05
O04163,P0045,3,0.0
O04164,P0042,1,0.05
O04165,P0092,3,0.0
O04166,P0068,2,0.1
O04166,P0115,5,0.0
O04167,P0104,3,0.0
O04167,P0031,1,0.0
O04167,P0040,1,0.2
O04168,P0093,1,0.15
O04168,P0180,1,0.0
O04169,P0110,3,0.1
O04170,P0091,2,0.0
O04170,P0140,1,0.0
O04171,P0177,1,0.05
O04171,P0061,3,0.1
O04171,P0094,3,0.0
O04172,P0118,2,0.0
O04172,P0122,1,0.0
O04173,P0139,1,0.05
O04173,P0186,1,0.05
O04173,P0018,1,0.0
O04174,P0033,4,0.05
O04175,P0028,2,0.05
O04175,P0153,1,0.1
O04176,P0167,1,0.15
O04177,P0197,1,0.15
O04177,P0119,2,0.05
O04178,P0139,5,0.05
O04179,P0103,1,0.05
O04180,P0180,1,0.0
O04181,P0160,5,0.0
O04182,P0166,1,0.15
O04182,P0096,1,0.0
O04183,P0038,1,0.05
O04183,P0136,2,0.0
O04183,P0021,3,0.15
O04184,P0115,4,0.0
O04184,P0027,2,0.05
O04184,P0041,2,0.0
O04185,P0019,1,0.15
O04186,P0153,2,0.15
O04186,P0183,1,0.1
O04187,P0050,1,0.05
O04187,P0145,1,0.2
O04187,P0184,3,0.15
O04187,P0111,4,0.1
O04188,P0146,5,0.0
O04189,P0152,1,0.05
O04189,P0116,1,0.2
O04189,P0150,1,0.1
O04190,P0135,1,0.1
O04190,P0002,1,0.1
O04190,P0134,1,0.1
O04191,P0040,2,0.0
O04191,P0109,1,0.05
O04191,P0152,1,0.0
O04192,P0140,1,0.2
O04192,P0198,1,0.05
O04193,P0080,2,0.0
O04193,P0063,2,0.0
O04193,P0144,1,0.0
O04194,P0008,1,0.1
O04194,P0171,1,0.05
O04195,P0196,2,0.1
O04195,P0174,2,0.05
O04196,P0085,1,0.1
O04196,P0131,2,0.1
O04196,P0027,1,0.0
O04197,P0182,2,0.1
O04197,P0043,1,0.0
O04198,P0173,1,0.05
O04198,P0104,4,0.0
O04199,P0163,1,0.05
O04200,P0124,4,0.05
O04200,P0149,2,0.2
O04201,P0089,2,0.0
O04201,P0002,2,0.1
O04202,P0141,1,0.1
O04203,P0065,1,0.0
O04203,P0026,2,0.15
O04204,P0023,2,0.0
O04204,P0097,1,0.05
O04204,P0029,1,0.15
O04205,P0154,1,0.05
O04206,P0139,1,0.05
O04206,P0129,2,0.0
O04207,P0196,2,0.05
O04207,P0176,1,0.1
O04207,P0125,1,0.05
O04208,P0041,1,0.15
O04209,P0032,4,0.15
O04209,P0197,3,0.0
O04210,P0150,1,0.0
O04210,P0181,4,0.1
O04210,P0068,2,0.15
O04211,P0058,2,0.05
O04211,P0152,2,0.1
O04211,P0114,1,0.0
O04211,P0019,1,0.1
O04212,P0143,2,0.1
O04212,P0194,2,0.2
O04213,P0101,1,0.0
O04213,P0008,2,0.0
O04214,P0013,5,0.0
O04215,P0162,2,0.0
O04215,P0179,1,0.05
O04215,P0104,2,0.0
O04216,P0077,1,0.2
O04217,P0133,5,0.1
O04217,P0194,1,0.05
O04217,P0167,2,0.05
O04218,P0037,1,0.15
O04218,P0044,1,0.05
O04219,P0140,1,0.1
O04219,P0056,1,0.0
O04220,P0071,2,0.05
O04221,P0017,1,0.2
O04221,P0011,1,0.05
O04222,P0167,3,0.1
O04222,P0063,2,0.0
O04223,P0158,2,0.0
O04223,P0178,1,0.0
O04224,P0163,2,0.1
O04224,P0030,1,0.05
O04225,P0100,1,0.0
O04225,P0051,2,0.0
O04225,P0068,1,0.05
O04226,P0084,5,0.05
O04227,P0022,2,0.1
O04227,P0107,1,0.05
O04228,P0061,1,0.0
O04228,P0153,1,0.05
O04229,P0165,1,0.0
O04229,P0075,1,0.0
O04229,P0137,3,0.05
O04230,P0148,2,0.05
O04231,P0129,3,0.05
O04231,P0136,1,0.05
O04231,P0001,2,0.0
O04232,P0145,1,0.05
O04233,P0115,1,0.0
O04233,P0059,2,0.0
O04234,P0139,2,0.0
O04234,P0014,2,0.0
O04235,P0148,1,0.0
O04235,P0065,1,0.05
O04235,P0182,2,0.05
O04236,P0005,1,0.0
O04237,P0028,1,0.05
O04237,P0046,4,0.2
O04238,P0179,2,0.1
O04239,P0194,4,0.15
O04240,P0110,1,0.1
O04240,P0122,3,0.05
O04240,P0186,3,0.0
O04241,P0125,2,0.1
O04241,P0138,1,0.0
O04241,P0020,1,0.2
O04242,P0114,1,0.0
O04242,P0071,5,0.05
O04243,P0189,3,0.15
O04243,P0142,2,0.15
O04244,P0199,2,0.0
O04244,P0133,5,0.05
O04244,P0184,4,0.05
O04245,P0176,1,0.15
O04245,P0103,2,0.05
O04246,P0189,1,0.2
O04246,P0031,2,0.15
O04247,P0009,4,0.05
O04247,P0178,1,0.05
O04247,P0191,4,0.2
O04248,P0018,2,0.0
O04249,P0091,3,0.0
O04250,P0033,2,0.0
O04250,P0166,3,0.1
O04251,P0195,1,0.0
O04251,P0158,1,0.0
O04252,P0048,2,0.0
O04252,P0036,1,0.05
O04253,P0148,1,0.0
O04254,P0193,2,0.0
O04254,P0172,1,0.1
O04255,P0047,3,0.0
O04255,P0031,2,0.1
O04256,P0042,1,0.2
O04257,P0147,2,0.1
O04257,P0024,2,0.05
O04257,P0189,2,0.0
O04258,P0015,3,0.05
O04258,P0045,1,0.15
O04259,P0124,1,0.0
O04260,P0162,2,0.05
O04261,P0050,1,0.05
O04261,P0011,1,0.0
O04262,P0053,1,0.0
O04262,P0047,1,0.0
O04263,P0102,1,0.05
O04264,P0020,4,0.0
O04264,P0013,3,0.05
O04265,P0159,1,0.1
O04265,P0184,3,0.05
O04266,P0081,2,0.1
O04267,P0078,1,0.0
O04267,P0049,2,0.0
O04267,P0181,3,0.0
O04268,P0101,1,0.0
O04269,P0180,1,0.1
O04270,P0085,2,0.05
O04270,P0040,2,0.1
O04270,P0037,1,0.05
O04271,P0068,1,0.05
O04271,P0064,1,0.2
O04272,P0114,4,0.1
O04272,P0027,1,0.05
O04273,P0183,3,0.05
O04273,P0099,1,0.1
O04274,P0117,2,0.05
O04274,P0053,1,0.15
O04274,P0185,1,0.0
O04275,P0155,1,0.05
O04276,P0146,4,0.2
O04277,P0104,2,0.0
O04277,P0164,3,0.05
O04278,P0051,3,0.0
O04278,P0011,2,0.05
O04279,P0063,2,0.0
O04280,P0038,1,0.15
O04280,P0083,2,0.05
O04281,P0081,2,0.1
O04282,P0023,1,0.15
O04282,P0184,4,0.05
O04282,P0021,2,0.1
O04283,P0053,1,0.05
O04283,P0081,2,0.0
O04284,P0193,2,0.1
O04284,P0022,1,0.0
O04285,P0170,1,0.2
O04286,P0197,2,0.15
O04286,P0106,1,0.05
O04286,P0132,1,0.15
O04287,P0194,3,0.0
O04287,P0106,1,0.15
O04288,P0045,2,0.05
O04289,P0170,1,0.15
O04289,P0088,1,0.0
O04289,P0103,2,0.05
O04290,P0153,2,0.1
O04291,P0136,3,0.05
O04291,P0035,3,0.1
O04291,P0143,4,0.05
O04292,P0047,1,0.05
O04292,P0135,1,0.0
O04293,P0158,4,0.0
O04294,P0160,2,0.1
O04295,P0034,1,0.15
O04295,P0198,1,0.0
O04296,P0117,1,0.05
O04297,P0080,5,0.2
O04298,P0170,1,0.05
O04298,P0145,2,0.15
O04299,P0153,1,0.0
O04300,P0183,2,0.0
O04300,P0174,2,0.1
O04300,P0021,1,0.15
O04300,P0101,1,0.0
O04301,P0184,2,0.15
O04301,P0108,1,0.0
O04302,P0125,2,0.0
O04302,P0057,3,0.0
O04303,P0130,2,0.1
O04304,P0137,1,0.0
O04304,P0002,1,0.05
O04305,P0188,1,0.2
O04305,P0134,2,0.0
O04305,P0059,4,0.0
O04306,P0071,2,0.0
O04307,P0087,2,0.2
O04308,P0148,2,0.05
O04308,P0025,2,0.0
O04308,P0095,3,0.05
O04308,P0050,2,0.0
O04309,P0081,1,0.1
O04309,P0011,1,0.0
O04310,P0069,1,0.05
O04310,P0141,2,0.05
O04310,P0118,4,0.0
O04311,P0057,1,0.1
O04311,P0026,3,0.1
O04312,P0078,2,0.05
O04313,P0045,2,0.15
O04313,P0148,2,0.1
O04314,P0142,1,0.15
O04315,P0136,1,0.1
O04315,P0096,1,0.05
O04316,P0199,1,0.0
O04316,P0008,1,0.1
O04317,P0054,1,0.05
O04318,P0092,1,0.1
O04318,P0144,1,0.0
O04319,P0031,3,0.0
O04320,P0008,2,0.2
O04320,P0179,4,0.05
O04321,P0074,1,0.0
O04321,P0179,2,0.0
O04322,P0056,1,0.15
O04322,P0177,3,0.0
O04323,P0120,1,0.0
O04323,P0127,4,0.15
O04323,P0166,2,0.0
O04324,P0099,2,0.0
O04325,P0020,1,0.0
O04325,P0060,1,0.0
O04326,P0198,2,0.1
O04327,P0024,3,0.0
O04327,P0146,2,0.1
O04327,P0180,2,0.0
O04328,P0009,3,0.15
O04329,P0089,1,0.05
O04329,P0059,1,0.0
O04330,P0026,1,0.05
O04330,P0050,2,0.0
O04331,P0059,3,0.0
O04331,P0018,2,0.0
O04332,P0026,1,0.05
O04332,P0054,5,0.0
O04333,P0051,4,0.05
O04333,P0076,4,0.15
O04334,P0050,1,0.0
O04334,P0076,1,0.05
O04334,P0138,2,0.0
O04335,P0060,3,0.15
O04336,P0058,1,0.0
O04337,P0035,3,0.05
O04337,P0173,1,0.05
O04338,P0156,2,0.05
O04339,P0082,1,0.15
O04340,P0062,1,0.0
O04341,P0200,1,0.0
O04342,P0150,1,0.1
O04342,P0024,4,0.1
O04342,P0121,2,0.05
O04343,P0197,3,0.15
O04343,P0186,2,0.05
O04344,P0139,2,0.05
O04344,P0192,4,0.0
O04345,P0004,3,0.1
O04345,P0093,3,0.05
O04346,P0183,4,0.05
O04346,P0116,1,0.15
O04347,P0187,1,0.05
O04347,P0137,1,0.1
O04348,P0094,1,0.1
O04348,P0026,2,0.0
O04349,P0171,1,0.0
O04349,P0091,1,0.0
O04350,P0130,1,0.0
O04350,P0119,3,0.05
O04350,P0010,4,0.0
O04350,P0124,1,0.1
O04351,P0040,1,0.0
O04351,P0139,1,0.05
O04352,P0177,1,0.1
O04352,P0031,1,0.05
O04352,P0188,1,0.0
O04353,P0154,2,0.05
O04354,P0037,1,0.05
O04355,P0135,2,0.05
O04355,P0171,1,0.2
O04356,P0076,1,0.1
O04356,P0068,1,0.0
O04356,P0060,2,0.0
O04357,P0166,3,0.05
O04357,P0140,2,0.05
O04357,P0200,3,0.1
O04357,P0119,2,0.05
O04358,P0100,4,0.1
O04358,P0196,3,0.05
O04358,P0040,1,0.15
O04359,P0070,1,0.1
O04360,P0064,2,0.1
O04360,P0054,1,0.1
O04361,P0001,1,0.0
O04361,P0179,1,0.05
O04362,P0008,2,0.05
O04362,P0106,1,0.2
O04362,P0190,2,0.2
O04363,P0109,3,0.0
O04363,P0091,5,0.0
O04364,P0142,1,0.05
O04365,P0065,3,0.05
O04365,P0180,1,0.05
O04366,P0090,3,0.05
O04367,P0008,2,0.0
O04367,P0074,2,0.0
O04367,P0042,2,0.05
O04368,P0097,2,0.05
O04369,P0145,2,0.05
O04369,P0048,4,0.05
O04369,P0096,1,0.05
O04370,P0053,1,0.0
O04370,P0064,3,0.05
O04371,P0165,1,0.05
O04371,P0145,1,0.2
O04372,P0006,4,0.15
O04372,P0104,1,0.1
O04372,P0120,1,0.05
O04372,P0157,1,0.1
O04373,P0003,1,0.15
O04373,P0147,2,0.0
O04374,P0176,3,0.0
O04374,P0103,1,0.15
O04374,P0112,1,0.2
O04375,P0102,1,0.05
O04375,P0107,4,0.05
O04375,P0163,1,0.0
O04376,P0090,2,0.1
O04376,P0160,5,0.0
O04377,P0126,1,0.0
O04377,P0128,2,0.0
O04377,P0198,1,0.05
O04378,P0085,1,0.0
O04378,P0130,1,0.0
O04378,P0051,1,0.15
O04379,P0070,2,0.0
O04380,P0160,1,0.0
O04381,P0195,1,0.1
O04381,P0089,1,0.0
O04381,P0072,1,0.0
O04382,P0071,2,0.05
O04383,P0031,1,0.0
O04383,P0006,2,0.0
O04384,P0018,2,0.0
O04385,P0096,1,0.15
O04385,P0021,2,0.0
O04386,P0060,1,0.05
O04386,P0136,1,0.05
O04387,P0056,2,0.05
O04388,P0031,3,0.1
O04388,P0102,4,0.05
O04389,P0118,3,0.0
O04389,P0190,1,0.1
O04389,P0182,1,0.0
O04390,P0024,1,0.0
O04390,P0022,3,0.15
O04390,P0069,1,0.05
O04391,P0025,4,0.0
O04391,P0057,1,0.0
O04392,P0152,2,0.0
O04393,P0192,2,0.0
O04394,P0079,1,0.0
O04394,P0199,2,0.0
O04395,P0102,1,0.0
O04395,P0015,1,0.0
O04395,P0126,1,0.0
O04396,P0002,2,0.0
O04397,P0092,3,0.0
O04397,P0161,1,0.05
O04398,P0112,3,0.0
O04398,P0162,1,0.15
O04398,P0181,4,0.1
O04399,P0039,1,0.0
O04400,P0017,1,0.0
O04401,P0053,3,0.05
O04401,P0035,2,0.05
O04401,P0076,1,0.1
O04402,P0081,2,0.15
O04403,P0069,5,0.2
O04404,P0117,2,0.05
O04404,P0026,1,0.1
O04405,P0038,2,0.0
O04406,P0155,1,0.05
O04406,P0005,3,0.05
O04407,P0100,1,0.0
O04408,P0052,1,0.1
O04408,P0116,3,0.05
O04408,P0126,3,0.05
O04408,P0051,3,0.1
O04409,P0037,3,0.05
O04409,P0191,2,0.05
O04410,P0147,3,0.05
O04411,P0006,1,0.0
O04411,P0174,2,0.05
O04411,P0162,3,0.1
O04411,P0082,1,0.1
O04412,P0065,1,0.2
O04412,P0016,4,0.1
O04412,P0125,1,0.05
O04413,P0131,3,0.05
O04413,P0064,2,0.0
O04413,P0018,1,0.1
O04414,P0019,2,0.05
O04415,P0127,2,0.05
O04415,P0143,1,0.0
O04416,P0004,2,0.05
O04416,P0035,5,0.05
O04417,P0134,4,0.2
O04418,P0168,2,0.05
O04419,P0092,1,0.0
O04419,P0065,2,0.0
O04420,P0022,2,0.15
O04420,P0006,2,0.0
O04421,P0019,1,0.1
O04422,P0114,1,0.1
O04422,P0163,1,0.05
O04423,P0075,2,0.05
O04424,P0150,1,0.05
O04424,P0102,1,0.05
O04425,P0075,2,0.05
O04425,P0069,1,0.0
O04426,P0079,1,0.0
O04426,P0057,3,0.0
O04427,P0073,1,0.15
O04427,P0123,3,0.1
O04427,P0050,2,0.05
O04428,P0105,1,0.1
O04429,P0197,1,0.0
O04429,P0162,1,0.05
O04430,P0166,5,0.15
O04430,P0125,2,0.0
O04430,P0197,1,0.05
O04430,P0105,1,0.05
O04431,P0163,1,0.0
O04431,P0197,1,0.0
O04432,P0088,3,0.0
O04432,P0192,2,0.05
O04433,P0105,1,0.0
O04434,P0120,2,0.1
O04434,P0110,1,0.0
O04435,P0078,1,0.1
O04435,P0053,3,0.1
O04436,P0061,1,0.15
O04436,P0155,5,0.0
O04437,P0002,2,0.15
O04437,P0046,1,0.1
O04438,P0041,1,0.1
O04438,P0116,1,0.1
O04438,P0138,4,0.0
O04439,P0095,1,0.1
O04439,P0151,3,0.0
O04440,P0038,1,0.0
O04440,P0146,3,0.0
O04441,P0185,1,0.0
O04441,P0165,5,0.05
O04441,P0167,1,0.0
O04441,P0056,1,0.0
O04442,P0083,1,0.05
O04443,P0034,1,0.0
O04443,P0031,1,0.1
O04444,P0057,1,0.0
O04445,P0081,4,0.05
O04446,P0168,2,0.0
O04447,P0138,1,0.0
O04447,P0099,1,0.05
O04448,P0158,1,0.0
O04448,P0084,2,0.05
O04448,P0049,1,0.1
O04448,P0162,2,0.05
O04449,P0165,1,0.05
O04449,P0153,2,0.0
O04449,P0117,3,0.05
O04450,P0076,1,0.2
O04451,P0198,3,0.1
O04452,P0021,1,0.0
O04452,P0184,2,0.15
O04453,P0014,1,0.05
O04454,P0153,2,0.05
O04454,P0048,5,0.1
O04454,P0169,1,0.0
O04455,P0140,1,0.0
O04455,P0047,1,0.0
O04456,P0035,1,0.0
O04456,P0079,1,0.05
O04457,P0175,1,0.0
O04457,P0184,2,0.1
O04458,P0105,2,0.1
O04459,P0159,2,0.0
O04459,P0134,4,0.0
O04460,P0047,1,0.0
O04460,P0103,1,0.05
O04461,P0199,2,0.0
O04462,P0118,4,0.0
O04462,P0007,3,0.1
O04463,P0116,1,0.05
O04463,P0042,1,0.2
O04463,P0049,3,0.15
O04463,P0109,2,0.0
O04464,P0165,1,0.05
O04464,P0067,1,0.0
O04465,P0104,1,0.1
O04465,P0071,1,0.15
O04466,P0086,2,0.05
O04467,P0172,1,0.0
O04468,P0190,3,0.05
O04468,P0122,5,0.0
O04469,P0141,2,0.05
O04469,P0044,1,0.05
O04469,P0142,1,0.0
O04470,P0098,2,0.05
O04471,P0091,1,0.1
O04471,P0128,3,0.0
O04472,P0084,2,0.0
O04472,P0123,1,0.0
O04472,P0100,1,0.0
O04473,P0008,2,0.0
O04473,P0199,1,0.05
O04473,P0105,1,0.05
O04473,P0197,3,0.2
O04474,P0191,3,0.15
O04474,P0097,2,0.1
O04475,P0084,1,0.0
O04475,P0091,3,0.15
O04476,P0115,1,0.1
O04476,P0139,1,0.0
O04477,P0007,1,0.05
O04477,P0112,2,0.1
O04478,P0059,1,0.0
O04479,P0013,3,0.05
O04479,P0178,1,0.1
O04479,P0035,1,0.05
O04480,P0083,1,0.05
O04480,P0055,2,0.05
O04480,P0103,1,0.05
O04481,P0188,3,0.05
O04481,P0060,3,0.05
O04481,P0132,1,0.05
O04482,P0061,1,0.1
O04482,P0127,3,0.0
O04483,P0010,3,0.1
O04483,P0132,3,0.0
O04484,P0119,2,0.05
O04484,P0073,2,0.1
O04485,P0139,2,0.2
O04486,P0189,1,0.05
O04487,P0188,1,0.05
O04487,P0133,1,0.0
O04487,P0021,2,0.1
O04488,P0027,1,0.05
O04489,P0041,1,0.05
O04489,P0074,1,0.05
O04489,P0082,1,0.0
O04490,P0019,4,0.05
O04490,P0039,4,0.0
O04491,P0108,1,0.0
O04491,P0093,1,0.1
O04492,P0138,2,0.0
O04492,P0032,3,0.05
O04493,P0185,1,0.0
O04494,P0052,3,0.05
O04495,P0163,1,0.0
O04495,P0099,1,0.0
O04496,P0113,1,0.05
O04496,P0178,2,0.05
O04496,P0073,1,0.0
O04497,P0102,1,0.0
O04498,P0114,1,0.0
O04498,P0068,2,0.0
O04499,P0021,2,0.1
O04500,P0090,1,0.05
O04500,P0153,1,0.05
O04501,P0050,1,0.0
O04501,P0187,2,0.0
O04502,P0169,1,0.1
O04503,P0112,1,0.05
O04503,P0043,1,0.0
O04504,P0146,2,0.15
O04505,P0009,1,0.15
O04505,P0099,2,0.0
O04506,P0125,4,0.0
O04506,P0160,3,0.1
O04507,P0114,1,0.0
O04508,P0050,1,0.0
O04509,P0197,1,0.0
O04509,P0112,2,0.1
O04510,P0087,1,0.05
O04510,P0032,2,0.0
O04511,P0005,1,0.0
O04511,P0068,2,0.05
O04511,P0157,4,0.1
O04511,P0108,2,0.05
O04512,P0113,2,0.1
O04512,P0100,1,0.0
O04512,P0155,2,0.15
O04512,P0160,1,0.0
O04513,P0157,2,0.0
O04514,P0034,1,0.1
O04514,P0188,2,0.2
O04514,P0086,1,0.0
O04514,P0028,4,0.05
O04515,P0091,1,0.0
O04515,P0030,1,0.0
O04516,P0038,4,0.0
O04516,P0200,3,0.0
O04517,P0092,3,0.05
O04517,P0024,1,0.15
O04518,P0031,1,0.1
O04518,P0028,1,0.05
O04518,P0076,4,0.15
O04519,P0180,2,0.0
O04519,P0021,1,0.1
O04520,P0077,1,0.15
O04520,P0115,2,0.15
O04520,P0125,3,0.05
O04521,P0028,2,0.0
O04521,P0183,3,0.0
O04522,P0166,1,0.0
O04522,P0073,1,0.0
O04522,P0102,1,0.05
O04523,P0145,1,0.2
O04523,P0157,2,0.05
O04524,P0179,1,0.0
O04525,P0093,1,0.1
O04525,P0074,1,0.1
O04526,P0033,1,0.2
O04526,P0093,1,0.0
O04527,P0078,2,0.0
O04528,P0177,3,0.1
O04529,P0171,5,0.0
O04530,P0005,4,0.1
O04531,P0052,1,0.0
O04532,P0080,1,0.05
O04532,P0092,2,0.0
O04533,P0141,4,0.0
O04533,P0111,5,0.1
O04533,P0066,1,0.0
O04534,P0073,1,0.0
O04534,P0162,1,0.2
O04534,P0085,1,0.05
O04535,P0157,3,0.0
O04535,P0013,3,0.15
O04536,P0099,3,0.1
O04536,P0009,3,0.1
O04536,P0055,3,0.0
O04537,P0015,3,0.0
O04538,P0144,2,0.1
O04538,P0108,1,0.0
O04538,P0046,3,0.15
O04539,P0175,2,0.0
O04539,P0173,2,0.0
O04540,P0005,1,0.05
O04541,P0167,3,0.0
O04541,P0105,4,0.05
O04542,P0116,2,0.0
O04542,P0198,3,0.05
O04542,P0084,1,0.0
O04543,P0116,1,0.0
O04544,P0047,1,0.05
O04544,P0057,1,0.2
O04545,P0151,1,0.0
O04545,P0179,1,0.0
O04546,P0045,1,0.0
O04547,P0144,4,0.05
O04547,P0061,1,0.15
O04547,P0017,5,0.1
O04548,P0002,2,0.0
O04548,P0182,1,0.05
O04549,P0159,1,0.05
O04549,P0102,1,0.05
O04550,P0113,3,0.1
O04550,P0077,3,0.05
O04551,P0064,2,0.15
O04551,P0126,2,0.0
O04551,P0044,1,0.05
O04552,P0113,1,0.2
O04552,P0101,2,0.1
O04553,P0161,2,0.0
O04553,P0070,3,0.05
O04553,P0080,3,0.05
O04553,P0179,2,0.0
O04554,P0161,2,0.0
O04555,P0140,3,0.0
O04555,P0060,2,0.0
O04556,P0160,1,0.0
O04557,P0059,2,0.1
O04557,P0046,1,0.0
O04558,P0042,2,0.1
O04558,P0095,1,0.0
O04559,P0076,4,0.05
O04559,P0088,3,0.2
O04560,P0040,4,0.1
O04561,P0117,1,0.1
O04561,P0037,4,0.15
O04561,P0057,1,0.05
O04562,P0095,1,0.0
O04563,P0080,1,0.0
O04563,P0053,1,0.05
O04564,P0004,1,0.0
O04564,P0129,2,0.05
O04565,P0093,5,0.05
O04565,P0067,3,0.0
O04565,P0064,1,0.05
O04566,P0014,2,0.0
O04567,P0150,2,0.0
O04567,P0016,2,0.05
O04568,P0125,2,0.05
O04568,P0150,1,0.05
O04569,P0119,1,0.15
O04570,P0068,1,0.2
O04570,P0192,2,0.15
O04570,P0001,1,0.1
O04571,P0131,1,0.1
O04571,P0074,2,0.0
O04571,P0019,1,0.0
O04572,P0013,2,0.05
O04572,P0165,2,0.05
O04572,P0168,1,0.1
O04573,P0065,2,0.15
O04573,P0010,1,0.05
O04573,P0047,3,0.0
O04574,P0105,3,0.0
O04575,P0126,1,0.05
O04575,P0065,2,0.0
O04575,P0027,2,0.05
O04575,P0051,1,0.05
O04576,P0053,1,0.0
O04577,P0100,1,0.05
O04577,P0086,1,0.0
O04577,P0053,4,0.0
O04578,P0135,2,0.05
O04579,P0100,1,0.0
O04579,P0117,1,0.05
O04580,P0151,1,0.05
O04580,P0087,2,0.0
O04580,P0003,1,0.1
O04581,P0119,2,0.15
O04581,P0023,2,0.1
O04581,P0053,1,0.0
O04582,P0104,2,0.0
O04583,P0048,2,0.0
O04583,P0149,4,0.0
O04584,P0092,1,0.05
O04584,P0125,1,0.0
O04585,P0199,1,0.2
O04586,P0086,3,0.05
O04587,P0181,2,0.2
O04587,P0116,1,0.05
O04587,P0199,2,0.1
O04588,P0100,2,0.0
O04589,P0014,3,0.05
O04589,P0107,4,0.0
O04589,P0155,4,0.05
O04590,P0001,5,0.0
O04591,P0021,2,0.05
O04592,P0014,2,0.1
O04593,P0193,2,0.1
O04593,P0123,2,0.0
O04594,P0006,1,0.05
O04594,P0022,2,0.1
O04595,P0177,2,0.05
O04596,P0187,3,0.05
O04597,P0020,1,0.2
O04598,P0039,1,0.1
O04598,P0099,2,0.05
O04598,P0118,1,0.0
O04598,P0153,1,0.05
O04599,P0053,2,0.0
O04599,P0170,2,0.2
O04600,P0156,1,0.0
O04600,P0113,2,0.15
O04601,P0167,2,0.0
O04601,P0085,3,0.05
O04601,P0182,2,0.2
O04602,P0126,1,0.0
O04603,P0150,1,0.1
O04604,P0179,5,0.05
O04604,P0093,1,0.05
O04605,P0095,2,0.05
O04605,P0142,1,0.0
O04606,P0179,5,0.0
O04607,P0138,1,0.0
O04607,P0126,3,0.05
O04607,P0099,1,0.1
O04607,P0160,2,0.05
O04608,P0060,2,0.0
O04608,P0115,5,0.0
O04608,P0146,1,0.0
O04609,P0075,1,0.0
O04609,P0055,1,0.0
O04609,P0002,5,0.0
O04609,P0119,3,0.1
O04610,P0018,1,0.1
O04611,P0076,1,0.0
O04611,P0002,1,0.05
O04611,P0097,1,0.1
O04611,P0106,1,0.1
O04612,P0119,2,0.15
O04612,P0157,3,0.15
O04612,P0171,4,0.0
O04613,P0105,3,0.0
O04614,P0062,1,0.05
O04614,P0126,5,0.05
O04614,P0158,1,0.0
O04615,P0084,2,0.0
O04615,P0146,1,0.05
O04616,P0099,4,0.05
O04616,P0160,3,0.05
O04617,P0093,2,0.05
O04618,P0186,4,0.0
O04618,P0119,3,0.0
O04619,P0180,1,0.0
O04619,P0197,2,0.0
O04620,P0117,3,0.0
O04621,P0032,2,0.0
O04622,P0128,4,0.1
O04622,P0139,2,0.1
O04623,P0095,1,0.1
O04624,P0008,1,0.05
O04624,P0021,1,0.1
O04624,P0056,1,0.1
O04624,P0175,3,0.05
O04625,P0151,4,0.0
O04625,P0001,4,0.2
O04626,P0146,3,0.2
O04626,P0041,2,0.0
O04627,P0147,1,0.0
O04627,P0084,2,0.05
O04627,P0060,5,0.0
O04628,P0097,1,0.0
O04628,P0124,2,0.15
O04628,P0099,2,0.0
O04629,P0060,1,0.1
O04629,P0089,2,0.0
O04630,P0026,2,0.0
O04631,P0199,3,0.1
O04632,P0071,2,0.1
O04633,P0007,2,0.05
O04633,P0093,1,0.0
O04634,P0179,2,0.05
O04635,P0040,2,0.1
O04635,P0034,1,0.0
O04636,P0103,2,0.05
O04636,P0070,1,0.1
O04636,P0013,4,0.05
O04636,P0084,3,0.0
O04637,P0191,2,0.0
O04637,P0178,1,0.0
O04637,P0015,1,0.05
O04638,P0120,1,0.05
O04638,P0018,1,0.05
O04639,P0195,2,0.1
O04639,P0112,1,0.0
O04640,P0057,1,0.05
O04640,P0145,1,0.05
O04641,P0182,4,0.05
O04641,P0141,2,0.1
O04642,P0006,1,0.0
O04643,P0176,4,0.0
O04644,P0018,2,0.0
O04645,P0060,3,0.05
O04646,P0194,2,0.05
O04646,P0185,2,0.05
O04647,P0199,1,0.05
O04647,P0115,4,0.15
O04648,P0017,2,0.0
O04648,P0041,1,0.05
O04649,P0069,1,0.05
O04649,P0062,5,0.0
O04649,P0109,1,0.0
O04650,P0030,2,0.1
O04650,P0065,2,0.2
O04651,P0100,2,0.0
O04651,P0136,4,0.05
O04652,P0195,3,0.05
O04652,P0047,3,0.1
O04652,P0081,3,0.05
O04653,P0118,1,0.0
O04653,P0194,3,0.0
O04654,P0114,2,0.0
O04654,P0017,4,0.05
O04655,P0180,3,0.05
O04656,P0192,1,0.1
O04656,P0083,1,0.2
O04657,P0051,1,0.0
O04658,P0053,2,0.15
O04659,P0169,1,0.0
O04660,P0041,1,0.0
O04661,P0113,1,0.1
O04662,P0192,2,0.0
O04663,P0162,2,0.2
O04664,P0068,2,0.15
O04664,P0073,2,0.0
O04665,P0167,3,0.0
O04665,P0172,1,0.05
O04666,P0168,1,0.15
O04666,P0183,2,0.0
O04666,P0030,2,0.05
O04666,P0174,1,0.2
O04667,P0108,1,0.05
O04667,P0163,1,0.15
O04668,P0066,1,0.2
O04668,P0152,1,0.0
O04668,P0136,1,0.0
O04669,P0122,1,0.05
O04670,P0110,3,0.1
O04670,P0035,1,0.05
O04671,P0023,1,0.05
O04671,P0180,1,0.05
O04671,P0038,4,0.15
O04672,P0120,2,0.0
O04672,P0056,2,0.2
O04673,P0195,1,0.0
O04673,P0162,2,0.0
O04674,P0137,1,0.0
O04674,P0139,1,0.0
O04675,P0087,2,0.05
O04675,P0022,1,0.05
O04675,P0162,1,0.05
O04675,P0187,2,0.0
O04676,P0025,4,0.15
O04676,P0141,2,0.05
O04676,P0023,2,0.0
O04677,P0133,1,0.05
O04677,P0067,3,0.0
O04678,P0181,1,0.1
O04678,P0004,1,0.05
O04679,P0127,1,0.1
O04680,P0011,4,0.05
O04680,P0033,2,0.0
O04680,P0078,1,0.0
O04681,P0106,1,0.05
O04681,P0116,1,0.0
O04682,P0026,1,0.15
O04682,P0167,1,0.15
O04683,P0164,3,0.0
O04683,P0088,1,0.05
O04684,P0119,1,0.0
O04685,P0177,1,0.05
O04685,P0146,3,0.0
O04686,P0101,2,0.05
O04687,P0180,4,0.0
O04687,P0092,1,0.2
O04688,P0120,2,0.1
O04688,P0092,2,0.1
O04688,P0152,3,0.0
O04688,P0127,2,0.05
O04689,P0157,1,0.05
O04689,P0108,1,0.05
O04689,P0063,1,0.1
O04689,P0179,1,0.0
O04690,P0002,1,0.05
O04690,P0129,2,0.1
O04691,P0109,1,0.1
O04692,P0057,3,0.0
O04692,P0092,2,0.0
O04693,P0066,1,0.05
O04693,P0085,2,0.05
O04693,P0072,1,0.0
O04694,P0184,2,0.0
O04694,P0006,1,0.0
O04694,P0058,1,0.15
O04695,P0020,2,0.0
O04695,P0066,1,0.05
O04696,P0062,1,0.1
O04696,P0112,2,0.05
O04697,P0029,1,0.0
O04697,P0185,1,0.05
O04697,P0060,2,0.0
O04698,P0152,1,0.05
O04698,P0198,1,0.05
O04699,P0031,2,0.15
O04699,P0198,1,0.2
O04699,P0182,3,0.05
O04700,P0084,1,0.15
O04700,P0011,1,0.2
O04701,P0084,1,0.05
O04702,P0142,1,0.1
O04703,P0142,2,0.05
O04703,P0115,3,0.05
O04703,P0097,4,0.15
O04704,P0032,2,0.15
O04705,P0155,1,0.05
O04705,P0123,1,0.15
O04706,P0001,3,0.1
O04706,P0054,1,0.1
O04707,P0042,1,0.0
O04707,P0105,4,0.0
O04708,P0195,3,0.0
O04708,P0079,2,0.1
O04709,P0165,1,0.2
O04710,P0076,1,0.1
O04710,P0158,1,0.0
O04710,P0133,1,0.1
O04711,P0169,4,0.2
O04712,P0024,1,0.15
O04712,P0015,3,0.0
O04713,P0042,1,0.15
O04713,P0169,1,0.1
O04714,P0167,2,0.0
O04714,P0090,2,0.0
O04715,P0015,1,0.0
O04715,P0173,2,0.0
O04715,P0085,2,0.1
O04716,P0188,1,0.1
O04717,P0139,3,0.1
O04717,P0072,1,0.0
O04718,P0165,2,0.0
O04718,P0190,1,0.05
O04719,P0071,1,0.0
O04720,P0113,3,0.0
O04720,P0047,2,0.05
O04721,P0199,2,0.05
O04722,P0120,2,0.0
O04722,P0004,2,0.1
O04722,P0089,1,0.0
O04723,P0187,1,0.0
O04724,P0040,1,0.0
O04724,P0123,1,0.1
O04725,P0087,1,0.0
O04725,P0139,4,0.1
O04725,P0045,2,0.05
O04726,P0172,1,0.05
O04727,P0023,2,0.2
O04727,P0031,3,0.2
O04728,P0144,4,0.1
O04729,P0132,1,0.0
O04729,P0071,1,0.1
O04730,P0029,1,0.0
O04731,P0196,1,0.15
O04731,P0106,1,0.0
O04731,P0030,1,0.2
O04731,P0104,1,0.05
O04732,P0200,1,0.05
O04732,P0171,2,0.1
O04732,P0113,2,0.05
O04733,P0024,5,0.05
O04733,P0147,4,0.2
O04734,P0131,1,0.2
O04735,P0057,1,0.0
O04735,P0013,4,0.0
O04736,P0088,3,0.0
O04736,P0164,1,0.0
O04737,P0188,2,0.0
O04738,P0064,1,0.0
O04739,P0164,2,0.05
O04740,P0093,3,0.1
O04740,P0025,2,0.1
O04741,P0147,2,0.05
O04742,P0142,2,0.05
O04742,P0190,3,0.05
O04742,P0001,1,0.05
O04743,P0162,2,0.0
O04744,P0136,4,0.0
O04744,P0197,2,0.05
O04745,P0089,1,0.05
O04745,P0127,1,0.05
O04746,P0084,2,0.1
O04746,P0192,1,0.05
O04747,P0149,1,0.0
O04747,P0108,1,0.05
O04747,P0144,1,0.05
O04748,P0025,2,0.0
O04748,P0020,1,0.05
O04748,P0098,4,0.05
O04749,P0120,1,0.0
O04750,P0117,4,0.1
O04750,P0196,3,0.15
O04751,P0042,5,0.05
O04752,P0114,4,0.0
O04753,P0058,1,0.05
O04754,P0127,1,0.0
O04755,P0136,3,0.0
O04756,P0085,1,0.2
O04756,P0006,2,0.15
O04757,P0121,1,0.15
O04758,P0132,1,0.05
O04759,P0016,1,0.0
O04760,P0057,1,0.0
O04761,P0144,2,0.05
O04761,P0001,2,0.05
O04762,P0198,1,0.0
O04762,P0129,1,0.0
O04763,P0013,3,0.1
O04763,P0153,1,0.05
O04764,P0088,1,0.1
O04765,P0044,1,0.0
O04765,P0143,1,0.05
O04765,P0017,1,0.0
O04766,P0170,4,0.0
O04767,P0143,2,0.0
O04768,P0075,1,0.1
O04768,P0125,4,0.0
O04769,P0151,3,0.1
O04770,P0090,3,0.15
O04770,P0181,2,0.05
O04770,P0073,4,0.0
O04771,P0019,1,0.1
O04772,P0020,1,0.0
O04772,P0106,1,0.0
O04773,P0017,2,0.05
O04773,P0199,2,0.05
O04773,P0029,2,0.0
O04774,P0094,1,0.2
O04774,P0111,4,0.05
O04775,P0175,2,0.0
O04775,P0108,3,0.05
O04776,P0180,2,0.0
O04776,P0072,2,0.0
O04777,P0049,1,0.05
O04778,P0037,1,0.05
O04779,P0025,2,0.15
O04780,P0072,1,0.05
O04781,P0196,3,0.05
O04781,P0093,1,0.0
O04781,P0021,1,0.0
O04781,P0068,1,0.1
O04782,P0009,2,0.0
O04782,P0135,1,0.0
O04783,P0112,1,0.0
O04783,P0158,4,0.15
O04783,P0130,2,0.0
O04784,P0099,1,0.0
O04785,P0006,3,0.0
O04785,P0035,1,0.05
O04785,P0147,1,0.0
O04785,P0033,3,0.05
O04786,P0153,1,0.1
O04786,P0122,1,0.0
O04787,P0175,2,0.0
O04787,P0180,1,0.05
O04787,P0118,3,0.1
O04788,P0111,2,0.0
O04789,P0091,1,0.05
O04789,P0097,2,0.0
O04790,P0115,2,0.0
O04791,P0004,1,0.0
O04791,P0022,2,0.05
O04792,P0054,1,0.0
O04793,P0002,5,0.0
O04793,P0057,4,0.15
O04793,P0018,1,0.2
O04794,P0079,1,0.0
O04794,P0111,2,0.05
O04795,P0080,1,0.05
O04796,P0063,1,0.05
O04797,P0028,1,0.15
O04797,P0127,2,0.0
O04797,P0039,2,0.0
O04798,P0127,1,0.0
O04799,P0006,2,0.05
O04800,P0113,2,0.05
O04800,P0124,1,0.05
O04801,P0124,1,0.0
O04802,P0135,2,0.1
O04803,P0195,3,0.1
O04803,P0074,4,0.1
O04804,P0088,2,0.2
O04804,P0165,2,0.05
O04805,P0162,4,0.0
O04805,P0192,1,0.0
O04806,P0038,1,0.0
O04806,P0055,1,0.0
O04807,P0027,1,0.05
O04807,P0041,4,0.0
O04808,P0174,2,0.2
O04808,P0067,1,0.05
O04809,P0091,1,0.05
O04809,P0042,2,0.05
O04810,P0036,1,0.0
O04811,P0094,2,0.05
O04812,P0179,1,0.0
O04812,P0028,1,0.15
O04813,P0030,1,0.05
O04813,P0036,3,0.15
O04813,P0189,3,0.0
O04813,P0190,3,0.0
O04814,P0129,1,0.0
O04815,P0089,3,0.0
O04815,P0124,3,0.1
O04816,P0080,1,0.0
O04816,P0064,4,0.0
O04817,P0009,3,0.05
O04817,P0155,3,0.0
O04817,P0146,2,0.0
O04818,P0008,1,0.0
O04818,P0012,2,0.05
O04819,P0140,1,0.15
O04820,P0195,2,0.0
O04821,P0100,1,0.1
O04821,P0133,1,0.0
O04822,P0058,2,0.0
O04823,P0159,2,0.05
O04823,P0056,1,0.1
O04824,P0060,2,0.15
O04825,P0050,3,0.05
O04825,P0078,2,0.05
O04826,P0035,2,0.0
O04826,P0041,3,0.05
O04826,P0106,2,0.05
O04827,P0109,3,0.1
O04827,P0185,5,0.05
O04827,P0181,1,0.15
O04828,P0107,2,0.05
O04828,P0049,2,0.2
O04829,P0153,2,0.05
O04829,P0045,5,0.05
O04830,P0141,1,0.0
O04831,P0033,1,0.1
O04831,P0083,4,0.2
O04832,P0179,2,0.1
O04833,P0126,1,0.1
O04833,P0103,4,0.05
O04833,P0059,4,0.1
O04834,P0087,2,0.0
O04834,P0070,1,0.15
O04835,P0140,1,0.0
O04836,P0187,1,0.0
O04836,P0054,2,0.15
O04837,P0023,1,0.0
O04837,P0117,2,0.15
O04838,P0072,2,0.1
O04839,P0010,4,0.0
O04840,P0077,1,0.05
O04841,P0062,1,0.0
O04841,P0192,3,0.1
O04842,P0169,1,0.05
O04842,P0118,1,0.1
O04843,P0140,2,0.05
O04843,P0185,2,0.05
O04843,P0086,1,0.0
O04844,P0086,1,0.0
O04844,P0082,1,0.15
O04845,P0123,2,0.0
O04846,P0090,3,0.05
O04847,P0129,1,0.15
O04847,P0137,1,0.05
O04848,P0128,2,0.05
O04849,P0147,2,0.0
O04849,P0152,4,0.1
O04850,P0068,1,0.0
O04851,P0008,1,0.0
O04852,P0036,1,0.1
O04852,P0141,3,0.05
O04853,P0169,3,0.1
O04853,P0195,2,0.05
O04854,P0009,2,0.1
O04854,P0017,2,0.1
O04855,P0189,1,0.05
O04856,P0106,1,0.0
O04857,P0185,4,0.1
O04857,P0179,3,0.1
O04858,P0004,1,0.05
O04858,P0010,2,0.1
O04859,P0053,3,0.05
O04859,P0057,1,0.1
O04860,P0182,1,0.0
O04860,P0046,1,0.1
O04861,P0064,1,0.05
O04861,P0193,2,0.05
O04862,P0034,1,0.1
O04863,P0080,3,0.0
O04863,P0006,2,0.0
O04864,P0165,2,0.0
O04864,P0074,3,0.1
O04864,P0035,2,0.05
O04865,P0101,1,0.15
O04865,P0134,3,0.0
O04866,P0013,1,0.0
O04866,P0019,2,0.0
O04866,P0021,4,0.15
O04867,P0199,4,0.0
O04868,P0192,1,0.0
O04869,P0103,2,0.05
O04869,P0090,2,0.15
O04870,P0151,1,0.0
O04871,P0148,1,0.1
O04871,P0139,1,0.05
O04871,P0060,2,0.1
O04872,P0029,1,0.2
O04872,P0076,2,0.15
O04872,P0168,4,0.15
O04873,P0023,1,0.05
O04874,P0101,2,0.1
O04874,P0069,2,0.05
O04875,P0068,1,0.05
O04876,P0168,2,0.05
O04877,P0061,2,0.1
O04877,P0151,2,0.0
O04877,P0005,1,0.0
O04878,P0025,5,0.0
O04878,P0160,1,0.05
O04879,P0029,1,0.1
O04879,P0144,2,0.0
O04880,P0051,2,0.05
O04880,P0102,3,0.0
O04880,P0066,3,0.05
O04880,P0164,1,0.2
O04881,P0091,2,0.0
O04881,P0052,1,0.0
O04881,P0064,1,0.0
O04882,P0160,1,0.0
O04882,P0049,2,0.0
O04883,P0195,4,0.15
O04883,P0038,1,0.2
O04883,P0080,4,0.1
O04884,P0044,1,0.1
O04884,P0124,4,0.05
O04885,P0166,5,0.1
O04886,P0144,2,0.0
O04886,P0089,5,0.05
O04887,P0200,2,0.05
O04887,P0115,4,0.15
O04888,P0094,3,0.0
O04888,P0150,1,0.0
O04889,P0051,1,0.1
O04889,P0049,1,0.0
O04889,P0010,1,0.1
O04890,P0198,1,0.0
O04890,P0105,2,0.0
O04891,P0192,2,0.0
O04891,P0065,1,0.05
O04892,P0130,4,0.0
O04892,P0157,1,0.0
O04893,P0120,1,0.1
O04893,P0020,4,0.05
O04894,P0153,1,0.0
O04894,P0071,2,0.05
O04894,P0082,1,0.1
O04895,P0074,1,0.1
O04896,P0032,3,0.0
O04897,P0001,1,0.0
O04897,P0177,1,0.1
O04897,P0010,3,0.0
O04898,P0027,1,0.15
O04899,P0101,1,0.0
O04900,P0087,3,0.0
O04901,P0058,1,0.05
O04901,P0141,3,0.0
O04901,P0069,1,0.15
O04902,P0069,1,0.1
O04902,P0014,1,0.1
O04903,P0042,1,0.0
O04903,P0064,2,0.1
O04904,P0050,4,0.15
O04904,P0155,3,0.05
O04905,P0053,4,0.0
O04906,P0016,1,0.0
O04907,P0024,2,0.0
O04907,P0189,1,0.0
O04907,P0169,1,0.05
O04908,P0168,3,0.1
O04909,P0126,1,0.15
O04910,P0099,3,0.1
O04910,P0087,2,0.05
O04911,P0021,3,0.0
O04911,P0101,1,0.0
O04912,P0145,2,0.05
O04912,P0101,1,0.0
O04913,P0183,4,0.0
O04914,P0040,2,0.1
O04914,P0153,1,0.05
O04915,P0049,1,0.0
O04915,P0144,1,0.05
O04915,P0023,3,0.15
O04916,P0014,1,0.2
O04916,P0038,2,0.1
O04916,P0195,1,0.2
O04916,P0175,2,0.05
O04917,P0050,1,0.0
O04917,P0017,4,0.0
O04917,P0111,3,0.15
O04918,P0192,1,0.0
O04919,P0142,4,0.15
O04920,P0075,1,0.1
O04920,P0036,1,0.0
O04921,P0004,2,0.2
O04922,P0117,1,0.0
O04923,P0119,1,0.05
O04924,P0188,1,0.15
O04924,P0158,1,0.05
O04925,P0057,1,0.0
O04925,P0076,1,0.0
O04925,P0096,2,0.0
O04925,P0077,3,0.05
O04926,P0105,2,0.1
O04926,P0052,1,0.15
O04927,P0113,1,0.05
O04927,P0130,1,0.05
O04928,P0172,2,0.0
O04928,P0105,4,0.05
O04928,P0095,3,0.05
O04929,P0194,1,0.1
O04930,P0145,1,0.1
O04930,P0132,1,0.05
O04930,P0110,3,0.1
O04931,P0037,1,0.0
O04932,P0009,2,0.2
O04932,P0141,1,0.05
O04933,P0142,3,0.0
O04934,P0067,1,0.05
O04935,P0118,2,0.1
O04935,P0158,2,0.05
O04936,P0147,5,0.05
O04937,P0198,2,0.05
O04938,P0104,5,0.05
O04938,P0137,2,0.0
O04939,P0061,1,0.05
O04939,P0136,1,0.1
O04939,P0196,2,0.05
O04940,P0086,4,0.0
O04941,P0109,1,0.0
O04942,P0137,3,0.05
O04942,P0059,2,0.05
O04942,P0076,1,0.05
O04943,P0104,1,0.0
O04943,P0178,1,0.0
O04943,P0022,1,0.0
O04943,P0059,2,0.05
O04944,P0183,4,0.0
O04944,P0192,2,0.05
O04944,P0142,1,0.1
O04945,P0184,1,0.0
O04945,P0107,2,0.0
O04946,P0138,1,0.1
O04947,P0128,2,0.05
O04948,P0048,5,0.0
O04948,P0147,1,0.0
O04948,P0116,2,0.05
O04949,P0130,1,0.05
O04949,P0072,1,0.2
O04950,P0147,1,0.0
O04950,P0098,2,0.15
O04951,P0183,1,0.1
O04951,P0155,1,0.1
O04952,P0027,2,0.05
O04953,P0082,2,0.0
O04953,P0034,4,0.1
O04953,P0079,1,0.1
O04954,P0049,2,0.1
O04954,P0056,2,0.0
O04954,P0098,2,0.1
O04955,P0153,1,0.0
O04955,P0023,4,0.1
O04956,P0019,1,0.15
O04956,P0128,1,0.15
O04956,P0147,3,0.15
O04957,P0120,1,0.0
O04958,P0195,2,0.1
O04958,P0091,4,0.2
O04959,P0187,2,0.05
O04959,P0160,3,0.2
O04959,P0157,1,0.1
O04960,P0093,2,0.1
O04960,P0136,2,0.05
O04961,P0058,1,0.05
O04961,P0076,3,0.0
O04961,P0060,1,0.05
O04961,P0010,1,0.0
O04962,P0076,4,0.0
O04962,P0114,2,0.0
O04962,P0200,1,0.05
O04963,P0168,2,0.1
O04963,P0177,1,0.0
O04964,P0135,3,0.15
O04964,P0114,2,0.0
O04965,P0192,2,0.0
O04966,P0121,1,0.0
O04966,P0047,2,0.15
O04967,P0067,1,0.0
O04968,P0168,3,0.0
O04969,P0107,3,0.0
O04970,P0043,1,0.05
O04970,P0089,1,0.05
O04970,P0186,3,0.05
O04970,P0157,1,0.0
O04971,P0124,2,0.0
O04971,P0126,1,0.05
O04972,P0162,3,0.0
O04972,P0029,1,0.05
O04973,P0089,1,0.2
O04973,P0124,1,0.0
O04974,P0103,2,0.05
O04974,P0063,2,0.0
O04975,P0119,1,0.0
O04975,P0061,2,0.05
O04976,P0108,5,0.05
O04976,P0056,1,0.0
O04977,P0015,4,0.05
O04977,P0017,1,0.1
O04977,P0151,1,0.15
O04978,P0152,4,0.1
O04978,P0155,1,0.1
O04978,P0176,4,0.0
O04979,P0067,2,0.0
O04979,P0049,1,0.1
O04980,P0132,1,0.15
O04981,P0127,1,0.15
O04981,P0200,2,0.05
O04981,P0033,4,0.05
O04982,P0120,1,0.05
O04982,P0025,1,0.0
O04983,P0142,2,0.0
O04983,P0118,4,0.0
O04983,P0179,3,0.05
O04983,P0036,2,0.15
O04984,P0191,2,0.05
O04985,P0044,1,0.0
O04986,P0052,2,0.05
O04986,P0036,2,0.0
O04987,P0174,2,0.1
O04987,P0058,1,0.0
O04987,P0182,1,0.0
O04988,P0024,2,0.1
O04989,P0028,4,0.0
O04989,P0033,4,0.05
O04990,P0029,1,0.05
O04991,P0054,1,0.0
O04992,P0185,2,0.2
O04993,P0123,2,0.0
O04993,P0190,4,0.05
O04993,P0084,1,0.0
O04994,P0182,1,0.0
O04994,P0183,1,0.0
O04994,P0007,1,0.05
O04995,P0126,2,0.05
O04995,P0073,3,0.0
O04995,P0098,2,0.05
O04995,P0045,3,0.0
O04996,P0036,2,0.0
O04996,P0118,2,0.0
O04997,P0010,1,0.0
O04997,P0189,2,0.05
O04998,P0038,1,0.0
O04999,P0028,1,0.05
O04999,P0177,3,0.05
O05000,P0181,2,0.0
O05000,P0151,1,0.05
O05001,P0023,1,0.05
O05002,P0123,2,0.1
O05003,P0078,1,0.1
O05004,P0038,4,0.0
O05004,P0010,1,0.0
O05004,P0152,1,0.05
O05005,P0154,1,0.05
O05006,P0194,2,0.0
O05007,P0152,1,0.05
O05007,P0164,3,0.15
O05007,P0121,2,0.1
O05008,P0083,1,0.0
O05009,P0052,1,0.1
O05010,P0146,3,0.05
O05011,P0056,3,0.1
O05011,P0165,1,0.05
O05012,P0139,1,0.0
O05012,P0079,1,0.05
O05013,P0091,1,0.0
O05014,P0124,1,0.0
O05015,P0107,2,0.0
O05016,P0045,1,0.0
O05017,P0059,3,0.05
O05018,P0071,2,0.0
O05019,P0121,1,0.0
O05019,P0140,2,0.0
O05020,P0158,3,0.15
O05020,P0111,4,0.0
O05021,P0199,3,0.05
O05021,P0073,2,0.15
O05022,P0018,2,0.0
O05022,P0126,1,0.15
O05023,P0067,1,0.0
O05023,P0091,1,0.05
O05024,P0120,3,0.1
O05024,P0060,3,0.0
O05025,P0190,2,0.0
O05025,P0135,4,0.15
O05025,P0047,3,0.0
O05025,P0046,1,0.05
O05026,P0044,1,0.15
O05026,P0076,4,0.15
O05026,P0065,2,0.15
O05027,P0181,1,0.0
O05027,P0120,2,0.15
O05027,P0140,2,0.0
O05027,P0088,2,0.0
O05028,P0151,1,0.05
O05029,P0156,2,0.05
O05030,P0124,1,0.05
O05031,P0114,2,0.05
O05032,P0096,2,0.0
O05032,P0082,1,0.15
O05033,P0173,3,0.0
O05033,P0124,2,0.15
O05033,P0091,2,0.05
O05033,P0090,3,0.1
O05034,P0087,3,0.05
O05034,P0009,2,0.1
O05035,P0129,4,0.1
O05035,P0020,2,0.1
O05036,P0051,4,0.05
O05036,P0161,2,0.2
O05036,P0134,4,0.05
O05037,P0199,1,0.0
O05038,P0154,1,0.05
O05038,P0107,1,0.1
O05038,P0033,5,0.15
O05039,P0051,1,0.05
O05040,P0015,2,0.05
O05040,P0128,2,0.0
O05041,P0115,2,0.05
O05042,P0159,1,0.05
O05042,P0073,2,0.1
O05043,P0143,1,0.0
O05043,P0182,1,0.0
O05044,P0153,2,0.2
O05044,P0111,1,0.0
O05044,P0054,3,0.0
O05044,P0151,3,0.0
O05045,P0148,3,0.0
O05045,P0028,2,0.05
O05045,P0066,1,0.05
O05046,P0151,2,0.0
O05046,P0167,4,0.05
O05046,P0184,2,0.0
O05046,P0063,5,0.0
O05047,P0016,1,0.05
O05047,P0117,1,0.0
O05048,P0154,1,0.0
O05048,P0143,1,0.0
O05049,P0183,1,0.0
O05049,P0059,1,0.05
O05050,P0099,1,0.15
O05051,P0010,5,0.1
O05051,P0093,1,0.0
O05052,P0003,1,0.1
O05052,P0052,2,0.1
O05052,P0129,1,0.0
O05053,P0028,2,0.05
O05053,P0061,2,0.05
O05054,P0040,1,0.0
O05054,P0198,2,0.1
O05054,P0002,3,0.05
O05054,P0014,2,0.15
O05055,P0192,1,0.0
O05055,P0073,1,0.05
O05056,P0129,4,0.05
O05056,P0075,1,0.0
O05056,P0038,1,0.0
O05057,P0011,2,0.05
O05057,P0199,3,0.2
O05058,P0131,1,0.05
O05058,P0198,1,0.0
O05058,P0065,3,0.05
O05059,P0075,1,0.0
O05060,P0103,2,0.05
O05061,P0175,1,0.1
O05062,P0050,5,0.05
O05062,P0008,2,0.05
O05063,P0037,2,0.1
O05063,P0026,2,0.0
O05063,P0178,1,0.1
O05064,P0111,3,0.0
O05065,P0143,2,0.2
O05065,P0053,1,0.0
O05066,P0071,2,0.05
O05066,P0056,1,0.0
O05067,P0036,3,0.1
O05068,P0018,2,0.15
O05068,P0105,2,0.05
O05069,P0197,4,0.05
O05069,P0112,1,0.1
O05069,P0163,1,0.0
O05070,P0180,1,0.05
O05070,P0079,3,0.0
O05071,P0123,4,0.05
O05071,P0136,1,0.05
O05072,P0110,3,0.0
O05072,P0070,1,0.0
O05073,P0050,1,0.1
O05073,P0028,1,0.0
O05073,P0007,3,0.0
O05074,P0042,1,0.1
O05075,P0075,3,0.0
O05075,P0118,1,0.05
O05075,P0095,1,0.0
O05076,P0094,2,0.15
O05076,P0031,1,0.0
O05077,P0098,1,0.05
O05077,P0051,2,0.05
O05078,P0118,1,0.1
O05079,P0135,1,0.05
O05080,P0062,1,0.05
O05081,P0015,2,0.2
O05082,P0076,1,0.0
O05082,P0007,1,0.0
O05082,P0137,1,0.1
O05082,P0102,1,0.0
O05083,P0112,2,0.0
O05084,P0040,1,0.0
O05084,P0106,3,0.0
O05085,P0189,2,0.0
O05085,P0069,1,0.05
O05085,P0133,1,0.1
O05086,P0097,2,0.05
O05086,P0096,1,0.05
O05087,P0028,1,0.1
O05087,P0007,2,0.0
O05087,P0185,3,0.0
O05088,P0035,3,0.0
O05089,P0155,1,0.0
O05090,P0147,2,0.0
O05090,P0038,1,0.15
O05090,P0041,1,0.1
O05091,P0184,1,0.0
O05092,P0082,1,0.0
O05092,P0182,1,0.0
O05093,P0058,3,0.05
O05093,P0056,1,0.05
O05093,P0099,1,0.0
O05094,P0125,1,0.0
O05094,P0122,1,0.15
O05095,P0064,4,0.05
O05095,P0012,3,0.15
O05095,P0124,1,0.0
O05096,P0055,1,0.0
O05096,P0128,5,0.1
O05097,P0090,3,0.0
O05097,P0082,2,0.0
O05098,P0136,1,0.2
O05098,P0098,1,0.15
O05098,P0148,1,0.0
O05099,P0124,1,0.1
O05100,P0021,1,0.1
O05100,P0150,1,0.05
O05101,P0004,1,0.0
O05101,P0011,3,0.0
O05101,P0040,2,0.1
O05102,P0191,1,0.1
O05103,P0056,4,0.0
O05104,P0156,2,0.05
O05105,P0094,3,0.05
O05105,P0120,1,0.0
O05106,P0040,1,0.0
O05106,P0191,3,0.05
O05107,P0064,4,0.05
O05107,P0040,1,0.1
O05107,P0003,1,0.0
O05108,P0161,3,0.15
O05108,P0112,2,0.1
O05108,P0124,1,0.15
O05109,P0011,1,0.15
O05109,P0183,2,0.1
O05110,P0172,2,0.1
O05110,P0003,5,0.15
O05111,P0197,2,0.2
O05111,P0151,1,0.15
O05112,P0191,4,0.05
O05112,P0051,1,0.05
O05113,P0050,2,0.2
O05114,P0088,4,0.05
O05114,P0078,4,0.05
O05114,P0127,1,0.05
O05115,P0154,1,0.0
O05115,P0103,2,0.0
O05116,P0036,1,0.0
O05117,P0113,2,0.1
O05118,P0082,2,0.05
O05118,P0080,2,0.0
O05119,P0076,1,0.0
O05120,P0106,1,0.0
O05120,P0051,3,0.0
O05121,P0087,4,0.05
O05122,P0122,1,0.05
O05122,P0024,1,0.1
O05123,P0186,2,0.05
O05123,P0172,1,0.05
O05124,P0117,2,0.0
O05125,P0011,1,0.05
O05126,P0170,1,0.1
O05126,P0152,1,0.0
O05127,P0102,3,0.0
O05127,P0158,3,0.0
O05128,P0163,1,0.0
O05129,P0124,1,0.05
O05129,P0187,2,0.0
O05130,P0150,1,0.0
O05131,P0034,2,0.0
O05131,P0179,1,0.0
O05132,P0047,5,0.0
O05132,P0083,4,0.0
O05132,P0174,1,0.15
O05133,P0137,2,0.1
O05133,P0064,1,0.2
O05134,P0083,1,0.1
O05134,P0054,3,0.0
O05134,P0109,1,0.05
O05135,P0070,2,0.1
O05135,P0014,1,0.0
O05136,P0086,4,0.0
O05137,P0029,2,0.0
O05137,P0058,2,0.05
O05138,P0129,1,0.05
O05138,P0086,1,0.05
O05138,P0166,3,0.0
O05138,P0006,3,0.1
O05139,P0064,3,0.1
O05139,P0181,1,0.0
O05140,P0026,1,0.05
O05140,P0094,1,0.0
O05140,P0004,2,0.1
O05141,P0043,1,0.05
O05141,P0103,1,0.1
O05142,P0002,3,0.0
O05142,P0110,1,0.0
O05142,P0125,3,0.0
O05143,P0146,1,0.05
O05143,P0067,3,0.05
O05143,P0127,1,0.05
O05144,P0097,2,0.05
O05145,P0194,3,0.0
O05146,P0044,2,0.0
O05146,P0146,1,0.1
O05147,P0087,2,0.05
O05147,P0064,3,0.1
O05148,P0023,2,0.0
O05148,P0078,1,0.1
O05149,P0144,2,0.0
O05149,P0053,2,0.0
O05150,P0068,1,0.0
O05151,P0107,1,0.2
O05151,P0179,1,0.05
O05152,P0124,1,0.1
O05152,P0014,3,0.1
O05153,P0088,1,0.05
O05154,P0025,3,0.05
O05154,P0113,2,0.1
O05155,P0129,2,0.15
O05155,P0038,1,0.0
O05155,P0114,2,0.0
O05156,P0022,4,0.0
O05157,P0134,3,0.0
O05158,P0127,3,0.0
O05159,P0011,3,0.1
O05160,P0009,1,0.0
O05160,P0183,2,0.1
O05161,P0157,1,0.1
O05162,P0070,2,0.0
O05163,P0017,2,0.05
O05163,P0086,1,0.0
O05164,P0059,2,0.0
O05164,P0180,2,0.1
O05165,P0158,4,0.15
O05165,P0011,1,0.05
O05166,P0117,4,0.0
O05167,P0129,2,0.05
O05167,P0099,1,0.0
O05168,P0018,4,0.0
O05168,P0055,3,0.1
O05169,P0170,1,0.0
O05169,P0132,2,0.2
O05169,P0143,2,0.05
O05170,P0197,2,0.0
O05171,P0053,2,0.15
O05172,P0175,2,0.0
O05173,P0088,1,0.2
O05174,P0042,1,0.1
O05174,P0015,1,0.0
O05175,P0185,1,0.15
O05175,P0036,2,0.05
O05175,P0097,3,0.05
O05176,P0183,1,0.0
O05176,P0018,1,0.0
O05176,P0180,2,0.0
O05176,P0055,1,0.2
O05177,P0120,2,0.05
O05177,P0031,1,0.0
O05177,P0180,2,0.05
O05178,P0145,2,0.15
O05178,P0093,3,0.0
O05179,P0136,1,0.0
O05180,P0177,2,0.0
O05181,P0187,2,0.1
O05182,P0088,2,0.0
O05182,P0051,1,0.05
O05182,P0101,4,0.0
O05182,P0040,3,0.1
O05183,P0153,2,0.0
O05183,P0142,3,0.0
O05184,P0087,1,0.1
O05184,P0071,3,0.05
O05184,P0103,1,0.0
O05184,P0035,3,0.05
O05185,P0146,2,0.0
O05185,P0076,2,0.15
O05186,P0007,1,0.0
O05187,P0002,1,0.0
O05188,P0009,1,0.0
O05188,P0118,2,0.0
O05188,P0082,1,0.15
O05189,P0062,2,0.0
O05190,P0137,4,0.0
O05191,P0160,1,0.15
O05191,P0014,1,0.1
O05192,P0085,2,0.05
O05192,P0023,3,0.0
O05193,P0168,1,0.0
O05193,P0172,1,0.0
O05194,P0065,1,0.0
O05195,P0149,2,0.0
O05195,P0122,2,0.15
O05195,P0024,1,0.2
O05196,P0026,1,0.0
O05196,P0160,1,0.2
O05197,P0188,3,0.0
O05197,P0115,3,0.1
O05198,P0146,3,0.0
O05198,P0050,1,0.15
O05199,P0192,2,0.0
O05200,P0021,2,0.05
O05200,P0087,2,0.0
O05200,P0116,1,0.1
O05201,P0027,2,0.1
O05201,P0035,1,0.1
O05201,P0042,1,0.05
O05202,P0093,1,0.05
O05202,P0066,3,0.05
O05203,P0192,1,0.15
O05204,P0101,1,0.0
O05204,P0156,1,0.1
O05205,P0066,3,0.0
O05205,P0016,3,0.05
O05206,P0082,4,0.0
O05207,P0027,1,0.0
O05208,P0018,4,0.1
O05208,P0106,3,0.05
O05209,P0137,3,0.0
O05209,P0060,1,0.05
O05210,P0118,5,0.0
O05211,P0160,2,0.15
O05211,P0064,4,0.0
O05212,P0057,1,0.0
O05213,P0104,1,0.0
O05214,P0022,1,0.05
O05214,P0144,1,0.05
O05214,P0076,1,0.05
O05214,P0160,1,0.05
O05215,P0145,1,0.05
O05216,P0037,1,0.0
O05216,P0059,1,0.05
O05216,P0043,2,0.15
O05217,P0143,1,0.05
O05218,P0164,2,0.0
O05219,P0130,1,0.05
O05219,P0079,2,0.1
O05220,P0106,1,0.0
O05220,P0040,2,0.05
O05220,P0137,3,0.0
O05221,P0092,3,0.05
O05222,P0101,2,0.05
O05222,P0011,2,0.2
O05223,P0008,2,0.0
O05224,P0185,1,0.0
O05224,P0157,1,0.0
O05224,P0118,1,0.15
O05224,P0119,3,0.1
O05225,P0064,4,0.0
O05225,P0151,1,0.0
O05226,P0181,1,0.05
O05226,P0096,2,0.0
O05226,P0137,3,0.1
O05227,P0035,2,0.15
O05227,P0094,1,0.1
O05228,P0156,3,0.05
O05228,P0106,1,0.1
O05229,P0170,3,0.15
O05229,P0081,4,0.05
O05230,P0019,2,0.1
O05231,P0071,3,0.15
O05231,P0072,1,0.0
O05231,P0112,3,0.05
O05231,P0150,1,0.0
O05232,P0115,1,0.0
O05233,P0018,1,0.0
O05233,P0193,2,0.05
O05233,P0109,1,0.0
O05233,P0165,1,0.0
O05234,P0192,2,0.0
O05235,P0095,1,0.1
O05235,P0086,2,0.05
O05236,P0042,2,0.05
O05236,P0084,2,0.0
O05237,P0176,4,0.0
O05237,P0188,1,0.05
O05238,P0026,1,0.05
O05238,P0125,1,0.05
O05239,P0025,4,0.0
O05239,P0092,2,0.05
O05240,P0114,2,0.05
O05240,P0031,2,0.1
O05240,P0110,2,0.0
O05241,P0183,1,0.0
O05241,P0135,1,0.1
O05242,P0177,2,0.1
O05242,P0002,1,0.05
O05242,P0134,2,0.05
O05243,P0014,3,0.05
O05243,P0058,3,0.0
O05244,P0117,1,0.1
O05244,P0050,2,0.15
O05244,P0093,1,0.1
O05245,P0061,1,0.0
O05245,P0146,2,0.1
O05246,P0198,3,0.2
O05247,P0194,2,0.15
O05247,P0140,1,0.1
O05248,P0158,4,0.0
O05248,P0028,1,0.0
O05249,P0080,3,0.05
O05249,P0143,1,0.05
O05249,P0176,1,0.1
O05250,P0018,4,0.05
O05250,P0116,3,0.0
O05251,P0130,2,0.1
O05252,P0032,4,0.0
O05253,P0101,3,0.1
O05253,P0173,1,0.05
O05254,P0101,5,0.0
O05254,P0114,2,0.15
O05255,P0178,2,0.05
O05256,P0101,1,0.05
O05257,P0023,3,0.1
O05257,P0148,2,0.1
O05257,P0033,2,0.05
O05257,P0099,2,0.0
O05258,P0152,2,0.1
O05259,P0088,1,0.15
O05260,P0027,3,0.0
O05260,P0066,3,0.0
O05261,P0169,1,0.0
O05261,P0191,3,0.0
O05261,P0143,1,0.05
O05262,P0144,2,0.0
O05262,P0007,2,0.05
O05262,P0008,2,0.1
O05263,P0148,1,0.2
O05264,P0022,1,0.0
O05265,P0054,1,0.1
O05265,P0012,4,0.0
O05266,P0114,1,0.0
O05267,P0112,3,0.1
O05267,P0192,1,0.1
O05267,P0157,1,0.1
O05268,P0152,4,0.0
O05269,P0103,1,0.05
O05270,P0052,2,0.1
O05270,P0013,2,0.1
O05270,P0003,3,0.0
O05271,P0011,2,0.2
O05272,P0177,2,0.0
O05272,P0116,2,0.05
O05272,P0076,2,0.1
O05272,P0001,1,0.0
O05273,P0040,1,0.0
O05274,P0140,2,0.1
O05274,P0023,2,0.05
O05274,P0114,2,0.05
O05275,P0041,3,0.05
O05275,P0078,3,0.05
O05276,P0023,1,0.0
O05276,P0152,1,0.15
O05277,P0138,1,0.2
O05278,P0168,1,0.15
O05279,P0040,4,0.1
O05279,P0009,3,0.1
O05279,P0092,2,0.0
O05280,P0185,2,0.05
O05280,P0080,1,0.0
O05280,P0039,3,0.0
O05280,P0157,2,0.05
O05281,P0190,1,0.0
O05282,P0057,1,0.1
O05283,P0071,1,0.1
O05284,P0180,2,0.1
O05285,P0146,3,0.0
O05286,P0041,2,0.0
O05287,P0092,1,0.0
O05287,P0171,1,0.1
O05288,P0072,1,0.05
O05288,P0200,1,0.05
O05289,P0037,2,0.1
O05290,P0157,1,0.05
O05290,P0062,2,0.1
O05291,P0014,1,0.05
O05291,P0185,2,0.15
O05291,P0040,1,0.05
O05291,P0057,2,0.1
O05292,P0058,2,0.05
O05292,P0148,5,0.05
O05292,P0071,1,0.1
O05293,P0104,4,0.1
O05293,P0121,1,0.0
O05294,P0107,1,0.0
O05294,P0056,2,0.0
O05294,P0043,1,0.05
O05294,P0146,5,0.0
O05295,P0179,1,0.2
O05296,P0168,2,0.0
O05297,P0027,4,0.0
O05298,P0021,3,0.1
O05298,P0110,1,0.0
O05298,P0042,3,0.0
O05299,P0084,4,0.0
O05299,P0171,1,0.0
O05300,P0114,3,0.0
O05300,P0028,1,0.05
O05301,P0063,3,0.15
O05302,P0040,4,0.1
O05303,P0024,1,0.0
O05304,P0128,2,0.0
O05305,P0146,2,0.15
O05305,P0157,2,0.0
O05305,P0132,2,0.0
O05306,P0089,1,0.0
O05306,P0108,2,0.0
O05306,P0075,5,0.05
O05307,P0157,2,0.05
O05307,P0107,1,0.1
O05307,P0016,2,0.05
O05308,P0077,3,0.1
O05308,P0029,2,0.0
O05308,P0003,1,0.05
O05309,P0196,1,0.05
O05309,P0084,1,0.0
O05310,P0100,2,0.1
O05310,P0078,1,0.15
O05310,P0066,2,0.0
O05311,P0134,3,0.05
O05311,P0124,2,0.0
O05312,P0184,5,0.0
O05312,P0001,2,0.2
O05313,P0060,5,0.05
O05313,P0067,3,0.0
O05314,P0009,2,0.0
O05314,P0052,1,0.0
O05315,P0156,2,0.15
O05316,P0192,1,0.05
O05316,P0068,1,0.1
O05316,P0020,1,0.05
O05316,P0029,5,0.0
O05317,P0112,2,0.05
O05317,P0145,1,0.05
O05317,P0065,4,0.2
O05317,P0153,3,0.0
O05318,P0022,1,0.15
O05318,P0184,2,0.0
O05319,P0097,4,0.1
O05319,P0138,4,0.15
O05319,P0193,2,0.1
O05320,P0159,2,0.0
O05320,P0128,1,0.05
O05321,P0172,1,0.05
O05322,P0016,2,0.0
O05322,P0003,2,0.0
O05323,P0174,3,0.1
O05324,P0171,1,0.05
O05324,P0072,2,0.05
O05325,P0194,5,0.1
O05325,P0056,1,0.15
O05325,P0050,2,0.05
O05326,P0179,1,0.05
O05326,P0045,1,0.0
O05327,P0130,4,0.1
O05327,P0030,1,0.05
O05328,P0125,4,0.1
O05328,P0011,1,0.0
O05329,P0044,1,0.0
O05330,P0107,3,0.0
O05330,P0002,3,0.0
O05331,P0190,2,0.0
O05332,P0156,2,0.05
O05332,P0049,1,0.15
O05332,P0135,3,0.05
O05333,P0193,4,0.15
O05333,P0161,1,0.05
O05334,P0029,3,0.1
O05334,P0012,3,0.0
O05335,P0027,3,0.05
O05335,P0178,2,0.0
O05336,P0138,5,0.05
O05336,P0076,1,0.05
O05337,P0199,5,0.1
O05337,P0094,1,0.0
O05337,P0113,2,0.05
O05338,P0058,1,0.05
O05339,P0128,4,0.05
O05340,P0108,2,0.0
O05341,P0026,1,0.0
O05341,P0075,1,0.05
O05341,P0105,2,0.0
O05342,P0051,1,0.05
O05342,P0155,1,0.05
O05342,P0109,1,0.05
O05343,P0148,3,0.15
O05343,P0194,1,0.0
O05344,P0112,1,0.05
O05345,P0129,2,0.1
O05345,P0003,3,0.05
O05346,P0037,1,0.0
O05347,P0076,1,0.0
O05347,P0185,3,0.0
O05348,P0040,3,0.15
O05348,P0168,1,0.0
O05349,P0102,2,0.2
O05349,P0064,1,0.05
O05350,P0084,2,0.2
O05350,P0115,1,0.15
O05351,P0189,2,0.0
O05351,P0182,2,0.0
O05352,P0160,1,0.15
O05353,P0154,1,0.1
O05353,P0165,1,0.05
O05353,P0019,2,0.0
O05354,P0143,1,0.0
O05354,P0079,2,0.15
O05355,P0062,1,0.0
O05356,P0153,2,0.15
O05356,P0115,1,0.05
O05357,P0110,2,0.1
O05358,P0162,3,0.1
O05358,P0103,2,0.05
O05359,P0161,2,0.0
O05359,P0094,1,0.0
O05360,P0115,4,0.05
O05360,P0176,1,0.0
O05361,P0151,2,0.15
O05362,P0090,1,0.0
O05363,P0008,2,0.1
O05363,P0152,4,0.1
O05364,P0131,1,0.2
O05364,P0165,1,0.05
O05364,P0104,1,0.0
O05365,P0127,1,0.05
O05365,P0030,3,0.1
O05366,P0175,4,0.0
O05367,P0195,2,0.0
O05367,P0102,1,0.0
O05368,P0144,1,0.0
O05368,P0032,2,0.0
O05368,P0012,4,0.1
O05369,P0165,1,0.15
O05369,P0055,1,0.1
O05370,P0192,1,0.0
O05370,P0194,1,0.15
O05371,P0081,1,0.0
O05372,P0123,4,0.05
O05373,P0145,1,0.15
O05373,P0008,2,0.1
O05374,P0184,1,0.0
O05374,P0005,2,0.0
O05375,P0017,1,0.05
O05375,P0066,1,0.0
O05376,P0052,3,0.05
O05376,P0174,2,0.1
O05376,P0027,1,0.05
O05377,P0055,2,0.0
O05378,P0018,4,0.05
O05379,P0037,2,0.0
O05380,P0073,5,0.05
O05381,P0011,2,0.0
O05381,P0157,1,0.0
O05382,P0060,3,0.0
O05383,P0070,1,0.0
O05384,P0075,1,0.0
O05384,P0195,4,0.05
O05385,P0190,2,0.05
O05385,P0193,1,0.0
O05386,P0029,1,0.0
O05387,P0168,4,0.2
O05387,P0163,1,0.05
O05388,P0068,2,0.1
O05388,P0139,1,0.05
O05389,P0159,1,0.05
O05389,P0022,1,0.15
O05390,P0077,1,0.0
O05390,P0032,2,0.0
O05390,P0015,2,0.0
O05391,P0141,4,0.15
O05391,P0055,1,0.0
O05392,P0085,1,0.05
O05392,P0146,1,0.0
O05392,P0061,2,0.05
O05393,P0018,2,0.05
O05393,P0121,2,0.0
O05393,P0136,1,0.0
O05394,P0039,1,0.1
O05394,P0049,2,0.05
O05395,P0004,1,0.0
O05395,P0010,1,0.0
O05396,P0004,2,0.0
O05396,P0012,2,0.05
O05396,P0162,2,0.15
O05397,P0132,2,0.15
O05398,P0188,3,0.0
O05398,P0199,2,0.05
O05398,P0053,2,0.0
O05398,P0123,3,0.0
O05399,P0136,2,0.05
O05399,P0066,2,0.15
O05399,P0155,1,0.2
O05399,P0103,1,0.1
O05400,P0184,3,0.2
O05400,P0095,2,0.05
O05401,P0180,1,0.0
O05401,P0086,1,0.1
O05402,P0144,1,0.1
O05403,P0081,2,0.05
O05403,P0065,1,0.05
O05404,P0182,1,0.0
O05404,P0162,2,0.15
O05404,P0110,1,0.05
O05404,P0008,2,0.1
O05405,P0141,2,0.15
O05406,P0154,1,0.0
O05406,P0164,2,0.05
O05406,P0016,4,0.0
O05406,P0184,1,0.0
O05407,P0056,1,0.0
O05408,P0113,1,0.0
O05408,P0081,4,0.15
O05409,P0096,2,0.15
O05410,P0037,2,0.05
O05410,P0120,4,0.05
O05411,P0119,1,0.0
O05412,P0184,2,0.0
O05412,P0122,2,0.1
O05413,P0046,1,0.0
O05413,P0095,2,0.0
O05414,P0032,1,0.1
O05414,P0189,2,0.05
O05414,P0163,2,0.15
O05415,P0020,1,0.0
O05416,P0041,2,0.05
O05417,P0010,2,0.0
O05418,P0186,2,0.15
O05418,P0170,2,0.15
O05418,P0095,5,0.1
O05419,P0098,2,0.05
O05419,P0191,2,0.1
O05420,P0076,5,0.15
O05420,P0179,1,0.1
O05420,P0045,3,0.0
O05421,P0085,1,0.0
O05421,P0064,2,0.0
O05421,P0195,1,0.05
O05421,P0150,2,0.0
O05422,P0033,1,0.0
O05423,P0124,4,0.1
O05423,P0149,2,0.1
O05423,P0038,1,0.0
O05424,P0189,1,0.0
O05424,P0077,1,0.1
O05425,P0104,2,0.0
O05425,P0109,1,0.0
O05426,P0062,1,0.0
O05427,P0013,1,0.05
O05427,P0002,2,0.0
O05427,P0075,1,0.0
O05428,P0113,1,0.05
O05428,P0018,1,0.05
O05428,P0042,3,0.1
O05429,P0043,2,0.0
O05429,P0101,4,0.05
O05430,P0082,1,0.0
O05430,P0151,1,0.1
O05430,P0087,1,0.0
O05431,P0103,1,0.05
O05431,P0147,3,0.1
O05431,P0195,3,0.05
O05432,P0033,2,0.0
O05432,P0137,3,0.0
O05432,P0083,1,0.15
O05433,P0084,3,0.05
O05434,P0196,2,0.1
O05434,P0163,1,0.05
O05434,P0169,1,0.15
O05435,P0025,4,0.05
O05435,P0049,1,0.15
O05436,P0108,4,0.1
O05436,P0191,4,0.1
O05436,P0028,1,0.1
O05437,P0142,3,0.05
O05437,P0149,1,0.0
O05438,P0095,4,0.15
O05438,P0065,1,0.05
O05439,P0096,2,0.15
O05439,P0044,1,0.1
O05440,P0141,1,0.1
O05440,P0062,1,0.1
O05441,P0065,2,0.05
O05442,P0064,3,0.05
O05443,P0142,4,0.0
O05443,P0111,2,0.0
O05444,P0135,3,0.15
O05445,P0139,2,0.05
O05446,P0069,1,0.1
O05446,P0125,2,0.05
O05446,P0092,1,0.0
O05447,P0008,1,0.05
O05448,P0047,1,0.05
O05449,P0172,2,0.2
O05450,P0025,1,0.0
O05451,P0190,1,0.05
O05452,P0197,1,0.0
O05452,P0036,1,0.0
O05453,P0020,1,0.0
O05454,P0117,2,0.15
O05455,P0026,1,0.0
O05456,P0123,2,0.0
O05457,P0181,2,0.0
O05457,P0155,2,0.1
O05458,P0028,1,0.05
O05459,P0009,2,0.05
O05459,P0007,2,0.0
O05459,P0091,1,0.15
O05460,P0020,2,0.05
O05460,P0119,3,0.05
O05461,P0186,1,0.0
O05461,P0024,1,0.0
O05462,P0037,1,0.2
O05462,P0184,2,0.0
O05463,P0037,1,0.0
O05464,P0178,1,0.1
O05465,P0070,4,0.05
O05465,P0160,2,0.0
O05466,P0050,1,0.0
O05466,P0168,1,0.1
O05466,P0149,1,0.05
O05466,P0066,2,0.15
O05467,P0128,3,0.0
O05468,P0055,3,0.0
O05469,P0191,2,0.0
O05470,P0112,3,0.0
O05470,P0065,2,0.15
O05470,P0001,1,0.05
O05471,P0158,1,0.05
O05471,P0093,1,0.0
O05472,P0050,2,0.15
O05473,P0164,1,0.0
O05473,P0112,2,0.05
O05474,P0021,2,0.1
O05475,P0195,2,0.0
O05475,P0163,1,0.0
O05476,P0040,1,0.15
O05477,P0143,3,0.0
O05477,P0192,1,0.1
O05478,P0139,1,0.15
O05478,P0163,2,0.2
O05478,P0003,1,0.0
O05479,P0151,1,0.0
O05479,P0135,2,0.0
O05480,P0085,2,0.05
O05481,P0187,2,0.15
O05481,P0152,1,0.0
O05482,P0072,3,0.05
O05482,P0185,2,0.05
O05483,P0160,2,0.05
O05483,P0189,4,0.0
O05484,P0024,1,0.0
O05485,P0197,1,0.0
O05485,P0138,1,0.15
O05485,P0128,1,0.0
O05486,P0148,1,0.0
O05486,P0083,1,0.1
O05486,P0166,4,0.05
O05487,P0096,3,0.15
O05487,P0130,1,0.2
O05487,P0053,1,0.05
O05488,P0170,2,0.05
O05488,P0148,4,0.2
O05489,P0021,1,0.0
O05490,P0040,1,0.0
O05490,P0028,2,0.1
O05491,P0135,5,0.2
O05491,P0158,3,0.05
O05491,P0001,3,0.15
O05492,P0199,1,0.1
O05492,P0187,2,0.05
O05493,P0010,5,0.0
O05494,P0079,1,0.1
O05494,P0044,2,0.15
O05494,P0123,4,0.1
O05495,P0023,2,0.0
O05495,P0022,3,0.05
O05496,P0153,3,0.0
O05496,P0166,1,0.1
O05497,P0148,4,0.05
O05497,P0195,4,0.0
O05498,P0199,1,0.1
O05498,P0119,2,0.0
O05499,P0042,2,0.1
O05500,P0154,1,0.05
O05500,P0027,1,0.1
O05500,P0134,1,0.1
O05500,P0011,4,0.0
O05501,P0042,2,0.0
O05502,P0050,2,0.05
O05503,P0025,1,0.05
O05504,P0097,1,0.05
O05504,P0170,3,0.0
O05505,P0193,2,0.15
O05506,P0062,1,0.05
O05506,P0114,1,0.0
O05506,P0026,3,0.05
O05507,P0119,1,0.0
O05508,P0002,1,0.05
O05509,P0137,2,0.05
O05509,P0066,1,0.0
O05510,P0130,1,0.0
O05510,P0085,1,0.2
O05511,P0063,1,0.15
O05511,P0016,5,0.05
O05512,P0134,4,0.0
O05513,P0059,2,0.0
O05514,P0143,3,0.0
O05514,P0164,1,0.2
O05515,P0093,1,0.0
O05515,P0172,1,0.15
O05516,P0007,3,0.1
O05517,P0058,1,0.1
O05517,P0105,1,0.0
O05518,P0042,1,0.05
O05518,P0116,3,0.05
O05519,P0139,2,0.05
O05519,P0142,2,0.15
O05520,P0088,1,0.0
O05520,P0171,1,0.05
O05521,P0031,1,0.2
O05522,P0034,2,0.2
O05523,P0027,2,0.1
O05524,P0113,1,0.05
O05524,P0048,1,0.0
O05524,P0133,3,0.1
O05525,P0071,5,0.05
O05526,P0099,1,0.1
O05526,P0200,1,0.05
O05527,P0005,1,0.1
O05527,P0176,1,0.1
O05528,P0124,1,0.05
O05529,P0085,3,0.0
O05530,P0101,1,0.0
O05530,P0183,2,0.15
O05531,P0078,2,0.0
O05531,P0173,1,0.1
O05532,P0146,2,0.0
O05532,P0187,2,0.0
O05533,P0097,1,0.05
O05533,P0137,1,0.05
O05534,P0165,3,0.0
O05535,P0161,1,0.05
O05536,P0082,1,0.05
O05536,P0086,4,0.0
O05536,P0103,2,0.1
O05537,P0021,3,0.05
O05537,P0127,1,0.0
O05538,P0031,3,0.0
O05538,P0012,2,0.2
O05539,P0167,1,0.05
O05540,P0145,4,0.1
O05540,P0049,1,0.1
O05541,P0007,1,0.1
O05542,P0131,1,0.0
O05542,P0136,1,0.05
O05542,P0038,1,0.1
O05543,P0112,1,0.05
O05543,P0105,1,0.05
O05544,P0138,1,0.05
O05544,P0129,1,0.0
O05545,P0129,2,0.15
O05545,P0123,4,0.05
O05546,P0078,1,0.0
O05546,P0170,1,0.05
O05546,P0032,2,0.0
O05547,P0043,1,0.0
O05547,P0131,2,0.0
O05548,P0180,2,0.05
O05548,P0168,1,0.05
O05548,P0033,4,0.0
O05548,P0052,4,0.1
O05549,P0013,1,0.1
O05550,P0099,1,0.0
O05551,P0056,1,0.1
O05551,P0100,1,0.15
O05551,P0143,2,0.15
O05551,P0147,1,0.0
O05552,P0112,3,0.0
O05552,P0069,2,0.05
O05553,P0061,2,0.15
O05553,P0096,1,0.05
O05553,P0052,5,0.0
O05553,P0160,1,0.0
O05554,P0112,1,0.05
O05555,P0199,1,0.05
O05555,P0018,1,0.0
O05556,P0072,1,0.1
O05557,P0004,1,0.1
O05558,P0143,2,0.15
O05558,P0121,1,0.05
O05558,P0056,2,0.05
O05559,P0149,1,0.1
O05559,P0071,1,0.05
O05559,P0177,1,0.05
O05559,P0120,1,0.1
O05560,P0179,2,0.05
O05560,P0162,3,0.05
O05561,P0027,3,0.1
O05561,P0197,1,0.0
O05562,P0049,1,0.05
O05562,P0184,3,0.0
O05562,P0015,1,0.15
O05563,P0010,2,0.05
O05563,P0128,1,0.05
O05564,P0184,1,0.05
O05564,P0028,2,0.15
O05564,P0196,2,0.1
O05565,P0087,2,0.05
O05565,P0022,1,0.0
O05566,P0068,1,0.0
O05567,P0070,1,0.2
O05567,P0107,1,0.1
O05568,P0175,1,0.0
O05569,P0075,4,0.1
O05569,P0053,1,0.0
O05570,P0065,4,0.05
O05571,P0062,1,0.05
O05571,P0065,2,0.15
O05571,P0083,2,0.0
O05572,P0104,2,0.0
O05572,P0028,1,0.0
O05573,P0092,1,0.0
O05573,P0137,5,0.15
O05574,P0030,1,0.0
O05574,P0131,2,0.15
O05575,P0074,1,0.0
O05576,P0096,1,0.05
O05576,P0134,3,0.0
O05576,P0156,1,0.0
O05577,P0136,1,0.2
O05577,P0003,3,0.05
O05578,P0193,1,0.15
O05578,P0012,1,0.0
O05578,P0105,2,0.0
O05579,P0025,1,0.1
O05580,P0014,1,0.05
O05580,P0110,1,0.0
O05580,P0103,1,0.05
O05581,P0179,2,0.0
O05581,P0051,2,0.05
O05581,P0188,1,0.05
O05582,P0016,1,0.1
O05582,P0019,3,0.05
O05583,P0077,2,0.05
O05584,P0082,2,0.0
O05585,P0032,2,0.0
O05585,P0084,2,0.1
O05585,P0064,3,0.05
O05585,P0141,1,0.05
O05586,P0061,4,0.0
O05586,P0151,1,0.0
O05587,P0001,2,0.0
O05588,P0166,1,0.15
O05588,P0099,2,0.0
O05588,P0128,2,0.0
O05589,P0126,1,0.1
O05590,P0038,1,0.0
O05590,P0075,1,0.15
O05591,P0042,1,0.0
O05591,P0028,2,0.0
O05592,P0002,2,0.0
O05593,P0020,3,0.1
O05594,P0194,5,0.05
O05595,P0110,1,0.0
O05596,P0063,1,0.0
O05597,P0117,4,0.0
O05598,P0164,1,0.05
O05598,P0134,4,0.15
O05598,P0068,2,0.15
O05599,P0143,1,0.1
O05599,P0153,1,0.1
O05599,P0134,1,0.0
O05600,P0200,2,0.0
O05600,P0083,1,0.0
O05600,P0169,5,0.1
O05601,P0066,2,0.05
O05601,P0014,3,0.1
O05601,P0098,3,0.15
O05602,P0056,1,0.0
O05602,P0037,3,0.05
O05602,P0149,1,0.05
O05603,P0172,1,0.0
O05603,P0073,1,0.1
O05604,P0063,1,0.1
O05604,P0011,2,0.1
O05604,P0152,1,0.0
O05605,P0187,2,0.05
O05606,P0044,1,0.0
O05606,P0189,1,0.1
O05607,P0025,2,0.0
O05608,P0067,1,0.05
O05608,P0199,1,0.1
O05608,P0193,1,0.05
O05609,P0083,2,0.0
O05610,P0159,1,0.2
O05611,P0112,1,0.05
O05612,P0188,1,0.0
O05612,P0091,2,0.2
O05612,P0078,1,0.1
O05613,P0175,2,0.0
O05613,P0092,4,0.0
O05613,P0162,1,0.05
O05614,P0137,2,0.05
O05614,P0081,1,0.05
O05615,P0134,5,0.05
O05616,P0179,3,0.0
O05616,P0054,2,0.05
O05617,P0097,3,0.0
O05618,P0083,2,0.0
O05619,P0150,1,0.0
O05620,P0113,1,0.05
O05620,P0184,1,0.15
O05621,P0059,2,0.15
O05622,P0058,2,0.1
O05623,P0018,3,0.0
O05623,P0160,2,0.0
O05623,P0125,1,0.0
O05624,P0145,4,0.0
O05624,P0020,1,0.0
O05625,P0123,1,0.0
O05625,P0005,1,0.05
O05625,P0092,1,0.15
O05625,P0127,2,0.15
O05626,P0091,2,0.1
O05626,P0062,1,0.1
O05627,P0093,1,0.0
O05627,P0150,2,0.0
O05627,P0190,2,0.1
O05628,P0168,2,0.0
O05629,P0143,1,0.15
O05630,P0162,4,0.05
O05630,P0030,2,0.1
O05631,P0035,1,0.0
O05631,P0087,2,0.15
O05631,P0118,1,0.15
O05632,P0018,3,0.0
O05633,P0117,1,0.1
O05633,P0141,5,0.0
O05634,P0177,2,0.0
O05635,P0175,1,0.0
O05636,P0023,2,0.05
O05636,P0120,2,0.1
O05636,P0075,1,0.05
O05637,P0007,1,0.0
O05638,P0051,1,0.05
O05638,P0057,1,0.0
O05639,P0179,2,0.05
O05639,P0174,2,0.05
O05640,P0056,1,0.0
O05641,P0116,1,0.0
O05642,P0033,1,0.0
O05643,P0085,1,0.1
O05643,P0052,1,0.2
O05644,P0167,1,0.05
O05644,P0160,1,0.0
O05645,P0116,1,0.15
O05645,P0188,2,0.2
O05645,P0073,2,0.0
O05645,P0093,1,0.0
O05646,P0043,4,0.0
O05646,P0062,2,0.05
O05646,P0144,1,0.0
O05647,P0195,1,0.05
O05647,P0006,2,0.0
O05647,P0109,3,0.15
O05648,P0152,1,0.15
O05648,P0121,1,0.0
O05649,P0023,1,0.05
O05650,P0160,2,0.15
O05650,P0023,1,0.15
O05651,P0082,5,0.05
O05652,P0055,3,0.05
O05652,P0200,3,0.05
O05653,P0143,1,0.1
O05653,P0129,5,0.05
O05653,P0189,1,0.1
O05654,P0143,1,0.15
O05655,P0185,1,0.0
O05656,P0140,3,0.0
O05657,P0144,5,0.05
O05658,P0064,2,0.0
O05658,P0147,1,0.1
O05659,P0073,1,0.0
O05659,P0148,2,0.1
O05659,P0174,1,0.05
O05660,P0188,3,0.05
O05661,P0110,1,0.0
O05661,P0116,1,0.0
O05661,P0191,1,0.15
O05662,P0190,1,0.15
O05662,P0021,1,0.05
O05663,P0021,2,0.0
O05663,P0138,2,0.15
O05663,P0038,1,0.0
O05664,P0144,5,0.05
O05665,P0006,2,0.0
O05665,P0039,2,0.0
O05666,P0197,5,0.2
O05666,P0061,1,0.05
O05667,P0102,2,0.1
O05668,P0168,2,0.15
O05668,P0110,1,0.0
O05669,P0028,5,0.0
O05670,P0153,3,0.05
O05671,P0012,1,0.1
O05672,P0140,2,0.05
O05673,P0110,2,0.0
O05673,P0145,1,0.0
O05674,P0005,1,0.2
O05674,P0197,2,0.0
O05675,P0058,4,0.1
O05675,P0094,2,0.0
O05676,P0124,2,0.0
O05677,P0101,2,0.05
O05677,P0188,2,0.05
O05677,P0033,2,0.0
O05677,P0168,1,0.0
O05678,P0008,1,0.0
O05678,P0101,1,0.05
O05678,P0046,1,0.05
O05679,P0131,1,0.05
O05679,P0051,2,0.0
O05680,P0098,5,0.05
O05680,P0159,1,0.1
O05680,P0007,1,0.0
O05681,P0142,3,0.0
O05681,P0005,2,0.05
O05681,P0094,2,0.05
O05682,P0140,1,0.05
O05682,P0063,2,0.05
O05682,P0191,2,0.05
O05682,P0022,2,0.05
O05683,P0162,2,0.0
O05684,P0120,2,0.0
O05684,P0031,1,0.0
O05685,P0124,1,0.05
O05686,P0094,2,0.2
O05686,P0191,1,0.15
O05686,P0072,3,0.05
O05687,P0191,4,0.1
O05687,P0103,1,0.0
O05687,P0036,1,0.05
O05688,P0010,2,0.0
O05688,P0090,2,0.0
O05688,P0008,1,0.0
O05689,P0038,1,0.15
O05689,P0058,2,0.0
O05690,P0014,3,0.2
O05690,P0158,2,0.05
O05691,P0045,1,0.05
O05691,P0023,1,0.0
O05692,P0147,3,0.1
O05692,P0176,1,0.05
O05692,P0045,5,0.0
O05693,P0074,1,0.0
O05693,P0013,3,0.0
O05694,P0078,5,0.0
O05695,P0198,5,0.0
O05695,P0187,4,0.05
O05695,P0015,1,0.15
O05696,P0172,1,0.0
O05697,P0098,3,0.15
O05697,P0084,1,0.05
O05698,P0016,1,0.0
O05698,P0052,1,0.15
O05698,P0037,1,0.0
O05699,P0059,1,0.0
O05700,P0138,1,0.15
O05700,P0070,5,0.05
O05701,P0189,1,0.05
O05702,P0186,1,0.05
O05702,P0004,5,0.05
O05703,P0043,1,0.0
O05703,P0094,1,0.05
O05704,P0124,1,0.0
O05705,P0041,3,0.0
O05705,P0040,2,0.05
O05706,P0154,2,0.1
O05707,P0195,4,0.0
O05707,P0061,1,0.1
O05707,P0190,1,0.1
O05708,P0187,1,0.0
O05709,P0142,1,0.0
O05709,P0007,4,0.05
O05710,P0167,1,0.0
O05710,P0188,2,0.1
O05710,P0137,1,0.05
O05711,P0141,1,0.0
O05712,P0043,2,0.15
O05713,P0078,2,0.05
O05713,P0006,1,0.0
O05713,P0118,1,0.1
O05713,P0172,5,0.0
O05714,P0095,2,0.0
O05714,P0179,1,0.05
O05714,P0113,1,0.15
O05715,P0102,1,0.05
O05715,P0036,1,0.0
O05715,P0031,2,0.0
O05715,P0123,2,0.1
O05716,P0094,2,0.15
O05717,P0184,1,0.05
O05718,P0121,4,0.1
O05718,P0088,3,0.0
O05719,P0140,1,0.0
O05719,P0052,2,0.05
O05720,P0018,1,0.1
O05720,P0192,1,0.0
O05720,P0029,1,0.0
O05721,P0141,1,0.05
O05722,P0077,2,0.0
O05723,P0044,5,0.0
O05724,P0149,1,0.0
O05724,P0158,2,0.0
O05725,P0012,3,0.0
O05725,P0080,2,0.0
O05726,P0150,1,0.0
O05727,P0050,3,0.0
O05727,P0072,1,0.15
O05727,P0138,2,0.05
O05728,P0080,1,0.1
O05728,P0034,1,0.0
O05728,P0126,3,0.2
O05728,P0089,3,0.0
O05729,P0102,2,0.0
O05730,P0119,1,0.0
O05730,P0061,2,0.05
O05730,P0156,1,0.0
O05731,P0186,2,0.05
O05731,P0103,1,0.0
O05731,P0143,5,0.0
O05732,P0168,3,0.2
O05732,P0078,3,0.05
O05732,P0059,2,0.0
O05733,P0153,2,0.05
O05734,P0016,4,0.0
O05734,P0171,1,0.0
O05735,P0062,1,0.1
O05735,P0133,1,0.1
O05735,P0046,2,0.1
O05736,P0009,2,0.05
O05736,P0190,2,0.0
O05737,P0150,3,0.05
O05738,P0038,3,0.0
O05739,P0028,2,0.0
O05740,P0017,1,0.15
O05740,P0159,1,0.05
O05741,P0158,1,0.15
O05741,P0110,1,0.1
O05741,P0072,1,0.05
O05742,P0121,2,0.0
O05742,P0069,1,0.05
O05743,P0090,2,0.0
O05743,P0155,1,0.05
O05744,P0020,1,0.0
O05744,P0060,1,0.15
O05745,P0015,3,0.1
O05746,P0059,2,0.0
O05746,P0068,2,0.0
O05747,P0089,4,0.1
O05747,P0002,2,0.0
O05748,P0096,2,0.15
O05749,P0006,1,0.0
O05750,P0197,1,0.2
O05750,P0151,1,0.1
O05751,P0098,5,0.1
O05751,P0200,5,0.0
O05752,P0015,1,0.2
O05752,P0109,2,0.1
O05753,P0088,4,0.0
O05754,P0133,2,0.0
O05754,P0104,2,0.0
O05755,P0132,1,0.05
O05755,P0101,1,0.05
O05756,P0082,1,0.05
O05757,P0023,1,0.1
O05757,P0016,1,0.2
O05757,P0195,2,0.05
O05757,P0146,2,0.15
O05758,P0181,1,0.05
O05759,P0183,2,0.05
O05759,P0019,2,0.0
O05759,P0122,1,0.05
O05759,P0195,2,0.05
O05760,P0161,1,0.05
O05760,P0144,2,0.05
O05760,P0109,2,0.0
O05761,P0146,3,0.0
O05761,P0177,1,0.1
O05761,P0117,1,0.0
O05762,P0071,1,0.0
O05762,P0084,1,0.2
O05763,P0066,1,0.05
O05764,P0186,1,0.1
O05764,P0188,1,0.1
O05765,P0106,1,0.05
O05765,P0048,3,0.0
O05765,P0035,1,0.05
O05765,P0052,2,0.05
O05766,P0146,2,0.0
O05766,P0170,2,0.0
O05767,P0124,1,0.05
O05768,P0098,4,0.0
O05769,P0138,4,0.0
O05770,P0143,2,0.05
O05771,P0021,3,0.0
O05772,P0027,1,0.1
O05772,P0073,2,0.05
O05773,P0200,4,0.0
O05774,P0182,2,0.15
O05775,P0172,1,0.0
O05775,P0117,1,0.0
O05775,P0050,2,0.05
O05776,P0166,1,0.0
O05776,P0004,4,0.0
O05776,P0132,1,0.15
O05776,P0072,2,0.05
O05777,P0104,3,0.1
O05778,P0155,1,0.15
O05778,P0025,1,0.05
O05778,P0151,2,0.1
O05779,P0148,3,0.0
O05779,P0073,2,0.0
O05779,P0183,2,0.05
O05780,P0011,2,0.0
O05780,P0098,1,0.1
O05781,P0180,2,0.0
O05781,P0121,2,0.1
O05782,P0144,1,0.05
O05782,P0163,4,0.1
O05783,P0041,1,0.05
O05783,P0171,2,0.05
O05783,P0178,1,0.0
O05784,P0193,1,0.0
O05784,P0112,2,0.0
O05784,P0140,2,0.0
O05785,P0001,2,0.0
O05786,P0098,1,0.1
O05786,P0018,4,0.0
O05787,P0113,1,0.1
O05787,P0024,1,0.15
O05787,P0093,1,0.2
O05787,P0175,1,0.0
O05788,P0087,1,0.1
O05788,P0110,2,0.15
O05789,P0106,2,0.1
O05789,P0117,1,0.0
O05790,P0055,2,0.05
O05791,P0181,1,0.05
O05791,P0049,2,0.15
O05792,P0033,1,0.05
O05792,P0129,2,0.05
O05793,P0048,3,0.2
O05794,P0184,1,0.1
O05794,P0021,3,0.05
O05794,P0161,1,0.05
O05795,P0007,1,0.0
O05796,P0106,1,0.05
O05796,P0007,1,0.0
O05796,P0018,3,0.05
O05797,P0136,1,0.0
O05798,P0065,1,0.15
O05799,P0008,1,0.1
O05799,P0159,1,0.1
O05800,P0162,3,0.1
O05800,P0018,2,0.05
O05801,P0132,2,0.1
O05801,P0191,2,0.1
O05802,P0054,3,0.05
O05803,P0007,1,0.05
O05803,P0093,1,0.05
O05804,P0020,2,0.05
O05805,P0017,1,0.0
O05806,P0093,2,0.15
O05806,P0129,2,0.05
O05807,P0180,5,0.15
O05808,P0010,1,0.2
O05808,P0093,3,0.05
O05809,P0037,2,0.0
O05809,P0083,1,0.0
O05810,P0103,1,0.0
O05810,P0160,3,0.05
O05810,P0143,2,0.1
O05811,P0146,1,0.0
O05811,P0161,2,0.1
O05812,P0035,2,0.0
O05812,P0114,2,0.05
O05812,P0173,2,0.1
O05813,P0136,2,0.0
O05814,P0047,4,0.15
O05815,P0021,3,0.0
O05815,P0025,2,0.0
O05816,P0185,3,0.0
O05816,P0157,1,0.0
O05817,P0130,1,0.0
O05818,P0022,3,0.1
O05818,P0102,1,0.05
O05818,P0116,4,0.1
O05819,P0045,3,0.15
O05819,P0110,2,0.2
O05820,P0165,1,0.0
O05820,P0094,2,0.05
O05820,P0069,2,0.0
O05821,P0100,1,0.1
O05821,P0169,4,0.0
O05822,P0041,2,0.15
O05822,P0108,3,0.0
O05822,P0175,1,0.15
O05823,P0010,3,0.0
O05824,P0043,2,0.05
O05824,P0005,2,0.0
O05825,P0109,1,0.0
O05825,P0111,3,0.0
O05825,P0091,1,0.0
O05826,P0075,1,0.0
O05826,P0098,1,0.05
O05826,P0197,1,0.15
O05826,P0129,2,0.05
O05827,P0158,2,0.05
O05827,P0088,1,0.15
O05828,P0063,1,0.0
O05828,P0141,4,0.1
O05829,P0054,3,0.1
O05830,P0087,1,0.1
O05830,P0194,4,0.0
O05831,P0171,1,0.1
O05831,P0072,1,0.05
O05831,P0192,4,0.05
O05832,P0037,1,0.0
O05832,P0101,3,0.05
O05832,P0177,1,0.05
O05833,P0078,1,0.1
O05833,P0180,1,0.1
O05834,P0039,2,0.0
O05835,P0099,1,0.1
O05835,P0182,1,0.05
O05836,P0045,1,0.15
O05836,P0085,2,0.1
O05837,P0029,1,0.05
O05837,P0192,1,0.0
O05838,P0173,4,0.05
O05839,P0111,5,0.0
O05839,P0008,2,0.15
O05840,P0174,1,0.05
O05840,P0131,3,0.0
O05840,P0133,1,0.1
O05841,P0115,1,0.0
O05841,P0179,4,0.05
O05841,P0031,2,0.0
O05841,P0017,2,0.05
O05842,P0188,1,0.0
O05843,P0041,4,0.0
O05844,P0121,4,0.1
O05844,P0032,1,0.0
O05844,P0180,3,0.1
O05844,P0076,1,0.0
O05845,P0198,1,0.05
O05845,P0129,1,0.0
O05845,P0173,1,0.05
O05846,P0031,1,0.15
O05846,P0142,1,0.15
O05847,P0049,1,0.0
O05848,P0053,1,0.05
O05849,P0002,1,0.1
O05849,P0095,1,0.0
O05850,P0015,1,0.2
O05850,P0160,1,0.1
O05851,P0184,3,0.2
O05851,P0190,1,0.1
O05851,P0002,1,0.0
O05852,P0125,5,0.05
O05853,P0188,2,0.05
O05853,P0046,2,0.1
O05854,P0047,4,0.05
O05855,P0079,2,0.05
O05855,P0156,1,0.0
O05856,P0016,1,0.0
O05856,P0100,2,0.0
O05856,P0091,2,0.0
O05857,P0113,3,0.0
O05857,P0071,1,0.0
O05858,P0192,3,0.0
O05858,P0144,1,0.05
O05859,P0109,3,0.05
O05859,P0004,1,0.15
O05860,P0082,1,0.1
O05860,P0132,2,0.05
O05860,P0093,1,0.0
O05860,P0104,1,0.05
O05861,P0062,2,0.0
O05861,P0147,1,0.05
O05862,P0056,1,0.05
O05862,P0192,3,0.0
O05863,P0030,1,0.2
O05863,P0061,1,0.15
O05864,P0165,1,0.0
O05864,P0031,2,0.05
O05864,P0174,1,0.15
O05865,P0065,1,0.0
O05865,P0129,2,0.1
O05866,P0121,1,0.0
O05866,P0141,1,0.2
O05866,P0028,2,0.0
O05867,P0120,1,0.0
O05867,P0113,5,0.0
O05867,P0029,1,0.0
O05868,P0172,3,0.05
O05868,P0010,5,0.0
O05869,P0195,1,0.0
O05869,P0138,2,0.0
O05870,P0086,2,0.0
O05870,P0095,2,0.1
O05871,P0028,2,0.0
O05871,P0133,4,0.2
O05872,P0085,1,0.0
O05872,P0185,1,0.0
O05872,P0104,1,0.0
O05873,P0015,2,0.15
O05874,P0068,2,0.05
O05875,P0002,1,0.1
O05875,P0039,1,0.2
O05876,P0168,1,0.0
O05876,P0159,1,0.0
O05877,P0078,1,0.0
O05878,P0076,2,0.15
O05879,P0180,2,0.05
O05880,P0042,1,0.0
O05880,P0008,1,0.2
O05880,P0030,1,0.05
O05881,P0141,3,0.1
O05881,P0189,4,0.0
O05881,P0105,2,0.0
O05882,P0066,1,0.0
O05882,P0013,2,0.05
O05883,P0107,2,0.0
O05884,P0119,2,0.0
O05885,P0002,1,0.05
O05885,P0043,1,0.05
O05886,P0064,2,0.0
O05886,P0121,2,0.0
O05887,P0161,1,0.0
O05888,P0025,2,0.1
O05888,P0127,1,0.0
O05889,P0117,1,0.0
O05889,P0055,2,0.0
O05890,P0153,5,0.1
O05890,P0079,1,0.0
O05891,P0142,1,0.2
O05891,P0101,2,0.2
O05892,P0025,2,0.0
O05893,P0129,1,0.05
O05893,P0059,2,0.05
O05894,P0090,2,0.05
O05894,P0130,2,0.1
O05894,P0060,1,0.0
O05894,P0189,1,0.0
O05895,P0038,2,0.05
O05895,P0190,2,0.0
O05895,P0078,1,0.0
O05895,P0157,1,0.05
O05896,P0011,1,0.0
O05897,P0049,4,0.0
O05897,P0038,1,0.05
O05898,P0191,2,0.05
O05899,P0036,1,0.1
O05900,P0008,2,0.05
O05900,P0052,1,0.0
O05901,P0172,1,0.0
O05901,P0165,1,0.15
O05902,P0097,1,0.15
O05902,P0082,3,0.15
O05903,P0070,2,0.1
O05904,P0190,1,0.2
O05905,P0177,2,0.0
O05905,P0142,1,0.0
O05905,P0153,1,0.05
O05906,P0100,1,0.05
O05907,P0155,3,0.0
O05907,P0119,1,0.1
O05908,P0018,3,0.2
O05908,P0168,1,0.2
O05909,P0029,3,0.05
O05909,P0007,2,0.0
O05909,P0165,2,0.05
O05910,P0132,4,0.0
O05911,P0167,1,0.2
O05911,P0190,1,0.1
O05912,P0152,1,0.0
O05912,P0135,1,0.15
O05913,P0041,1,0.0
O05914,P0122,1,0.05
O05914,P0127,1,0.0
O05915,P0084,4,0.05
O05915,P0075,1,0.05
O05916,P0068,1,0.0
O05916,P0135,2,0.0
O05916,P0173,1,0.05
O05917,P0165,3,0.0
O05917,P0151,2,0.05
O05918,P0145,4,0.0
O05918,P0052,2,0.15
O05918,P0087,5,0.05
O05919,P0108,1,0.0
O05919,P0038,4,0.15
O05920,P0036,1,0.05
O05920,P0179,2,0.05
O05920,P0104,2,0.0
O05920,P0111,1,0.15
O05921,P0058,1,0.0
O05921,P0064,2,0.1
O05922,P0005,2,0.0
O05923,P0013,1,0.05
O05923,P0031,3,0.05
O05924,P0007,1,0.0
O05924,P0069,1,0.05
O05924,P0022,1,0.0
O05925,P0158,2,0.05
O05926,P0060,4,0.05
O05927,P0128,1,0.05
O05928,P0010,1,0.2
O05929,P0102,2,0.15
O05929,P0057,3,0.05
O05929,P0097,3,0.0
O05930,P0056,1,0.0
O05930,P0151,3,0.05
O05931,P0186,3,0.0
O05931,P0068,2,0.0
O05932,P0020,1,0.1
O05933,P0115,2,0.05
O05934,P0076,1,0.0
O05934,P0019,1,0.0
O05935,P0050,1,0.05
O05936,P0191,2,0.05
O05936,P0177,1,0.0
O05937,P0179,1,0.2
O05938,P0083,2,0.2
O05939,P0019,4,0.05
O05939,P0106,1,0.0
O05939,P0139,2,0.0
O05940,P0146,2,0.0
O05941,P0046,1,0.15
O05942,P0197,1,0.15
O05942,P0200,3,0.0
O05942,P0138,1,0.0
O05942,P0116,1,0.0
O05943,P0139,2,0.0
O05944,P0136,1,0.05
O05945,P0190,4,0.0
O05946,P0113,1,0.1
O05946,P0027,2,0.0
O05946,P0070,3,0.1
O05947,P0046,1,0.15
O05947,P0132,1,0.0
O05947,P0071,1,0.15
O05948,P0066,4,0.0
O05948,P0198,2,0.05
O05949,P0142,2,0.1
O05950,P0136,2,0.15
O05950,P0198,3,0.05
O05951,P0118,1,0.05
O05951,P0129,5,0.1
O05952,P0075,1,0.0
O05953,P0095,3,0.0
O05953,P0006,1,0.0
O05953,P0029,1,0.0
O05954,P0106,2,0.1
O05954,P0129,2,0.15
O05955,P0095,2,0.1
O05955,P0140,1,0.05
O05956,P0032,1,0.0
O05956,P0129,1,0.05
O05957,P0186,1,0.0
O05958,P0057,3,0.05
O05959,P0069,4,0.1
O05959,P0173,2,0.05
O05959,P0197,3,0.0
O05960,P0163,1,0.1
O05961,P0178,2,0.1
O05962,P0178,5,0.1
O05962,P0139,3,0.1
O05963,P0071,1,0.05
O05963,P0170,1,0.0
O05964,P0085,4,0.0
O05964,P0113,1,0.15
O05965,P0020,2,0.15
O05965,P0123,2,0.0
O05965,P0077,1,0.0
O05966,P0170,2,0.0
O05967,P0111,2,0.1
O05967,P0194,1,0.1
O05968,P0120,3,0.1
O05969,P0149,2,0.15
O05969,P0036,2,0.0
O05969,P0057,1,0.0
O05969,P0027,2,0.15
O05970,P0067,1,0.1
O05971,P0085,1,0.05
O05971,P0171,1,0.0
O05971,P0134,1,0.0
O05972,P0045,4,0.05
O05972,P0137,2,0.05
O05972,P0037,1,0.15
O05973,P0052,5,0.15
O05973,P0185,2,0.05
O05974,P0052,3,0.1
O05974,P0018,1,0.0
O05975,P0136,2,0.1
O05975,P0198,2,0.1
O05976,P0151,2,0.15
O05976,P0181,2,0.0
O05976,P0124,1,0.1
O05977,P0151,2,0.05
O05977,P0198,1,0.0
O05978,P0044,2,0.15
O05979,P0186,1,0.1
O05979,P0110,2,0.1
O05979,P0162,2,0.0
O05979,P0045,1,0.0
O05980,P0191,1,0.0
O05980,P0040,2,0.05
O05981,P0091,4,0.0
O05981,P0159,1,0.0
O05982,P0053,3,0.2
O05982,P0153,1,0.15
O05983,P0010,2,0.0
O05984,P0037,3,0.0
O05984,P0182,1,0.05
O05984,P0163,4,0.05
O05985,P0183,2,0.1
O05985,P0005,1,0.05
O05986,P0155,2,0.0
O05986,P0026,2,0.05
O05986,P0084,1,0.1
O05987,P0179,1,0.05
O05988,P0133,1,0.0
O05988,P0131,1,0.15
O05988,P0067,3,0.0
O05989,P0007,1,0.1
O05990,P0057,1,0.0
O05990,P0008,1,0.0
O05991,P0140,1,0.0
O05992,P0043,5,0.05
O05993,P0079,2,0.0
O05993,P0089,1,0.1
O05994,P0034,2,0.0
O05995,P0110,5,0.05
O05995,P0136,1,0.1
O05996,P0138,2,0.15
O05997,P0112,1,0.15
O05998,P0164,2,0.0
O05998,P0154,4,0.15
O05998,P0100,2,0.05
O05999,P0004,3,0.0
O06000,P0015,1,0.0
O06001,P0142,1,0.1
O06002,P0051,1,0.05
O06002,P0199,2,0.1
O06002,P0031,1,0.15
O06003,P0095,1,0.05
O06004,P0049,1,0.0
O06004,P0088,2,0.05
O06005,P0156,2,0.05
O06005,P0176,1,0.1
O06006,P0005,3,0.0
O06007,P0012,1,0.05
O06008,P0099,1,0.0
O06008,P0005,3,0.1
O06009,P0199,1,0.05
O06010,P0003,1,0.1
O06010,P0179,3,0.0
O06011,P0041,1,0.0
O06012,P0192,2,0.0
O06012,P0184,1,0.15
O06013,P0083,1,0.1
O06013,P0019,1,0.0
O06013,P0008,1,0.1
O06014,P0110,2,0.05
O06014,P0008,2,0.0
O06015,P0165,1,0.0
O06015,P0077,1,0.2
O06015,P0192,2,0.05
O06016,P0182,3,0.05
O06017,P0008,1,0.0
O06017,P0126,1,0.2
O06018,P0028,1,0.0
O06019,P0003,2,0.0
O06019,P0164,3,0.0
O06020,P0126,1,0.1
O06021,P0041,1,0.05
O06022,P0181,4,0.05
O06023,P0039,2,0.0
O06024,P0007,1,0.05
O06025,P0122,2,0.0
O06026,P0174,2,0.1
O06026,P0085,2,0.1
O06027,P0048,3,0.15
O06028,P0181,2,0.15
O06029,P0187,1,0.2
O06029,P0074,1,0.0
O06029,P0067,3,0.1
O06030,P0093,1,0.05
O06030,P0030,1,0.05
O06031,P0081,2,0.1
O06032,P0144,5,0.05
O06032,P0115,2,0.0
O06033,P0127,1,0.0
O06033,P0169,2,0.05
O06033,P0020,3,0.0
O06033,P0139,2,0.05
O06034,P0117,1,0.15
O06035,P0110,1,0.0
O06036,P0116,5,0.05
O06036,P0147,1,0.2
O06037,P0009,3,0.05
O06038,P0061,4,0.05
O06038,P0194,2,0.05
O06039,P0056,3,0.1
O06039,P0114,2,0.0
O06039,P0060,1,0.05
O06040,P0064,4,0.0
O06040,P0163,2,0.05
O06041,P0170,2,0.0
O06041,P0053,2,0.0
O06041,P0152,4,0.0
O06042,P0097,1,0.0
O06043,P0130,1,0.0
O06043,P0133,1,0.05
O06043,P0016,2,0.05
O06043,P0144,5,0.05
O06044,P0024,2,0.1
O06044,P0068,4,0.0
O06045,P0168,1,0.05
O06046,P0192,3,0.1
O06046,P0194,1,0.15
O06046,P0005,2,0.0
O06047,P0056,4,0.0
O06048,P0177,1,0.0
O06049,P0148,1,0.0
O06050,P0022,1,0.05
O06050,P0197,1,0.05
O06050,P0200,1,0.1
O06050,P0180,1,0.2
O06051,P0004,1,0.0
O06051,P0116,3,0.0
O06051,P0040,1,0.1
O06052,P0179,1,0.0
O06052,P0040,2,0.2
O06052,P0011,4,0.05
O06052,P0116,3,0.15
O06053,P0059,1,0.0
O06053,P0111,3,0.15
O06054,P0094,1,0.0
O06054,P0174,1,0.0
O06054,P0001,2,0.05
O06055,P0194,1,0.05
O06056,P0008,3,0.0
O06056,P0033,1,0.05
O06056,P0003,4,0.15
O06057,P0021,1,0.15
O06057,P0002,3,0.2
O06058,P0030,1,0.05
O06058,P0039,2,0.0
O06059,P0200,5,0.0
O06059,P0122,2,0.0
O06059,P0171,2,0.05
O06060,P0062,1,0.1
O06060,P0065,3,0.2
O06061,P0131,4,0.0
O06061,P0061,1,0.05
O06062,P0175,4,0.15
O06062,P0118,1,0.1
O06063,P0174,1,0.15
O06064,P0065,2,0.0
O06064,P0156,2,0.05
O06065,P0036,1,0.0
O06066,P0091,1,0.15
O06066,P0077,1,0.05
O06067,P0163,2,0.0
O06068,P0084,1,0.0
O06069,P0094,1,0.15
O06069,P0126,3,0.1
O06070,P0048,3,0.0
O06070,P0197,1,0.0
O06071,P0181,2,0.05
O06071,P0043,2,0.0
O06072,P0170,2,0.05
O06072,P0034,1,0.05
O06073,P0047,2,0.0
O06073,P0022,2,0.0
O06074,P0037,3,0.1
O06075,P0115,1,0.0
O06076,P0065,3,0.0
O06076,P0159,1,0.0
O06077,P0157,2,0.0
O06077,P0068,1,0.0
O06078,P0175,2,0.05
O06078,P0188,1,0.05
O06079,P0029,2,0.1
O06079,P0013,3,0.05
O06079,P0079,1,0.05
O06080,P0197,3,0.1
O06081,P0083,1,0.0
O06081,P0036,3,0.15
O06081,P0065,2,0.0
O06082,P0176,3,0.0
O06082,P0009,2,0.15
O06082,P0115,2,0.15
O06083,P0026,5,0.15
O06084,P0032,4,0.0
O06085,P0169,5,0.0
O06085,P0039,3,0.0
O06086,P0185,1,0.0
O06086,P0081,2,0.05
O06086,P0183,1,0.1
O06087,P0197,1,0.0
O06088,P0126,1,0.0
O06088,P0125,3,0.05
O06089,P0113,1,0.05
O06090,P0154,2,0.0
O06090,P0177,2,0.1
O06090,P0109,4,0.0
O06091,P0120,1,0.05
O06092,P0074,3,0.05
O06093,P0002,2,0.05
O06093,P0141,1,0.0
O06094,P0069,1,0.0
O06095,P0034,2,0.1
O06095,P0037,4,0.05
O06095,P0183,2,0.1
O06095,P0078,1,0.05
O06096,P0128,3,0.05
O06096,P0054,2,0.0
O06096,P0067,2,0.05
O06097,P0184,1,0.05
O06098,P0045,1,0.0
O06098,P0078,2,0.0
O06098,P0156,1,0.15
O06098,P0042,1,0.0
O06099,P0120,3,0.2
O06099,P0179,1,0.1
O06099,P0074,1,0.1
O06099,P0078,3,0.0
O06100,P0086,2,0.05
O06100,P0052,1,0.0
O06101,P0173,1,0.15
O06102,P0034,3,0.15
O06103,P0057,5,0.0
O06103,P0070,1,0.1
O06104,P0160,1,0.0
O06105,P0107,4,0.0
O06105,P0179,2,0.15
O06105,P0052,2,0.2
O06106,P0115,1,0.1
O06107,P0051,3,0.0
O06107,P0200,1,0.0
O06108,P0167,4,0.0
O06108,P0116,1,0.0
O06108,P0022,2,0.15
O06109,P0117,1,0.15
O06109,P0113,2,0.05
O06110,P0097,2,0.0
O06110,P0144,2,0.1
O06111,P0006,2,0.05
O06112,P0081,1,0.0
O06113,P0171,1,0.05
O06113,P0127,1,0.0
O06113,P0162,1,0.0
O06114,P0195,2,0.2
O06114,P0006,3,0.0
O06115,P0040,2,0.2
O06116,P0182,4,0.05
O06117,P0074,2,0.0
O06117,P0054,3,0.1
O06118,P0102,4,0.0
O06118,P0110,2,0.05
O06119,P0011,1,0.05
O06120,P0186,2,0.1
O06121,P0087,2,0.05
O06121,P0175,1,0.05
O06122,P0098,1,0.05
O06122,P0056,3,0.0
O06122,P0147,2,0.05
O06123,P0145,1,0.0
O06123,P0089,2,0.05
O06124,P0044,2,0.1
O06125,P0056,1,0.05
O06126,P0011,1,0.1
O06126,P0129,3,0.05
O06126,P0042,1,0.0
O06127,P0105,3,0.1
O06128,P0025,1,0.15
O06128,P0064,2,0.15
O06129,P0039,5,0.05
O06129,P0012,1,0.05
O06130,P0155,5,0.0
O06130,P0120,2,0.1
O06130,P0167,1,0.15
O06131,P0116,1,0.0
O06132,P0136,1,0.0
O06133,P0095,5,0.0
O06133,P0183,1,0.0
O06134,P0153,1,0.1
O06134,P0027,1,0.05
O06135,P0004,2,0.05
O06135,P0139,2,0.05
O06135,P0183,1,0.0
O06136,P0194,1,0.05
O06136,P0022,1,0.0
O06136,P0029,3,0.15
O06136,P0083,1,0.1
O06137,P0032,1,0.0
O06138,P0031,1,0.0
O06138,P0021,2,0.15
O06139,P0025,1,0.2
O06140,P0098,2,0.0
O06140,P0074,1,0.0
O06140,P0049,2,0.1
O06141,P0039,2,0.2
O06142,P0063,4,0.05
O06142,P0096,1,0.1
O06142,P0034,1,0.1
O06143,P0031,1,0.05
O06143,P0140,2,0.0
O06143,P0074,3,0.15
O06144,P0088,1,0.1
O06145,P0018,2,0.15
O06145,P0030,1,0.15
O06145,P0165,2,0.0
O06145,P0120,3,0.1
O06146,P0163,1,0.05
O06146,P0181,2,0.05
O06146,P0058,3,0.0
O06147,P0123,2,0.0
O06147,P0108,1,0.0
O06148,P0150,1,0.0
O06148,P0162,1,0.1
O06149,P0179,1,0.0
O06150,P0015,1,0.1
O06150,P0059,3,0.05
O06150,P0004,2,0.1
O06151,P0008,1,0.0
O06152,P0188,1,0.0
O06152,P0104,3,0.1
O06153,P0186,2,0.0
O06153,P0136,1,0.0
O06153,P0046,3,0.05
O06154,P0147,2,0.05
O06154,P0023,1,0.0
O06155,P0140,1,0.0
O06156,P0015,2,0.0
O06157,P0091,1,0.05
O06158,P0001,1,0.0
O06158,P0105,2,0.05
O06159,P0081,3,0.0
O06159,P0170,2,0.0
O06160,P0192,4,0.0
O06160,P0168,3,0.0
O06161,P0046,2,0.0
O06162,P0152,3,0.05
O06163,P0023,2,0.0
O06163,P0151,2,0.0
O06164,P0022,1,0.0
O06165,P0018,2,0.1
O06165,P0007,1,0.1
O06165,P0176,4,0.0
O06165,P0124,1,0.15
O06166,P0070,1,0.0
O06167,P0194,3,0.0
O06167,P0187,2,0.0
O06168,P0072,1,0.05
O06168,P0148,2,0.0
O06168,P0107,1,0.0
O06169,P0129,1,0.05
O06169,P0010,1,0.0
O06170,P0114,2,0.05
O06170,P0197,1,0.0
O06170,P0139,2,0.1
O06171,P0125,1,0.05
O06172,P0074,1,0.05
O06173,P0072,3,0.05
O06173,P0111,2,0.0
O06174,P0022,2,0.05
O06175,P0071,2,0.05
O06175,P0109,5,0.05
O06176,P0142,1,0.05
O06177,P0014,2,0.05
O06178,P0006,2,0.1
O06178,P0002,3,0.2
O06178,P0020,1,0.0
O06179,P0003,1,0.0
O06179,P0001,5,0.0
O06179,P0165,4,0.0
O06179,P0163,2,0.05
O06180,P0190,2,0.1
O06180,P0013,1,0.0
O06181,P0074,2,0.0
O06181,P0195,1,0.1
O06181,P0114,5,0.0
O06182,P0175,1,0.15
O06183,P0144,2,0.05
O06183,P0088,1,0.0
O06183,P0098,1,0.2
O06184,P0100,1,0.2
O06184,P0059,1,0.15
O06185,P0108,1,0.1
O06185,P0137,2,0.0
O06186,P0176,1,0.0
O06186,P0069,2,0.05
O06187,P0016,2,0.05
O06187,P0094,1,0.0
O06187,P0190,4,0.05
O06187,P0022,4,0.1
O06188,P0138,1,0.0
O06188,P0011,1,0.05
O06189,P0177,1,0.0
O06190,P0200,2,0.1
O06190,P0190,1,0.0
O06191,P0188,3,0.0
O06191,P0180,3,0.0
O06191,P0171,1,0.0
O06191,P0050,2,0.15
O06192,P0031,1,0.05
O06193,P0065,1,0.05
O06194,P0155,1,0.05
O06194,P0070,1,0.1
O06195,P0142,1,0.05
O06196,P0030,1,0.1
O06197,P0035,2,0.0
O06197,P0175,3,0.1
O06197,P0008,3,0.0
O06197,P0169,2,0.0
O06198,P0180,3,0.05
O06198,P0041,3,0.0
O06199,P0159,1,0.0
O06199,P0113,2,0.0
O06199,P0194,1,0.05
O06200,P0184,2,0.0
O06200,P0029,4,0.1
O06201,P0005,1,0.0
O06201,P0072,1,0.1
O06201,P0083,5,0.15
O06202,P0156,1,0.0
O06202,P0076,1,0.05
O06202,P0063,3,0.0
O06203,P0141,2,0.0
O06203,P0064,3,0.0
O06203,P0089,1,0.1
O06204,P0004,1,0.0
O06204,P0003,3,0.05
O06205,P0069,1,0.0
O06206,P0195,2,0.0
O06206,P0075,1,0.0
O06207,P0185,4,0.15
O06207,P0160,1,0.05
O06207,P0002,2,0.05
O06208,P0006,1,0.0
O06208,P0193,2,0.15
O06208,P0105,2,0.2
O06209,P0054,1,0.05
O06209,P0120,1,0.2
O06210,P0038,1,0.0
O06211,P0025,1,0.05
O06211,P0047,3,0.15
O06212,P0086,4,0.2
O06212,P0012,2,0.1
O06212,P0109,1,0.15
O06212,P0166,1,0.1
O06213,P0056,1,0.1
O06213,P0091,1,0.0
O06214,P0114,2,0.05
O06214,P0122,2,0.1
O06215,P0193,2,0.05
O06215,P0114,2,0.0
O06216,P0147,4,0.15
O06216,P0121,1,0.0
O06217,P0024,4,0.0
O06217,P0199,2,0.15
O06218,P0012,5,0.15
O06218,P0014,1,0.05
O06219,P0033,3,0.0
O06219,P0119,1,0.05
O06220,P0071,1,0.2
O06221,P0137,5,0.1
O06221,P0113,2,0.0
O06222,P0199,1,0.0
O06223,P0110,4,0.05
O06224,P0169,1,0.1
O06224,P0077,1,0.05
O06225,P0186,2,0.0
O06226,P0153,2,0.0
O06226,P0157,1,0.05
O06226,P0155,1,0.0
O06227,P0035,4,0.1
O06227,P0143,2,0.1
O06228,P0074,2,0.05
O06229,P0013,2,0.05
O06230,P0170,3,0.0
O06231,P0095,3,0.0
O06232,P0018,1,0.05
O06232,P0136,2,0.0
O06233,P0138,1,0.1
O06234,P0026,1,0.15
O06235,P0065,1,0.05
O06235,P0133,1,0.1
O06235,P0109,3,0.15
O06236,P0161,4,0.0
O06236,P0159,1,0.1
O06236,P0081,2,0.05
O06236,P0117,1,0.1
O06237,P0130,2,0.1
O06238,P0182,2,0.2
O06239,P0177,1,0.0
O06240,P0115,3,0.0
O06240,P0147,2,0.0
O06240,P0087,4,0.15
O06241,P0106,2,0.05
O06241,P0061,1,0.1
O06242,P0056,1,0.1
O06242,P0156,2,0.15
O06243,P0127,1,0.0
O06244,P0070,1,0.1
O06244,P0125,1,0.0
O06244,P0086,2,0.05
O06245,P0074,2,0.0
O06245,P0187,3,0.05
O06245,P0062,1,0.05
O06245,P0031,1,0.05
O06246,P0006,1,0.05
O06247,P0096,2,0.1
O06247,P0199,1,0.15
O06248,P0108,3,0.05
O06249,P0034,1,0.05
O06249,P0077,1,0.05
O06249,P0117,4,0.05
O06250,P0186,2,0.0
O06250,P0119,2,0.15
O06251,P0093,4,0.0
O06251,P0054,1,0.0
O06252,P0110,1,0.05
O06252,P0179,4,0.05
O06252,P0116,5,0.1
O06253,P0031,2,0.0
O06253,P0191,2,0.05
O06254,P0039,1,0.1
O06254,P0038,3,0.0
O06255,P0017,1,0.1
O06255,P0064,2,0.05
O06256,P0024,1,0.0
O06257,P0002,1,0.0
O06258,P0173,3,0.0
O06259,P0167,2,0.05
O06260,P0164,1,0.1
O06260,P0101,1,0.1
O06260,P0112,2,0.0
O06261,P0021,1,0.05
O06262,P0065,3,0.0
O06263,P0110,1,0.15
O06263,P0145,4,0.05
O06264,P0096,1,0.1
O06264,P0150,2,0.15
O06265,P0139,1,0.15
O06265,P0060,2,0.05
O06266,P0147,3,0.05
O06267,P0008,1,0.1
O06268,P0063,2,0.0
O06268,P0109,1,0.0
O06268,P0175,1,0.15
O06269,P0064,3,0.0
O06270,P0020,2,0.0
O06271,P0158,1,0.0
O06271,P0065,3,0.0
O06272,P0076,5,0.05
O06272,P0192,2,0.1
O06273,P0081,3,0.0
O06273,P0065,1,0.1
O06274,P0088,4,0.05
O06275,P0012,1,0.0
O06276,P0040,1,0.0
O06276,P0021,1,0.0
O06277,P0175,2,0.0
O06278,P0082,1,0.2
O06279,P0017,1,0.1
O06279,P0040,5,0.0
O06280,P0021,2,0.15
O06280,P0167,2,0.05
O06280,P0137,2,0.1
O06281,P0031,3,0.0
O06282,P0167,3,0.15
O06283,P0022,1,0.0
O06283,P0150,3,0.0
O06284,P0153,1,0.05
O06284,P0031,1,0.0
O06285,P0070,4,0.0
O06285,P0190,3,0.15
O06286,P0025,1,0.0
O06287,P0151,2,0.0
O06287,P0192,3,0.0
O06287,P0059,3,0.05
O06287,P0110,4,0.1
O06288,P0068,4,0.0
O06288,P0105,1,0.1
O06288,P0075,3,0.15
O06289,P0168,2,0.15
O06289,P0033,4,0.15
O06290,P0068,1,0.0
O06290,P0026,1,0.0
O06291,P0079,1,0.05
O06291,P0006,3,0.05
O06292,P0036,2,0.0
O06292,P0101,2,0.0
O06293,P0015,1,0.1
O06294,P0169,1,0.0
O06294,P0166,1,0.15
O06295,P0185,3,0.0
O06296,P0114,1,0.0
O06297,P0128,1,0.0
O06298,P0013,1,0.05
O06298,P0043,1,0.15
O06298,P0185,3,0.0
O06298,P0090,1,0.05
O06299,P0171,2,0.1
O06299,P0090,1,0.0
O06300,P0143,1,0.05
O06301,P0148,1,0.0
O06302,P0139,2,0.1
O06303,P0135,1,0.1
O06304,P0168,1,0.05
O06305,P0073,2,0.0
O06305,P0034,1,0.0
O06306,P0043,2,0.05
O06306,P0156,2,0.0
O06307,P0014,2,0.1
O06308,P0067,1,0.0
O06308,P0187,2,0.15
O06309,P0021,2,0.05
O06309,P0059,2,0.05
O06310,P0011,2,0.05
O06310,P0159,1,0.0
O06311,P0090,3,0.05
O06311,P0019,2,0.05
O06312,P0093,1,0.1
O06312,P0041,3,0.0
O06313,P0191,1,0.0
O06313,P0046,1,0.1
O06314,P0167,4,0.0
O06314,P0085,2,0.05
O06315,P0030,3,0.15
O06315,P0186,2,0.1
O06316,P0184,1,0.0
O06317,P0127,2,0.2
O06317,P0118,2,0.1
O06317,P0187,3,0.1
O06318,P0120,1,0.1
O06319,P0033,1,0.05
O06319,P0113,5,0.1
O06319,P0171,1,0.15
O06320,P0171,3,0.0
O06321,P0004,2,0.05
O06322,P0009,4,0.0
O06322,P0023,1,0.0
O06323,P0190,1,0.0
O06323,P0070,3,0.05
O06324,P0143,2,0.2
O06324,P0061,1,0.0
O06325,P0160,1,0.05
O06325,P0036,1,0.0
O06326,P0132,2,0.15
O06326,P0100,1,0.0
O06327,P0104,2,0.0
O06328,P0164,2,0.05
O06328,P0049,1,0.1
O06328,P0132,2,0.05
O06329,P0065,1,0.2
O06330,P0103,2,0.1
O06330,P0159,1,0.05
O06331,P0189,1,0.05
O06331,P0142,1,0.1
O06332,P0026,2,0.05
O06332,P0042,1,0.05
O06332,P0091,1,0.0
O06333,P0162,2,0.0
O06333,P0192,1,0.0
O06334,P0018,5,0.05
O06335,P0116,1,0.15
O06335,P0178,2,0.0
O06336,P0017,1,0.1
O06337,P0066,1,0.1
O06337,P0041,2,0.15
O06338,P0017,3,0.1
O06338,P0178,1,0.05
O06338,P0064,1,0.1
O06339,P0125,1,0.0
O06339,P0070,1,0.0
O06339,P0022,1,0.05
O06340,P0011,2,0.05
O06341,P0081,2,0.1
O06342,P0106,2,0.15
O06343,P0029,1,0.0
O06343,P0023,1,0.1
O06344,P0016,3,0.0
O06344,P0084,1,0.0
O06345,P0093,1,0.0
O06345,P0088,5,0.05
O06345,P0017,2,0.15
O06346,P0151,1,0.1
O06346,P0069,3,0.05
O06346,P0046,2,0.05
O06347,P0014,1,0.0
O06348,P0046,1,0.05
O06348,P0088,1,0.05
O06349,P0187,1,0.1
O06349,P0134,1,0.1
O06350,P0137,2,0.05
O06350,P0106,1,0.1
O06350,P0180,1,0.05
O06351,P0056,1,0.1
O06351,P0125,3,0.0
O06352,P0058,3,0.15
O06352,P0042,1,0.0
O06352,P0052,1,0.0
O06353,P0162,1,0.0
O06353,P0144,4,0.1
O06354,P0127,3,0.0
O06354,P0017,2,0.1
O06355,P0181,1,0.05
O06355,P0076,2,0.0
O06355,P0123,2,0.1
O06356,P0030,1,0.0
O06357,P0013,1,0.0
O06358,P0034,1,0.15
O06359,P0030,1,0.15
O06359,P0170,3,0.0
O06360,P0125,5,0.1
O06361,P0119,1,0.0
O06361,P0143,2,0.0
O06362,P0155,2,0.1
O06363,P0117,1,0.0
O06364,P0039,1,0.1
O06365,P0189,1,0.05
O06365,P0073,2,0.15
O06366,P0188,1,0.0
O06366,P0075,2,0.0
O06366,P0100,1,0.0
O06367,P0156,2,0.1
O06368,P0066,1,0.1
O06368,P0057,3,0.15
O06368,P0135,4,0.1
O06369,P0065,3,0.0
O06369,P0095,2,0.0
O06370,P0167,1,0.15
O06371,P0190,1,0.0
O06371,P0179,1,0.05
O06372,P0071,1,0.1
O06372,P0062,4,0.1
O06372,P0111,1,0.05
O06372,P0122,2,0.1
O06373,P0108,1,0.2
O06373,P0196,2,0.15
O06374,P0172,5,0.1
O06374,P0022,3,0.0
O06375,P0127,2,0.05
O06376,P0143,2,0.05
O06376,P0154,2,0.0
O06377,P0108,1,0.05
O06377,P0085,1,0.15
O06378,P0093,2,0.0
O06378,P0040,1,0.0
O06379,P0185,1,0.1
O06379,P0085,1,0.05
O06379,P0026,1,0.0
O06380,P0154,1,0.05
O06381,P0039,1,0.1
O06381,P0177,3,0.0
O06382,P0070,2,0.0
O06382,P0004,1,0.05
O06382,P0112,1,0.0
O06383,P0082,1,0.05
O06383,P0071,3,0.05
O06383,P0030,1,0.15
O06384,P0101,3,0.15
O06384,P0194,1,0.2
O06384,P0100,1,0.2
O06385,P0082,1,0.0
O06385,P0146,4,0.05
O06385,P0160,4,0.05
O06386,P0062,1,0.0
O06387,P0135,1,0.2
O06387,P0112,1,0.05
O06388,P0143,2,0.0
O06388,P0054,1,0.1
O06389,P0055,5,0.15
O06389,P0102,1,0.05
O06390,P0027,1,0.05
O06391,P0093,2,0.0
O06392,P0018,4,0.05
O06393,P0033,1,0.15
O06394,P0126,2,0.1
O06394,P0110,2,0.0
O06394,P0057,2,0.0
O06395,P0081,4,0.15
O06395,P0088,2,0.0
O06395,P0166,2,0.0
O06396,P0158,2,0.15
O06396,P0008,2,0.15
O06397,P0171,4,0.1
O06397,P0120,4,0.0
O06398,P0170,1,0.2
O06399,P0199,1,0.05
O06399,P0162,2,0.05
O06399,P0183,1,0.0
O06400,P0089,1,0.05
O06400,P0162,2,0.0
O06401,P0112,1,0.05
O06402,P0032,4,0.0
O06403,P0127,3,0.05
O06404,P0134,2,0.15
O06405,P0200,3,0.05
O06406,P0123,1,0.1
O06407,P0110,1,0.05
O06407,P0047,2,0.05
O06408,P0081,1,0.0
O06408,P0017,1,0.0
O06409,P0116,1,0.05
O06409,P0196,3,0.15
O06410,P0169,2,0.0
O06411,P0030,3,0.0
O06412,P0033,1,0.1
O06412,P0137,3,0.0
O06412,P0142,1,0.0
O06413,P0003,3,0.1
O06414,P0190,3,0.0
O06414,P0066,1,0.1
O06414,P0036,4,0.05
O06414,P0052,3,0.0
O06415,P0143,3,0.1
O06415,P0057,1,0.0
O06415,P0181,2,0.0
O06416,P0165,2,0.2
O06416,P0085,2,0.1
O06416,P0157,1,0.1
O06417,P0125,2,0.15
O06418,P0057,2,0.1
O06418,P0162,3,0.0
O06419,P0168,1,0.15
O06419,P0112,1,0.05
O06419,P0094,1,0.0
O06420,P0137,2,0.0
O06421,P0018,1,0.0
O06421,P0005,3,0.1
O06421,P0075,1,0.0
O06422,P0017,4,0.15
O06422,P0063,1,0.15
O06423,P0057,1,0.05
O06423,P0183,1,0.05
O06424,P0136,1,0.0
O06425,P0172,1,0.1
O06425,P0143,2,0.0
O06426,P0114,1,0.05
O06427,P0143,1,0.0
O06427,P0166,1,0.0
O06428,P0107,3,0.05
O06428,P0078,2,0.0
O06428,P0065,1,0.05
O06429,P0135,3,0.15
O06429,P0161,1,0.1
O06430,P0073,3,0.05
O06430,P0115,1,0.05
O06430,P0162,1,0.05
O06431,P0002,1,0.1
O06431,P0167,2,0.05
O06432,P0081,1,0.05
O06433,P0017,2,0.1
O06433,P0061,1,0.0
O06433,P0064,2,0.05
O06434,P0026,1,0.0
O06435,P0104,1,0.1
O06435,P0149,1,0.2
O06435,P0076,1,0.05
O06436,P0189,1,0.0
O06436,P0138,3,0.15
O06437,P0185,1,0.0
O06437,P0169,2,0.0
O06438,P0025,3,0.15
O06438,P0129,2,0.05
O06439,P0121,2,0.0
O06439,P0176,2,0.1
O06440,P0187,1,0.05
O06440,P0182,4,0.0
O06440,P0176,2,0.1
O06441,P0104,4,0.1
O06442,P0040,2,0.0
O06442,P0060,1,0.1
O06443,P0006,1,0.0
O06443,P0116,2,0.05
O06444,P0102,1,0.0
O06444,P0194,2,0.1
O06445,P0183,1,0.05
O06445,P0122,1,0.0
O06446,P0197,3,0.05
O06446,P0037,2,0.05
O06446,P0124,1,0.1
O06447,P0129,2,0.1
O06447,P0035,2,0.15
O06448,P0022,2,0.0
O06448,P0137,1,0.0
O06448,P0113,1,0.1
O06449,P0112,3,0.05
O06450,P0190,1,0.1
O06450,P0003,2,0.15
O06450,P0183,1,0.15
O06450,P0137,2,0.0
O06451,P0178,1,0.0
O06451,P0007,2,0.0
O06452,P0038,1,0.1
O06452,P0012,1,0.0
O06453,P0090,2,0.0
O06453,P0152,1,0.05
O06454,P0071,1,0.15
O06455,P0069,1,0.15
O06455,P0005,5,0.0
O06456,P0059,2,0.15
O06456,P0070,1,0.0
O06457,P0145,1,0.05
O06457,P0077,1,0.0
O06457,P0091,1,0.1
O06458,P0078,2,0.2
O06459,P0062,3,0.1
O06459,P0094,3,0.0
O06459,P0130,5,0.1
O06459,P0114,4,0.1
O06460,P0193,1,0.0
O06460,P0101,2,0.1
O06461,P0116,2,0.1
O06462,P0054,1,0.05
O06462,P0195,5,0.0
O06462,P0103,1,0.1
O06463,P0002,2,0.1
O06463,P0168,4,0.0
O06464,P0185,3,0.0
O06464,P0191,3,0.05
O06465,P0099,3,0.15
O06465,P0144,1,0.0
O06466,P0066,1,0.05
O06466,P0092,1,0.0
O06467,P0116,3,0.1
O06468,P0166,2,0.05
O06469,P0147,1,0.0
O06469,P0010,2,0.0
O06470,P0042,2,0.05
O06470,P0049,4,0.05
O06471,P0175,2,0.15
O06471,P0036,2,0.1
O06472,P0105,2,0.2
O06472,P0120,1,0.0
O06473,P0037,1,0.15
O06474,P0156,1,0.05
O06474,P0074,1,0.05
O06475,P0069,1,0.05
O06476,P0107,5,0.05
O06476,P0180,1,0.0
O06477,P0126,1,0.05
O06477,P0128,1,0.0
O06477,P0120,1,0.0
O06477,P0018,1,0.0
O06478,P0189,1,0.0
O06479,P0049,2,0.05
O06480,P0186,5,0.05
O06480,P0048,1,0.05
O06481,P0173,1,0.0
O06482,P0010,2,0.2
O06482,P0042,2,0.15
O06482,P0098,1,0.0
O06483,P0190,2,0.05
O06483,P0115,2,0.15
O06484,P0065,1,0.1
O06485,P0178,1,0.1
O06485,P0067,2,0.0
O06486,P0032,5,0.05
O06486,P0077,1,0.05
O06487,P0079,3,0.05
O06488,P0142,1,0.15
O06488,P0149,1,0.1
O06489,P0019,3,0.0
O06489,P0052,3,0.05
O06489,P0200,1,0.05
O06490,P0034,3,0.0
O06490,P0060,1,0.0
O06490,P0083,2,0.1
O06491,P0179,1,0.05
O06491,P0076,1,0.05
O06491,P0047,1,0.0
O06492,P0142,4,0.15
O06493,P0018,2,0.0
O06493,P0129,2,0.0
O06493,P0122,1,0.05
O06494,P0095,2,0.1
O06494,P0140,3,0.0
O06494,P0027,1,0.05
O06494,P0045,1,0.0
O06495,P0107,2,0.15
O06495,P0080,4,0.05
O06496,P0096,2,0.05
O06496,P0080,1,0.05
O06497,P0054,1,0.1
O06497,P0154,3,0.0
O06497,P0067,2,0.0
O06497,P0104,4,0.05
O06498,P0146,2,0.1
O06499,P0111,1,0.1
O06499,P0181,1,0.0
O06500,P0025,2,0.0
O06500,P0191,3,0.2
O06500,P0115,1,0.2
O06501,P0135,4,0.0
O06501,P0090,1,0.0
O06502,P0109,1,0.05
O06502,P0050,4,0.05
O06503,P0024,2,0.05
O06503,P0119,4,0.0
O06504,P0147,2,0.05
O06504,P0073,2,0.0
O06505,P0150,2,0.05
O06506,P0006,1,0.05
O06506,P0132,3,0.0
O06506,P0009,2,0.1
O06507,P0108,3,0.05
O06508,P0002,5,0.05
O06508,P0163,1,0.0
O06508,P0173,3,0.05
O06509,P0106,2,0.1
O06509,P0012,2,0.05
O06510,P0141,1,0.0
O06511,P0065,1,0.0
O06511,P0025,1,0.05
O06511,P0186,3,0.05
O06511,P0069,1,0.0
O06512,P0119,2,0.15
O06512,P0148,2,0.05
O06513,P0159,3,0.0
O06513,P0106,1,0.0
O06513,P0088,3,0.05
O06514,P0052,1,0.0
O06514,P0163,1,0.2
O06515,P0158,2,0.15
O06515,P0136,4,0.0
O06516,P0123,1,0.15
O06517,P0185,1,0.0
O06517,P0075,3,0.05
O06517,P0087,2,0.0
O06518,P0122,1,0.05
O06519,P0020,2,0.05
O06520,P0121,3,0.0
O06520,P0049,1,0.0
O06521,P0159,1,0.0
O06522,P0057,2,0.05
O06523,P0167,1,0.0
O06524,P0041,1,0.0
O06524,P0058,1,0.0
O06524,P0080,2,0.0
O06524,P0047,1,0.0
O06525,P0148,2,0.0
O06525,P0008,2,0.0
O06526,P0125,1,0.2
O06527,P0193,2,0.1
O06528,P0053,1,0.0
O06528,P0169,5,0.0
O06528,P0084,1,0.05
O06529,P0067,3,0.0
O06529,P0182,3,0.1
O06530,P0176,1,0.15
O06530,P0122,2,0.0
O06530,P0092,1,0.0
O06531,P0091,1,0.05
O06531,P0043,5,0.0
O06531,P0192,2,0.0
O06532,P0086,1,0.0
O06533,P0060,3,0.0
O06534,P0125,1,0.05
O06535,P0183,2,0.1
O06535,P0044,2,0.05
O06536,P0026,1,0.05
O06536,P0030,1,0.2
O06537,P0173,1,0.1
O06537,P0196,2,0.05
O06537,P0134,1,0.0
O06538,P0116,2,0.05
O06539,P0140,2,0.0
O06539,P0121,1,0.0
O06539,P0192,1,0.2
O06540,P0063,1,0.0
O06540,P0020,1,0.05
O06541,P0195,1,0.0
O06541,P0161,2,0.05
O06541,P0073,2,0.2
O06542,P0116,3,0.0
O06542,P0014,1,0.0
O06542,P0100,1,0.0
O06543,P0143,1,0.15
O06544,P0018,3,0.15
O06544,P0127,1,0.05
O06545,P0032,1,0.05
O06545,P0185,1,0.1
O06545,P0153,2,0.15
O06546,P0026,1,0.05
O06547,P0146,1,0.0
O06547,P0098,1,0.0
O06548,P0022,2,0.1
O06549,P0072,2,0.1
O06550,P0087,3,0.05
O06551,P0031,2,0.05
O06551,P0093,4,0.15
O06552,P0150,1,0.0
O06553,P0199,1,0.05
O06554,P0176,1,0.0
O06554,P0131,1,0.0
O06555,P0184,1,0.0
O06556,P0043,1,0.0
O06556,P0127,1,0.05
O06557,P0114,2,0.0
O06558,P0087,2,0.15
O06559,P0128,1,0.0
O06560,P0136,1,0.0
O06560,P0075,1,0.2
O06561,P0035,2,0.15
O06561,P0045,1,0.05
O06561,P0020,1,0.0
O06562,P0118,1,0.05
O06562,P0097,1,0.1
O06563,P0025,1,0.05
O06563,P0100,1,0.15
O06564,P0112,1,0.0
O06565,P0134,1,0.05
O06565,P0183,2,0.05
O06565,P0090,2,0.1
O06566,P0060,1,0.05
O06567,P0167,1,0.15
O06567,P0078,2,0.0
O06567,P0162,2,0.0
O06568,P0090,2,0.05
O06568,P0093,4,0.0
O06568,P0088,1,0.05
O06569,P0143,4,0.1
O06569,P0027,5,0.1
O06569,P0195,1,0.0
O06570,P0080,1,0.0
O06570,P0199,3,0.0
O06571,P0042,2,0.05
O06571,P0104,1,0.05
O06572,P0148,3,0.0
O06572,P0062,1,0.0
O06572,P0126,2,0.0
O06573,P0015,2,0.0
O06573,P0028,2,0.0
O06574,P0111,1,0.0
O06574,P0186,3,0.0
O06574,P0165,1,0.2
O06575,P0093,2,0.05
O06575,P0081,1,0.05
O06576,P0164,3,0.05
O06576,P0184,1,0.15
O06577,P0018,1,0.05
O06578,P0098,1,0.0
O06579,P0195,2,0.0
O06579,P0032,2,0.1
O06579,P0019,5,0.1
O06580,P0121,1,0.05
O06580,P0006,1,0.1
O06580,P0187,1,0.15
O06581,P0062,2,0.0
O06581,P0170,3,0.05
O06582,P0169,3,0.1
O06583,P0056,3,0.0
O06584,P0147,3,0.0
O06584,P0028,2,0.2
O06585,P0141,4,0.05
O06585,P0081,5,0.0
O06586,P0151,2,0.1
O06586,P0038,2,0.0
O06586,P0073,1,0.15
O06587,P0102,3,0.1
O06588,P0135,3,0.15
O06589,P0112,2,0.0
O06589,P0102,2,0.15
O06589,P0104,1,0.05
O06590,P0125,2,0.05
O06590,P0066,2,0.1
O06591,P0086,3,0.1
O06591,P0190,2,0.05
O06591,P0180,2,0.1
O06592,P0081,2,0.0
O06593,P0048,1,0.15
O06593,P0096,2,0.0
O06594,P0079,1,0.0
O06594,P0137,1,0.0
O06594,P0127,2,0.1
O06595,P0044,1,0.05
O06595,P0125,1,0.0
O06596,P0191,1,0.1
O06596,P0056,3,0.1
O06596,P0118,1,0.0
O06597,P0054,1,0.0
O06598,P0061,1,0.1
O06598,P0044,2,0.05
O06599,P0192,3,0.0
O06600,P0132,1,0.1
O06601,P0078,2,0.15
O06601,P0034,4,0.0
O06601,P0167,2,0.0
O06601,P0084,3,0.05
O06602,P0085,2,0.0
O06602,P0176,1,0.05
O06602,P0182,1,0.0
O06603,P0116,2,0.0
O06603,P0135,1,0.0
O06603,P0113,2,0.05
O06603,P0189,1,0.1
O06604,P0112,2,0.0
O06605,P0053,1,0.05
O06605,P0012,1,0.1
O06605,P0045,1,0.15
O06606,P0018,3,0.1
O06606,P0191,3,0.0
O06607,P0135,1,0.0
O06607,P0018,3,0.15
O06608,P0126,1,0.0
O06609,P0140,4,0.0
O06609,P0092,2,0.1
O06609,P0168,1,0.15
O06609,P0012,2,0.0
O06610,P0130,3,0.0
O06611,P0086,3,0.2
O06611,P0019,1,0.1
O06611,P0139,3,0.1
O06612,P0051,3,0.15
O06613,P0008,1,0.0
O06614,P0161,2,0.2
O06614,P0051,1,0.1
O06615,P0001,1,0.05
O06615,P0137,2,0.0
O06616,P0019,3,0.0
O06617,P0194,2,0.1
O06617,P0091,2,0.05
O06618,P0017,4,0.15
O06619,P0147,4,0.0
O06619,P0125,3,0.0
O06619,P0047,3,0.0
O06619,P0067,2,0.2
O06620,P0022,4,0.0
O06620,P0187,4,0.0
O06621,P0026,2,0.0
O06621,P0153,3,0.2
O06622,P0174,5,0.15
O06622,P0006,3,0.15
O06622,P0009,1,0.15
O06622,P0188,3,0.0
O06623,P0064,1,0.0
O06623,P0149,2,0.1
O06624,P0138,2,0.05
O06624,P0172,2,0.0
O06625,P0091,1,0.1
O06625,P0043,1,0.1
O06625,P0012,1,0.0
O06625,P0067,1,0.0
O06626,P0076,3,0.0
O06626,P0085,1,0.0
O06627,P0005,3,0.0
O06627,P0192,2,0.0
O06627,P0114,1,0.05
O06628,P0007,1,0.2
O06628,P0176,4,0.0
O06629,P0183,1,0.05
O06629,P0091,1,0.0
O06630,P0083,1,0.1
O06630,P0005,2,0.0
O06631,P0103,2,0.05
O06631,P0138,1,0.0
O06632,P0130,1,0.0
O06633,P0020,4,0.0
O06633,P0193,2,0.0
O06633,P0054,1,0.1
O06633,P0044,2,0.05
O06634,P0103,4,0.0
O06635,P0084,1,0.0
O06635,P0041,3,0.0
O06636,P0100,1,0.1
O06637,P0162,2,0.05
O06637,P0104,3,0.0
O06638,P0089,1,0.05
O06639,P0171,3,0.0
O06640,P0034,2,0.1
O06641,P0153,1,0.0
O06642,P0100,3,0.0
O06643,P0168,5,0.05
O06644,P0074,1,0.1
O06644,P0101,1,0.0
O06645,P0067,2,0.0
O06645,P0045,1,0.15
O06646,P0007,2,0.0
O06647,P0158,1,0.05
O06648,P0079,1,0.1
O06648,P0072,1,0.05
O06649,P0044,2,0.15
O06649,P0064,2,0.2
O06650,P0195,1,0.05
O06650,P0037,1,0.1
O06650,P0014,1,0.05
O06650,P0107,2,0.05
O06651,P0074,1,0.1
O06651,P0039,1,0.05
O06652,P0184,2,0.0
O06652,P0048,3,0.1
O06653,P0021,1,0.15
O06653,P0194,2,0.0
O06654,P0130,1,0.1
O06654,P0013,2,0.05
O06655,P0119,1,0.05
O06655,P0106,1,0.05
O06655,P0070,1,0.05
O06655,P0100,2,0.05
O06656,P0147,2,0.0
O06656,P0041,1,0.0
O06656,P0182,1,0.0
O06656,P0172,1,0.05
O06657,P0176,2,0.15
O06657,P0184,1,0.05
O06658,P0179,3,0.0
O06658,P0111,3,0.0
O06658,P0188,3,0.0
O06659,P0171,1,0.1
O06659,P0071,2,0.0
O06660,P0009,2,0.15
O06660,P0028,1,0.05
O06661,P0138,5,0.0
O06661,P0064,1,0.05
O06661,P0030,1,0.1
O06662,P0159,1,0.05
O06662,P0060,5,0.1
O06663,P0032,1,0.1
O06663,P0063,1,0.1
O06664,P0146,1,0.1
O06665,P0148,1,0.05
O06666,P0198,4,0.1
O06666,P0195,1,0.0
O06666,P0162,2,0.05
O06667,P0054,2,0.05
O06667,P0026,2,0.0
O06668,P0082,1,0.0
O06668,P0052,1,0.05
O06669,P0087,1,0.05
O06670,P0100,1,0.0
O06671,P0040,5,0.1
O06671,P0194,3,0.0
O06672,P0007,4,0.1
O06672,P0092,1,0.0
O06673,P0122,1,0.15
O06674,P0024,2,0.0
O06674,P0067,4,0.05
O06674,P0121,1,0.0
O06675,P0009,3,0.05
O06675,P0075,1,0.05
O06675,P0043,2,0.0
O06676,P0167,1,0.05
O06676,P0024,1,0.15
O06676,P0190,2,0.15
O06677,P0098,2,0.1
O06678,P0043,2,0.1
O06679,P0148,1,0.1
O06680,P0129,2,0.0
O06680,P0070,2,0.0
O06681,P0037,4,0.1
O06681,P0050,1,0.05
O06682,P0158,1,0.0
O06682,P0149,1,0.0
O06682,P0180,2,0.15
O06683,P0185,1,0.0
O06684,P0148,1,0.05
O06684,P0176,5,0.05
O06685,P0133,1,0.0
O06685,P0066,2,0.05
O06686,P0057,1,0.0
O06687,P0125,2,0.0
O06687,P0142,1,0.1
O06688,P0020,1,0.1
O06688,P0025,1,0.1
O06689,P0060,2,0.0
O06689,P0169,3,0.0
O06690,P0091,1,0.05
O06691,P0133,2,0.0
O06692,P0014,1,0.05
O06692,P0123,2,0.1
O06693,P0145,2,0.0
O06694,P0146,1,0.1
O06695,P0182,2,0.1
O06696,P0152,1,0.0
O06697,P0188,2,0.1
O06698,P0075,2,0.0
O06698,P0144,3,0.0
O06698,P0059,2,0.1
O06699,P0130,1,0.15
O06699,P0084,1,0.0
O06700,P0131,2,0.1
O06700,P0093,1,0.15
O06700,P0127,1,0.05
O06701,P0069,1,0.1
O06701,P0013,1,0.1
O06702,P0162,2,0.0
O06702,P0102,3,0.15
O06703,P0161,2,0.0
O06703,P0017,2,0.05
O06703,P0004,1,0.0
O06704,P0151,1,0.1
O06704,P0192,2,0.0
O06705,P0053,1,0.0
O06705,P0024,1,0.15
O06706,P0145,2,0.15
O06707,P0195,4,0.05
O06708,P0033,1,0.05
O06709,P0171,2,0.15
O06709,P0107,3,0.05
O06710,P0078,1,0.15
O06710,P0168,1,0.0
O06711,P0077,1,0.05
O06711,P0140,1,0.05
O06712,P0183,1,0.1
O06712,P0002,1,0.05
O06712,P0055,3,0.2
O06713,P0017,2,0.05
O06713,P0011,1,0.0
O06714,P0108,2,0.1
O06714,P0134,2,0.05
O06715,P0027,2,0.0
O06716,P0079,2,0.05
O06716,P0141,3,0.0
O06717,P0154,2,0.0
O06718,P0013,3,0.0
O06718,P0068,1,0.05
O06719,P0150,1,0.2
O06719,P0186,2,0.0
O06720,P0134,4,0.05
O06720,P0184,2,0.0
O06721,P0037,3,0.1
O06721,P0174,1,0.05
O06722,P0029,2,0.2
O06722,P0026,3,0.0
O06722,P0200,3,0.0
O06722,P0089,2,0.15
O06723,P0078,3,0.05
O06723,P0024,4,0.05
O06724,P0131,3,0.1
O06725,P0028,1,0.0
O06725,P0036,1,0.05
O06726,P0106,3,0.05
O06726,P0001,1,0.0
O06727,P0093,5,0.05
O06728,P0103,2,0.0
O06729,P0103,3,0.05
O06729,P0005,1,0.15
O06729,P0112,1,0.05
O06730,P0175,1,0.1
O06730,P0110,2,0.15
O06731,P0195,1,0.1
O06731,P0097,2,0.0
O06731,P0115,1,0.0
O06732,P0169,1,0.0
O06733,P0107,2,0.05
O06733,P0037,2,0.05
O06733,P0192,2,0.1
O06734,P0021,2,0.0
O06735,P0003,5,0.0
O06736,P0155,4,0.05
O06736,P0032,2,0.0
O06737,P0180,2,0.0
O06737,P0061,1,0.0
O06738,P0009,1,0.05
O06738,P0108,5,0.05
O06739,P0192,1,0.05
O06740,P0077,3,0.05
O06740,P0156,3,0.0
O06740,P0049,1,0.2
O06741,P0057,5,0.15
O06742,P0040,1,0.1
O06743,P0070,1,0.0
O06744,P0064,1,0.0
O06745,P0005,2,0.0
O06745,P0067,1,0.0
O06746,P0009,2,0.0
O06746,P0058,3,0.2
O06746,P0035,1,0.2
O06747,P0188,2,0.05
O06748,P0086,1,0.0
O06748,P0191,1,0.05
O06748,P0151,3,0.2
O06749,P0130,2,0.0
O06749,P0063,2,0.1
O06750,P0153,2,0.0
O06751,P0084,4,0.05
O06752,P0011,2,0.0
O06752,P0176,1,0.1
O06752,P0055,2,0.15
O06752,P0192,2,0.0
O06753,P0035,1,0.05
O06754,P0067,3,0.1
O06755,P0128,3,0.0
O06756,P0119,2,0.1
O06756,P0102,1,0.15
O06756,P0049,1,0.0
O06757,P0182,1,0.1
O06758,P0153,1,0.05
O06758,P0064,1,0.1
O06759,P0053,1,0.0
O06760,P0126,1,0.0
O06760,P0116,2,0.0
O06760,P0164,1,0.0
O06760,P0140,4,0.05
O06761,P0098,1,0.05
O06761,P0074,3,0.15
O06762,P0031,2,0.0
O06762,P0120,2,0.1
O06763,P0099,2,0.1
O06764,P0178,2,0.0
O06764,P0029,3,0.0
O06765,P0122,1,0.05
O06765,P0094,1,0.05
O06766,P0131,2,0.1
O06766,P0186,2,0.1
O06767,P0103,3,0.1
O06768,P0074,1,0.05
O06768,P0144,1,0.05
O06769,P0002,3,0.1
O06770,P0002,2,0.1
O06771,P0107,1,0.05
O06771,P0200,2,0.1
O06772,P0056,1,0.2
O06773,P0013,2,0.05
O06773,P0023,1,0.1
O06773,P0192,2,0.1
O06774,P0120,1,0.05
O06774,P0087,2,0.1
O06774,P0123,1,0.0
O06775,P0198,3,0.0
O06775,P0023,2,0.0
O06775,P0046,1,0.0
O06776,P0084,2,0.05
O06777,P0074,3,0.1
O06777,P0046,2,0.05
O06778,P0019,3,0.1
O06778,P0157,1,0.0
O06779,P0079,4,0.1
O06779,P0142,2,0.0
O06780,P0070,5,0.0
O06781,P0041,1,0.1
O06781,P0027,1,0.0
O06781,P0020,1,0.0
O06782,P0098,2,0.0
O06782,P0024,1,0.1
O06782,P0061,2,0.1
O06783,P0007,4,0.05
O06783,P0057,1,0.0
O06783,P0110,2,0.1
O06784,P0007,5,0.0
O06785,P0014,1,0.1
O06785,P0049,2,0.2
O06785,P0095,1,0.0
O06786,P0032,3,0.0
O06787,P0161,2,0.0
O06787,P0070,4,0.0
O06788,P0109,3,0.2
O06789,P0033,1,0.0
O06790,P0083,4,0.15
O06791,P0194,1,0.1
O06791,P0053,2,0.05
O06791,P0188,2,0.05
O06792,P0117,1,0.0
O06792,P0079,1,0.0
O06793,P0119,1,0.0
O06794,P0010,1,0.0
O06794,P0195,1,0.0
O06795,P0191,1,0.1
O06796,P0021,1,0.05
O06797,P0017,5,0.0
O06798,P0006,1,0.05
O06798,P0002,5,0.05
O06798,P0094,2,0.1
O06799,P0166,1,0.15
O06800,P0193,1,0.1
O06800,P0151,1,0.05
O06800,P0075,2,0.0
O06801,P0143,4,0.05
O06801,P0090,1,0.0
O06802,P0200,2,0.1
O06803,P0028,1,0.15
O06804,P0173,2,0.1
O06804,P0180,4,0.1
O06805,P0001,4,0.0
O06805,P0035,1,0.0
O06805,P0078,2,0.0
O06805,P0181,2,0.05
O06806,P0025,2,0.0
O06806,P0082,1,0.05
O06807,P0073,1,0.05
O06807,P0012,2,0.1
O06808,P0194,1,0.15
O06808,P0066,4,0.2
O06809,P0120,3,0.0
O06809,P0007,2,0.05
O06809,P0140,2,0.0
O06810,P0067,2,0.1
O06810,P0162,1,0.1
O06811,P0046,1,0.0
O06811,P0076,3,0.0
O06811,P0185,1,0.1
O06812,P0088,3,0.1
O06813,P0066,1,0.0
O06814,P0021,2,0.0
O06814,P0015,2,0.0
O06815,P0192,3,0.1
O06816,P0182,2,0.05
O06816,P0152,1,0.0
O06817,P0167,1,0.05
O06818,P0109,2,0.05
O06818,P0120,1,0.15
O06819,P0015,1,0.0
O06819,P0089,2,0.0
O06819,P0044,3,0.0
O06820,P0065,3,0.05
O06820,P0142,1,0.15
O06821,P0074,2,0.0
O06821,P0055,1,0.05
O06821,P0088,1,0.0
O06822,P0099,2,0.0
O06823,P0123,1,0.0
O06824,P0016,1,0.2
O06824,P0086,1,0.05
O06824,P0010,2,0.15
O06825,P0188,1,0.05
O06826,P0127,1,0.05
O06827,P0128,1,0.15
O06828,P0039,3,0.0
O06828,P0061,1,0.0
O06829,P0133,1,0.15
O06829,P0190,1,0.0
O06830,P0091,3,0.15
O06831,P0148,2,0.2
O06831,P0196,4,0.0
O06831,P0114,3,0.05
O06832,P0099,1,0.2
O06833,P0126,3,0.0
O06833,P0190,1,0.05
O06833,P0164,1,0.05
O06834,P0116,2,0.0
O06834,P0123,2,0.05
O06834,P0015,1,0.05
O06834,P0062,3,0.1
O06835,P0046,2,0.0
O06835,P0101,1,0.05
O06835,P0176,1,0.2
O06836,P0012,4,0.1
O06837,P0088,4,0.0
O06837,P0014,1,0.1
O06837,P0096,1,0.0
O06838,P0097,3,0.0
O06839,P0081,3,0.05
O06840,P0071,1,0.05
O06840,P0196,1,0.1
O06841,P0181,1,0.0
O06841,P0123,5,0.05
O06842,P0130,2,0.05
O06842,P0019,4,0.0
O06842,P0158,2,0.0
O06843,P0035,1,0.05
O06844,P0153,2,0.0
O06844,P0183,1,0.0
O06845,P0040,1,0.15
O06846,P0045,1,0.2
O06846,P0069,1,0.1
O06847,P0177,2,0.05
O06847,P0102,1,0.05
O06847,P0196,1,0.05
O06848,P0133,3,0.1
O06848,P0046,3,0.2
O06849,P0102,1,0.05
O06849,P0127,1,0.05
O06850,P0005,1,0.05
O06850,P0154,2,0.0
O06851,P0154,1,0.15
O06851,P0027,1,0.1
O06851,P0198,3,0.1
O06852,P0135,2,0.15
O06853,P0041,1,0.05
O06854,P0050,1,0.1
O06855,P0106,1,0.0
O06855,P0180,1,0.0
O06856,P0043,1,0.1
O06856,P0020,3,0.0
O06857,P0188,3,0.1
O06857,P0100,1,0.05
O06857,P0193,1,0.0
O06858,P0144,1,0.0
O06858,P0135,5,0.0
O06859,P0188,3,0.05
O06859,P0060,2,0.05
O06859,P0172,1,0.2
O06860,P0011,2,0.0
O06860,P0080,2,0.05
O06861,P0094,3,0.15
O06861,P0077,2,0.1
O06862,P0171,1,0.05
O06863,P0066,1,0.15
O06863,P0135,2,0.0
O06863,P0076,1,0.0
O06864,P0088,5,0.0
O06865,P0166,4,0.0
O06866,P0145,1,0.05
O06867,P0030,1,0.2
O06868,P0009,3,0.15
O06868,P0129,1,0.1
O06869,P0095,1,0.1
O06869,P0162,1,0.15
O06869,P0119,3,0.0
O06869,P0102,2,0.2
O06870,P0147,2,0.0
O06871,P0188,1,0.05
O06871,P0192,1,0.1
O06872,P0092,5,0.0
O06872,P0044,1,0.1
O06872,P0155,2,0.0
O06873,P0015,1,0.0
O06874,P0074,1,0.15
O06874,P0039,1,0.05
O06874,P0101,1,0.05
O06875,P0118,3,0.0
O06876,P0013,1,0.0
O06876,P0089,4,0.05
O06877,P0002,1,0.0
O06877,P0168,1,0.0
O06878,P0004,1,0.0
O06878,P0024,2,0.0
O06879,P0048,2,0.0
O06880,P0102,3,0.05
O06880,P0012,1,0.1
O06881,P0165,3,0.0
O06881,P0026,2,0.15
O06881,P0142,3,0.05
O06882,P0103,2,0.1
O06882,P0030,2,0.05
O06882,P0024,1,0.0
O06883,P0198,1,0.0
O06883,P0195,2,0.0
O06884,P0006,1,0.0
O06884,P0039,2,0.0
O06884,P0035,1,0.0
O06884,P0017,2,0.0
O06885,P0016,3,0.1
O06885,P0134,5,0.1
O06885,P0011,1,0.1
O06886,P0159,4,0.05
O06886,P0073,1,0.0
O06886,P0173,2,0.0
O06887,P0045,1,0.1
O06888,P0014,3,0.0
O06889,P0016,3,0.05
O06890,P0175,1,0.0
O06891,P0079,3,0.1
O06891,P0109,1,0.0
O06891,P0091,1,0.0
O06892,P0136,3,0.0
O06893,P0190,2,0.05
O06893,P0027,3,0.15
O06894,P0059,2,0.05
O06894,P0017,1,0.15
O06894,P0047,1,0.05
O06894,P0186,2,0.1
O06895,P0061,1,0.1
O06895,P0128,1,0.05
O06895,P0126,1,0.1
O06896,P0159,1,0.1
O06896,P0168,1,0.15
O06897,P0004,1,0.0
O06897,P0040,3,0.0
O06897,P0130,1,0.1
O06898,P0001,1,0.2
O06899,P0056,1,0.0
O06899,P0116,2,0.05
O06899,P0131,2,0.05
O06900,P0055,1,0.0
O06900,P0146,1,0.0
O06900,P0001,3,0.05
O06900,P0056,4,0.2
O06901,P0193,1,0.0
O06901,P0140,1,0.1
O06901,P0130,1,0.15
O06902,P0147,2,0.0
O06902,P0200,2,0.0
O06903,P0151,1,0.05
O06904,P0111,1,0.15
O06904,P0119,1,0.0
O06905,P0136,1,0.0
O06905,P0125,2,0.0
O06906,P0174,1,0.1
O06906,P0111,2,0.0
O06907,P0109,1,0.0
O06908,P0121,1,0.1
O06908,P0073,3,0.05
O06909,P0155,3,0.1
O06909,P0059,3,0.1
O06910,P0146,4,0.1
O06910,P0079,1,0.0
O06910,P0095,2,0.1
O06911,P0070,2,0.05
O06912,P0023,1,0.0
O06912,P0113,2,0.05
O06913,P0183,1,0.0
O06914,P0192,4,0.15
O06914,P0144,2,0.1
O06915,P0091,1,0.05
O06915,P0065,2,0.0
O06916,P0071,1,0.1
O06916,P0038,1,0.05
O06916,P0197,1,0.0
O06917,P0130,3,0.1
O06917,P0024,2,0.0
O06918,P0109,3,0.1
O06919,P0030,4,0.1
O06920,P0011,2,0.0
O06920,P0096,2,0.05
O06921,P0177,2,0.05
O06922,P0025,3,0.0
O06922,P0003,1,0.15
O06922,P0144,1,0.05
O06923,P0132,1,0.1
O06923,P0178,2,0.1
O06923,P0052,1,0.1
O06924,P0195,1,0.0
O06924,P0041,1,0.1
O06925,P0097,1,0.0
O06925,P0107,1,0.05
O06926,P0063,1,0.05
O06926,P0030,2,0.15
O06926,P0006,1,0.0
O06927,P0080,1,0.15
O06927,P0152,1,0.15
O06927,P0188,1,0.05
O06928,P0058,1,0.15
O06929,P0049,1,0.0
O06929,P0168,3,0.05
O06930,P0064,1,0.05
O06930,P0051,1,0.0
O06931,P0143,3,0.15
O06931,P0129,3,0.0
O06932,P0008,1,0.05
O06932,P0137,1,0.2
O06932,P0182,1,0.2
O06933,P0171,1,0.05
O06933,P0107,1,0.0
O06933,P0043,2,0.05
O06934,P0075,2,0.0
O06934,P0119,2,0.0
O06934,P0181,1,0.1
O06935,P0009,3,0.0
O06936,P0110,1,0.0
O06936,P0078,1,0.0
O06937,P0088,1,0.1
O06937,P0164,3,0.2
O06938,P0004,2,0.0
O06939,P0143,1,0.05
O06939,P0129,1,0.15
O06940,P0107,2,0.15
O06941,P0019,2,0.0
O06941,P0083,3,0.05
O06942,P0047,1,0.0
O06942,P0179,1,0.1
O06943,P0053,2,0.05
O06944,P0083,1,0.0
O06944,P0065,1,0.05
O06944,P0151,1,0.0
O06945,P0151,1,0.1
O06946,P0106,1,0.05
O06946,P0017,4,0.0
O06947,P0036,5,0.1
O06947,P0042,1,0.0
O06947,P0041,2,0.15
O06948,P0147,1,0.05
O06948,P0198,3,0.1
O06949,P0042,2,0.0
O06949,P0092,2,0.05
O06950,P0082,1,0.05
O06950,P0090,1,0.15
O06951,P0120,3,0.1
O06952,P0092,1,0.1
O06952,P0179,2,0.15
O06952,P0063,3,0.0
O06953,P0002,1,0.0
O06953,P0142,4,0.05
O06953,P0036,1,0.0
O06954,P0017,2,0.0
O06954,P0120,2,0.1
O06954,P0052,1,0.15
O06955,P0190,2,0.0
O06956,P0131,3,0.05
O06957,P0011,3,0.05
O06957,P0170,1,0.0
O06958,P0156,1,0.0
O06959,P0135,2,0.0
O06960,P0045,1,0.05
O06960,P0023,3,0.1
O06960,P0041,2,0.0
O06961,P0064,5,0.0
O06961,P0097,1,0.1
O06961,P0044,4,0.05
O06961,P0052,1,0.05
O06962,P0015,1,0.05
O06962,P0159,5,0.05
O06963,P0138,2,0.1
O06964,P0086,4,0.1
O06964,P0100,3,0.05
O06964,P0091,1,0.05
O06965,P0188,1,0.05
O06965,P0015,2,0.0
O06966,P0063,4,0.0
O06966,P0066,1,0.05
O06966,P0134,1,0.0
O06966,P0172,2,0.15
O06967,P0085,2,0.05
O06967,P0078,1,0.1
O06968,P0018,3,0.1
O06969,P0162,1,0.05
O06970,P0194,2,0.2
O06970,P0174,4,0.0
O06971,P0165,2,0.1
O06972,P0176,2,0.05
O06972,P0041,1,0.0
O06973,P0169,2,0.1
O06973,P0126,1,0.0
O06973,P0096,1,0.0
O06973,P0064,3,0.05
O06974,P0101,1,0.0
O06974,P0180,3,0.05
O06974,P0005,2,0.15
O06975,P0119,1,0.2
O06975,P0061,3,0.05
O06976,P0142,1,0.0
O06976,P0186,1,0.05
O06977,P0075,1,0.0
O06977,P0083,3,0.1
O06977,P0187,2,0.0
O06977,P0063,5,0.15
O06978,P0007,3,0.0
O06978,P0164,2,0.0
O06979,P0100,2,0.05
O06980,P0144,1,0.05
O06980,P0053,1,0.0
O06980,P0185,2,0.15
O06980,P0165,2,0.0
O06981,P0075,1,0.1
O06982,P0094,4,0.0
O06983,P0033,5,0.05
O06984,P0126,1,0.0
O06984,P0001,1,0.0
O06985,P0001,1,0.05
O06986,P0068,2,0.2
O06986,P0085,2,0.1
O06987,P0136,1,0.15
O06987,P0045,3,0.05
O06987,P0152,1,0.15
O06988,P0054,1,0.05
O06988,P0043,1,0.0
O06989,P0172,1,0.1
O06990,P0051,2,0.05
O06990,P0117,3,0.2
O06991,P0108,1,0.0
O06991,P0049,1,0.05
O06992,P0106,1,0.05
O06992,P0099,1,0.0
O06993,P0066,3,0.15
O06993,P0061,3,0.05
O06994,P0076,1,0.05
O06995,P0031,3,0.2
O06995,P0109,1,0.1
O06996,P0060,1,0.0
O06997,P0152,2,0.0
O06997,P0189,2,0.0
O06997,P0092,1,0.1
O06998,P0176,3,0.0
O06998,P0084,2,0.0
O06998,P0127,1,0.0
O06999,P0019,1,0.1
O06999,P0116,1,0.1
O07000,P0151,1,0.05
O07000,P0180,5,0.0
O07000,P0140,3,0.05
O07001,P0103,5,0.0
O07002,P0057,2,0.15
O07002,P0047,3,0.1
O07003,P0164,1,0.0
O07003,P0071,2,0.0
O07003,P0159,1,0.05
O07004,P0047,4,0.1
O07005,P0180,1,0.1
O07005,P0007,5,0.1
O07006,P0117,1,0.1
O07006,P0129,2,0.15
O07007,P0004,1,0.0
O07007,P0176,1,0.05
O07007,P0022,1,0.1
O07008,P0081,4,0.05
O07008,P0140,1,0.1
O07009,P0025,3,0.05
O07009,P0180,1,0.05
O07009,P0172,4,0.05
O07010,P0119,5,0.05
O07011,P0093,2,0.05
O07012,P0179,1,0.05
O07012,P0072,1,0.2
O07013,P0104,1,0.15
O07013,P0158,5,0.1
O07013,P0139,1,0.0
O07014,P0168,2,0.15
O07014,P0100,2,0.05
O07014,P0048,2,0.1
O07015,P0014,1,0.15
O07016,P0033,1,0.0
O07016,P0172,1,0.0
O07016,P0011,1,0.1
O07016,P0102,5,0.0
O07017,P0031,2,0.1
O07017,P0040,1,0.05
O07018,P0189,2,0.0
O07018,P0152,1,0.1
O07019,P0036,2,0.05
O07020,P0093,2,0.0
O07021,P0161,2,0.0
O07021,P0050,3,0.05
O07022,P0044,2,0.0
O07022,P0122,1,0.1
O07022,P0057,2,0.1
O07022,P0077,2,0.1
O07023,P0008,1,0.05
O07024,P0198,2,0.1
O07024,P0023,2,0.05
O07025,P0200,1,0.05
O07025,P0037,1,0.0
O07026,P0098,2,0.05
O07026,P0075,1,0.0
O07026,P0122,2,0.15
O07026,P0071,1,0.0
O07027,P0120,2,0.0
O07027,P0146,1,0.05
O07027,P0045,1,0.05
O07028,P0032,1,0.0
O07028,P0095,3,0.15
O07029,P0105,1,0.0
O07029,P0179,2,0.1
O07029,P0090,3,0.05
O07030,P0062,3,0.0
O07031,P0159,2,0.05
O07031,P0043,1,0.05
O07032,P0082,2,0.15
O07033,P0140,1,0.05
O07033,P0088,3,0.15
O07034,P0095,2,0.05
O07035,P0091,2,0.1
O07035,P0143,4,0.0
O07035,P0172,5,0.0
O07036,P0009,1,0.05
O07036,P0128,1,0.1
O07037,P0050,4,0.1
O07037,P0015,2,0.15
O07038,P0075,1,0.0
O07038,P0113,2,0.0
O07039,P0004,4,0.1
O07039,P0016,1,0.0
O07040,P0016,1,0.1
O07041,P0041,1,0.0
O07041,P0114,4,0.05
O07042,P0179,3,0.0
O07043,P0068,2,0.0
O07043,P0130,1,0.05
O07044,P0186,1,0.0
O07044,P0071,1,0.0
O07044,P0087,1,0.0
O07045,P0128,1,0.0
O07045,P0138,1,0.05
O07046,P0052,1,0.05
O07046,P0134,3,0.05
O07047,P0075,4,0.05
O07048,P0103,3,0.0
O07049,P0195,1,0.2
O07049,P0058,3,0.0
O07050,P0040,2,0.05
O07050,P0011,5,0.05
O07050,P0022,1,0.0
O07051,P0160,2,0.0
O07051,P0083,1,0.05
O07052,P0005,1,0.1
O07052,P0135,3,0.1
O07053,P0104,4,0.0
O07053,P0144,2,0.05
O07054,P0009,2,0.0
O07055,P0190,3,0.0
O07055,P0169,1,0.15
O07056,P0071,1,0.0
O07056,P0098,2,0.05
O07057,P0065,1,0.05
O07058,P0126,2,0.15
O07058,P0015,3,0.05
O07058,P0150,2,0.0
O07059,P0171,2,0.05
O07059,P0073,3,0.0
O07059,P0043,3,0.0
O07060,P0120,5,0.1
O07061,P0060,1,0.05
O07062,P0089,2,0.05
O07062,P0136,1,0.05
O07062,P0065,2,0.05
O07062,P0129,1,0.0
O07063,P0131,1,0.05
O07064,P0027,1,0.0
O07064,P0183,2,0.0
O07065,P0103,1,0.0
O07066,P0071,3,0.15
O07067,P0009,3,0.1
O07067,P0034,2,0.0
O07068,P0106,5,0.1
O07069,P0064,1,0.0
O07069,P0152,1,0.1
O07070,P0038,1,0.0
O07071,P0047,3,0.05
O07071,P0112,2,0.1
O07071,P0021,1,0.0
O07072,P0187,2,0.1
O07073,P0002,1,0.1
O07073,P0155,4,0.05
O07074,P0075,1,0.05
O07074,P0140,2,0.0
O07075,P0109,2,0.05
O07076,P0069,2,0.05
O07076,P0022,4,0.05
O07077,P0114,2,0.05
O07077,P0055,1,0.05
O07078,P0151,1,0.0
O07078,P0165,1,0.05
O07078,P0170,4,0.05
O07079,P0113,3,0.1
O07080,P0066,1,0.0
O07081,P0180,2,0.0
O07081,P0115,4,0.1
O07081,P0082,2,0.0
O07082,P0116,1,0.1
O07083,P0025,2,0.0
O07083,P0134,1,0.0
O07083,P0084,1,0.0
O07084,P0138,2,0.2
O07085,P0092,1,0.05
O07086,P0153,1,0.0
O07087,P0123,1,0.0
O07088,P0059,4,0.1
O07089,P0030,1,0.05
O07090,P0130,2,0.0
O07091,P0154,1,0.0
O07091,P0144,1,0.05
O07092,P0198,2,0.1
O07092,P0197,2,0.15
O07093,P0043,1,0.0
O07093,P0020,4,0.15
O07094,P0138,1,0.2
O07095,P0051,5,0.15
O07096,P0181,1,0.0
O07096,P0049,2,0.0
O07096,P0115,2,0.05
O07097,P0035,2,0.0
O07097,P0186,2,0.0
O07098,P0099,3,0.0
O07098,P0182,5,0.0
O07098,P0108,2,0.0
O07099,P0199,3,0.15
O07099,P0005,2,0.05
O07100,P0023,4,0.0
O07100,P0035,4,0.0
O07101,P0089,1,0.15
O07101,P0181,5,0.15
O07102,P0035,1,0.0
O07103,P0001,1,0.1
O07103,P0128,1,0.15
O07104,P0136,1,0.0
O07105,P0037,1,0.05
O07106,P0136,2,0.05
O07106,P0019,1,0.0
O07107,P0024,1,0.2
O07108,P0035,4,0.05
O07109,P0104,2,0.1
O07110,P0151,1,0.1
O07111,P0100,2,0.05
O07111,P0117,4,0.0
O07112,P0153,1,0.0
O07113,P0080,2,0.05
O07113,P0081,1,0.0
O07113,P0143,1,0.1
O07114,P0043,1,0.0
O07114,P0164,1,0.1
O07115,P0183,2,0.05
O07116,P0054,2,0.0
O07116,P0007,2,0.0
O07116,P0170,2,0.1
O07117,P0012,1,0.0
O07117,P0070,2,0.05
O07118,P0200,1,0.2
O07119,P0107,1,0.05
O07119,P0111,1,0.0
O07120,P0106,1,0.15
O07120,P0018,1,0.05
O07121,P0055,4,0.1
O07121,P0176,1,0.1
O07122,P0052,1,0.1
O07122,P0155,3,0.0
O07123,P0163,2,0.0
O07123,P0108,1,0.05
O07124,P0199,2,0.05
O07124,P0077,3,0.05
O07124,P0195,1,0.0
O07125,P0165,2,0.0
O07125,P0177,4,0.0
O07126,P0124,1,0.0
O07127,P0077,4,0.05
O07128,P0005,1,0.05
O07129,P0121,3,0.1
O07129,P0090,1,0.0
O07129,P0102,3,0.0
O07130,P0040,1,0.0
O07131,P0014,1,0.05
O07132,P0189,1,0.0
O07132,P0053,2,0.1
O07132,P0148,1,0.0
O07133,P0059,1,0.15
O07134,P0099,3,0.1
O07134,P0044,1,0.1
O07135,P0030,1,0.0
O07135,P0092,1,0.05
O07136,P0166,3,0.05
O07136,P0006,2,0.0
O07137,P0102,2,0.05
O07137,P0105,2,0.15
O07138,P0121,2,0.0
O07138,P0098,1,0.1
O07139,P0156,1,0.05
O07139,P0168,2,0.1
O07140,P0114,2,0.1
O07140,P0024,2,0.0
O07140,P0149,1,0.05
O07141,P0083,2,0.1
O07141,P0190,1,0.05
O07142,P0075,1,0.15
O07143,P0137,1,0.0
O07143,P0085,1,0.05
O07143,P0138,2,0.0
O07144,P0051,1,0.0
O07144,P0060,2,0.1
O07144,P0155,2,0.05
O07145,P0145,4,0.0
O07146,P0049,2,0.15
O07146,P0071,4,0.1
O07147,P0171,3,0.0
O07147,P0094,1,0.05
O07148,P0138,3,0.1
O07148,P0048,1,0.0
O07149,P0036,1,0.0
O07149,P0109,1,0.0
O07150,P0185,3,0.05
O07150,P0197,2,0.0
O07150,P0002,2,0.0
O07150,P0035,2,0.05
O07151,P0052,2,0.05
O07151,P0095,2,0.05
O07151,P0169,1,0.05
O07152,P0191,3,0.05
O07152,P0059,3,0.0
O07153,P0076,1,0.15
O07153,P0141,4,0.0
O07154,P0025,1,0.1
O07155,P0197,1,0.0
O07155,P0158,1,0.05
O07156,P0102,1,0.1
O07156,P0197,1,0.0
O07156,P0146,3,0.05
O07157,P0097,4,0.1
O07158,P0171,2,0.05
O07158,P0095,1,0.15
O07159,P0126,1,0.05
O07159,P0028,1,0.05
O07160,P0026,4,0.05
O07161,P0038,1,0.1
O07161,P0141,1,0.05
O07162,P0070,2,0.0
O07162,P0182,3,0.0
O07163,P0164,2,0.0
O07163,P0194,1,0.15
O07164,P0050,1,0.1
O07165,P0054,1,0.0
O07165,P0110,1,0.05
O07166,P0049,3,0.05
O07166,P0199,1,0.05
O07167,P0178,5,0.0
O07167,P0042,1,0.0
O07168,P0102,2,0.0
O07169,P0099,1,0.1
O07169,P0187,3,0.0
O07169,P0130,2,0.0
O07170,P0110,1,0.0
O07170,P0145,1,0.0
O07171,P0197,1,0.05
O07171,P0196,1,0.0
O07172,P0059,3,0.1
O07172,P0007,2,0.0
O07172,P0033,4,0.0
O07173,P0181,2,0.05
O07173,P0077,1,0.1
O07174,P0143,4,0.0
O07174,P0173,1,0.1
O07174,P0151,4,0.2
O07175,P0191,2,0.05
O07175,P0200,1,0.0
O07176,P0121,2,0.05
O07176,P0072,1,0.0
O07177,P0156,2,0.0
O07177,P0096,1,0.0
O07177,P0014,3,0.0
O07178,P0182,3,0.0
O07178,P0029,1,0.05
O07178,P0065,4,0.15
O07178,P0056,3,0.1
O07179,P0151,4,0.0
O07179,P0056,4,0.15
O07179,P0077,1,0.0
O07179,P0149,2,0.0
O07180,P0044,1,0.0
O07180,P0100,3,0.15
O07181,P0182,2,0.15
O07182,P0056,1,0.0
O07182,P0026,1,0.05
O07182,P0176,1,0.2
O07183,P0180,1,0.0
O07183,P0165,1,0.1
O07184,P0181,2,0.05
O07185,P0195,2,0.0
O07185,P0073,1,0.05
O07186,P0044,2,0.2
O07186,P0020,1,0.0
O07187,P0182,1,0.0
O07187,P0166,1,0.15
O07188,P0113,2,0.05
O07189,P0025,3,0.2
O07189,P0066,2,0.05
O07189,P0027,1,0.05
O07190,P0191,1,0.1
O07190,P0122,1,0.05
O07190,P0187,1,0.15
O07191,P0013,1,0.0
O07191,P0119,2,0.0
O07191,P0036,1,0.05
O07192,P0157,1,0.1
O07192,P0117,1,0.05
O07192,P0064,4,0.05
O07192,P0150,4,0.1
O07193,P0107,1,0.0
O07193,P0084,2,0.05
O07194,P0009,1,0.1
O07194,P0035,1,0.0
O07195,P0145,1,0.05
O07195,P0067,1,0.0
O07196,P0119,1,0.05
O07196,P0004,4,0.05
O07197,P0092,1,0.0
O07198,P0089,2,0.2
O07199,P0078,1,0.05
O07199,P0166,2,0.0
O07199,P0011,3,0.1
O07200,P0117,1,0.15
O07200,P0101,1,0.05
O07201,P0176,3,0.1
O07201,P0171,1,0.0
O07201,P0118,2,0.15
O07202,P0009,2,0.0
O07202,P0038,1,0.05
O07202,P0078,1,0.0
O07203,P0100,3,0.05
O07203,P0138,1,0.0
O07204,P0042,1,0.0
O07204,P0197,2,0.0
O07204,P0051,1,0.0
O07204,P0095,3,0.0
O07205,P0064,2,0.1
O07205,P0130,2,0.0
O07205,P0085,1,0.1
O07206,P0005,2,0.1
O07207,P0114,3,0.05
O07207,P0138,1,0.1
O07207,P0026,2,0.0
O07208,P0014,1,0.0
O07208,P0015,4,0.1
O07209,P0072,2,0.0
O07209,P0076,1,0.05
O07209,P0039,5,0.0
O07210,P0014,1,0.0
O07210,P0118,2,0.1
O07210,P0057,2,0.0
O07211,P0057,2,0.0
O07212,P0139,3,0.05
O07213,P0085,2,0.05
O07213,P0019,2,0.1
O07214,P0084,4,0.05
O07214,P0056,1,0.05
O07215,P0034,1,0.1
O07215,P0162,2,0.15
O07216,P0186,2,0.2
O07217,P0002,1,0.05
O07217,P0062,1,0.0
O07218,P0096,1,0.0
O07218,P0178,5,0.05
O07218,P0131,1,0.1
O07219,P0047,1,0.0
O07220,P0041,1,0.05
O07220,P0189,1,0.0
O07220,P0152,1,0.05
O07220,P0087,2,0.0
O07221,P0126,1,0.1
O07222,P0089,1,0.05
O07223,P0059,3,0.0
O07223,P0183,2,0.1
O07224,P0106,3,0.05
O07224,P0043,1,0.0
O07225,P0165,1,0.05
O07225,P0019,3,0.15
O07225,P0054,1,0.15
O07226,P0164,1,0.05
O07226,P0051,1,0.05
O07227,P0111,3,0.15
O07228,P0177,4,0.0
O07228,P0046,1,0.0
O07229,P0050,1,0.05
O07230,P0088,2,0.05
O07230,P0192,1,0.0
O07230,P0140,3,0.0
O07230,P0025,1,0.05
O07231,P0057,2,0.2
O07232,P0064,1,0.0
O07232,P0056,2,0.15
O07232,P0190,1,0.15
O07233,P0108,5,0.0
O07234,P0017,1,0.1
O07234,P0063,2,0.0
O07234,P0120,1,0.0
O07234,P0134,1,0.0
O07235,P0069,1,0.0
O07235,P0103,2,0.0
O07235,P0163,1,0.0
O07236,P0091,4,0.0
O07236,P0156,1,0.05
O07237,P0050,1,0.1
O07237,P0070,1,0.15
O07238,P0148,2,0.0
O07238,P0113,1,0.05
O07238,P0067,2,0.0
O07239,P0059,2,0.0
O07239,P0188,1,0.0
O07239,P0055,1,0.0
O07240,P0122,1,0.0
O07241,P0198,1,0.0
O07241,P0051,2,0.1
O07241,P0054,1,0.1
O07242,P0004,1,0.05
O07242,P0152,1,0.0
O07242,P0037,1,0.1
O07243,P0065,1,0.0
O07243,P0173,3,0.1
O07244,P0048,3,0.1
O07245,P0054,2,0.0
O07246,P0023,2,0.1
O07247,P0129,1,0.05
O07248,P0034,1,0.05
O07249,P0112,1,0.05
O07250,P0128,1,0.0
O07251,P0133,2,0.05
O07251,P0044,2,0.05
O07251,P0145,1,0.05
O07252,P0107,2,0.0
O07253,P0092,3,0.0
O07253,P0157,1,0.0
O07254,P0180,2,0.0
O07254,P0110,1,0.15
O07255,P0113,2,0.0
O07255,P0077,1,0.05
O07256,P0103,1,0.1
O07256,P0099,2,0.15
O07256,P0200,1,0.05
O07257,P0056,1,0.0
O07257,P0133,1,0.05
O07257,P0182,2,0.1
O07258,P0155,5,0.0
O07258,P0130,3,0.05
O07259,P0035,2,0.05
O07259,P0063,1,0.1
O07260,P0065,1,0.2
O07260,P0198,1,0.15
O07261,P0168,1,0.05
O07262,P0139,3,0.0
O07263,P0014,2,0.0
O07263,P0187,1,0.0
O07263,P0175,2,0.1
O07264,P0193,1,0.0
O07265,P0127,2,0.05
O07265,P0053,2,0.1
O07266,P0047,2,0.05
O07267,P0062,1,0.05
O07267,P0072,3,0.15
O07268,P0118,1,0.05
O07268,P0193,3,0.0
O07269,P0032,3,0.0
O07269,P0185,2,0.0
O07270,P0036,3,0.0
O07270,P0024,1,0.0
O07271,P0135,1,0.2
O07271,P0031,1,0.1
O07272,P0008,4,0.0
O07272,P0085,2,0.0
O07272,P0200,1,0.0
O07272,P0016,2,0.0
O07273,P0177,1,0.05
O07273,P0154,2,0.1
O07274,P0057,1,0.05
O07274,P0181,2,0.0
O07275,P0080,1,0.05
O07275,P0087,1,0.0
O07275,P0026,2,0.0
O07276,P0087,2,0.1
O07277,P0177,1,0.0
O07277,P0095,1,0.05
O07277,P0055,5,0.05
O07278,P0183,1,0.1
O07278,P0170,1,0.0
O07278,P0141,2,0.15
O07279,P0041,2,0.0
O07279,P0045,2,0.0
O07280,P0168,2,0.2
O07281,P0180,2,0.0
O07281,P0040,2,0.05
O07282,P0008,1,0.2
O07282,P0031,3,0.05
O07283,P0144,1,0.15
O07284,P0193,1,0.0
O07285,P0182,1,0.1
O07285,P0188,1,0.05
O07286,P0187,1,0.05
O07287,P0184,3,0.1
O07287,P0105,1,0.05
O07288,P0197,1,0.0
O07288,P0177,2,0.15
O07289,P0164,4,0.0
O07290,P0055,1,0.1
O07291,P0003,1,0.05
O07291,P0127,1,0.2
O07291,P0071,1,0.1
O07291,P0132,2,0.05
O07292,P0111,1,0.1
O07293,P0200,2,0.1
O07293,P0083,4,0.0
O07294,P0106,1,0.15
O07294,P0050,1,0.05
O07294,P0135,1,0.0
O07295,P0062,2,0.0
O07295,P0115,1,0.0
O07296,P0169,1,0.0
O07297,P0091,1,0.05
O07297,P0115,2,0.0
O07298,P0052,3,0.1
O07299,P0109,3,0.0
O07299,P0183,1,0.05
O07300,P0028,1,0.05
O07301,P0078,2,0.1
O07302,P0052,1,0.05
O07302,P0032,1,0.0
O07303,P0117,2,0.05
O07304,P0162,2,0.0
O07304,P0004,4,0.0
O07305,P0195,3,0.0
O07305,P0152,1,0.2
O07305,P0194,1,0.0
O07305,P0173,3,0.1
O07306,P0072,3,0.05
O07307,P0176,1,0.15
O07307,P0192,2,0.15
O07308,P0184,1,0.1
O07308,P0085,1,0.1
O07309,P0088,1,0.1
O07309,P0080,1,0.0
O07309,P0121,1,0.15
O07310,P0148,1,0.0
O07310,P0049,1,0.0
O07311,P0065,2,0.1
O07311,P0138,1,0.1
O07312,P0064,2,0.2
O07312,P0048,2,0.1
O07313,P0154,4,0.0
O07313,P0006,1,0.1
O07314,P0018,1,0.0
O07315,P0032,1,0.15
O07315,P0064,2,0.05
O07315,P0069,3,0.05
O07316,P0028,3,0.0
O07316,P0052,1,0.1
O07316,P0125,1,0.1
O07317,P0118,3,0.1
O07317,P0006,1,0.1
O07318,P0113,3,0.0
O07318,P0002,2,0.1
O07319,P0197,3,0.05
O07319,P0096,1,0.1
O07320,P0122,3,0.0
O07321,P0020,1,0.0
O07322,P0139,1,0.0
O07322,P0145,1,0.0
O07322,P0112,2,0.05
O07323,P0197,3,0.0
O07323,P0123,1,0.0
O07324,P0145,1,0.15
O07324,P0045,1,0.05
O07325,P0037,2,0.05
O07326,P0066,1,0.0
O07327,P0009,2,0.2
O07327,P0073,2,0.0
O07328,P0007,3,0.05
O07329,P0172,5,0.05
O07329,P0168,5,0.05
O07330,P0087,4,0.05
O07330,P0110,1,0.15
O07330,P0029,1,0.0
O07331,P0022,2,0.0
O07331,P0123,1,0.05
O07331,P0072,2,0.0
O07332,P0058,1,0.0
O07332,P0042,1,0.05
O07332,P0047,2,0.0
O07332,P0172,3,0.1
O07333,P0197,1,0.05
O07333,P0071,1,0.0
O07334,P0039,3,0.0
O07335,P0018,1,0.05
O07335,P0127,2,0.05
O07335,P0200,3,0.0
O07336,P0076,2,0.0
O07336,P0105,2,0.05
O07337,P0106,1,0.1
O07337,P0107,1,0.15
O07337,P0037,3,0.0
O07337,P0123,3,0.15
O07338,P0032,1,0.05
O07338,P0093,1,0.0
O07339,P0173,1,0.0
O07339,P0005,1,0.05
O07340,P0108,1,0.2
O07340,P0199,1,0.15
O07340,P0048,3,0.1
O07341,P0037,2,0.05
O07341,P0164,1,0.15
O07341,P0187,1,0.0
O07341,P0173,1,0.0
O07342,P0047,2,0.1
O07343,P0070,1,0.1
O07344,P0029,3,0.0
O07344,P0032,1,0.1
O07345,P0073,2,0.05
O07346,P0140,1,0.0
O07347,P0042,4,0.1
O07347,P0197,2,0.1
O07348,P0092,1,0.0
O07348,P0199,3,0.15
O07349,P0143,2,0.0
O07349,P0011,1,0.0
O07350,P0155,1,0.05
O07351,P0032,3,0.2
O07351,P0028,3,0.1
O07352,P0133,2,0.1
O07353,P0196,3,0.05
O07353,P0028,1,0.15
O07354,P0049,1,0.15
O07355,P0050,1,0.1
O07355,P0146,1,0.0
O07356,P0081,3,0.05
O07356,P0141,2,0.05
O07356,P0188,2,0.0
O07356,P0055,4,0.0
O07357,P0023,2,0.05
O07358,P0170,2,0.1
O07359,P0090,1,0.1
O07360,P0070,1,0.05
O07360,P0166,1,0.0
O07361,P0011,1,0.0
O07361,P0089,3,0.15
O07361,P0025,2,0.0
O07362,P0049,2,0.05
O07362,P0070,2,0.1
O07362,P0043,2,0.0
O07363,P0120,3,0.0
O07363,P0075,1,0.0
O07363,P0153,1,0.1
O07364,P0112,1,0.0
O07365,P0126,1,0.0
O07366,P0132,4,0.0
O07367,P0186,2,0.0
O07367,P0107,1,0.0
O07368,P0192,2,0.0
O07368,P0137,1,0.05
O07368,P0081,1,0.0
O07368,P0078,1,0.05
O07369,P0112,2,0.2
O07369,P0107,3,0.0
O07369,P0175,2,0.0
O07370,P0130,1,0.0
O07371,P0087,1,0.0
O07371,P0023,2,0.05
O07371,P0176,1,0.1
O07372,P0006,2,0.15
O07373,P0020,1,0.0
O07373,P0166,2,0.2
O07374,P0021,1,0.0
O07374,P0196,1,0.1
O07375,P0183,1,0.0
O07375,P0137,2,0.0
O07375,P0091,1,0.0
O07375,P0057,1,0.0
O07376,P0042,1,0.0
O07377,P0109,1,0.0
O07377,P0044,3,0.0
O07378,P0132,1,0.15
O07379,P0046,1,0.0
O07379,P0080,2,0.15
O07379,P0087,1,0.1
O07380,P0078,3,0.1
O07381,P0200,3,0.05
O07381,P0174,1,0.05
O07382,P0143,4,0.0
O07383,P0009,1,0.0
O07383,P0083,1,0.05
O07384,P0018,3,0.0
O07385,P0012,1,0.1
O07385,P0160,2,0.0
O07386,P0116,2,0.05
O07386,P0134,2,0.0
O07386,P0166,1,0.05
O07386,P0091,1,0.1
O07387,P0071,1,0.15
O07387,P0066,3,0.0
O07387,P0010,2,0.0
O07388,P0076,1,0.0
O07388,P0199,2,0.05
O07388,P0178,4,0.0
O07389,P0064,2,0.05
O07390,P0127,1,0.0
O07390,P0103,3,0.05
O07391,P0145,3,0.15
O07391,P0099,1,0.0
O07392,P0087,1,0.1
O07393,P0085,3,0.1
O07393,P0167,3,0.0
O07394,P0172,1,0.0
O07394,P0100,2,0.15
O07395,P0004,2,0.05
O07395,P0006,1,0.1
O07396,P0170,1,0.1
O07397,P0137,2,0.1
O07397,P0054,1,0.0
O07397,P0168,5,0.1
O07398,P0016,2,0.1
O07398,P0129,2,0.0
O07398,P0169,2,0.05
O07399,P0168,3,0.15
O07399,P0065,1,0.1
O07399,P0155,1,0.0
O07400,P0045,1,0.05
O07400,P0013,2,0.05
O07400,P0079,4,0.0
O07401,P0197,3,0.05
O07401,P0005,2,0.05
O07401,P0077,2,0.0
O07402,P0117,2,0.2
O07402,P0017,2,0.1
O07402,P0174,3,0.15
O07403,P0159,3,0.15
O07404,P0013,2,0.1
O07404,P0180,1,0.1
O07405,P0028,2,0.0
O07405,P0178,2,0.05
O07406,P0063,4,0.05
O07406,P0034,5,0.0
O07407,P0091,3,0.05
O07407,P0015,3,0.15
O07407,P0099,1,0.05
O07408,P0052,1,0.2
O07408,P0128,3,0.0
O07409,P0132,1,0.1
O07410,P0068,2,0.15
O07411,P0192,4,0.15
O07411,P0023,2,0.15
O07412,P0186,4,0.0
O07412,P0081,2,0.15
O07412,P0007,5,0.15
O07413,P0114,3,0.2
O07414,P0069,3,0.05
O07414,P0199,1,0.0
O07415,P0142,1,0.05
O07416,P0035,1,0.1
O07417,P0175,1,0.05
O07418,P0200,2,0.0
O07418,P0166,1,0.05
O07418,P0020,3,0.0
O07418,P0060,1,0.0
O07419,P0053,1,0.1
O07419,P0101,2,0.05
O07420,P0155,2,0.15
O07420,P0156,3,0.1
O07421,P0162,1,0.05
O07421,P0120,2,0.1
O07422,P0197,2,0.0
O07422,P0194,4,0.1
O07423,P0011,2,0.1
O07424,P0075,2,0.05
O07424,P0171,2,0.15
O07425,P0109,1,0.05
O07425,P0113,3,0.1
O07426,P0136,3,0.1
O07426,P0160,1,0.0
O07426,P0164,1,0.15
O07427,P0108,1,0.15
O07427,P0148,3,0.1
O07428,P0025,3,0.05
O07428,P0040,1,0.05
O07429,P0084,4,0.05
O07430,P0134,1,0.1
O07431,P0175,1,0.05
O07431,P0099,1,0.0
O07432,P0152,1,0.1
O07433,P0144,1,0.2
O07434,P0131,3,0.05
O07434,P0078,1,0.0
O07435,P0195,3,0.15
O07435,P0130,1,0.0
O07436,P0108,1,0.05
O07437,P0165,1,0.1
O07438,P0009,4,0.1
O07438,P0098,3,0.0
O07439,P0090,2,0.0
O07439,P0134,2,0.0
O07439,P0050,4,0.2
O07440,P0056,1,0.05
O07440,P0188,3,0.1
O07441,P0040,1,0.0
O07441,P0139,2,0.05
O07442,P0059,1,0.0
O07443,P0016,1,0.2
O07443,P0111,3,0.0
O07444,P0147,2,0.2
O07445,P0102,2,0.2
O07445,P0195,1,0.0
O07446,P0070,4,0.1
O07446,P0113,3,0.05
O07447,P0142,1,0.05
O07448,P0081,1,0.2
O07448,P0100,1,0.1
O07448,P0011,4,0.05
O07449,P0104,2,0.05
O07449,P0192,2,0.2
O07450,P0019,1,0.0
O07450,P0171,1,0.0
O07450,P0130,1,0.15
O07451,P0148,2,0.2
O07451,P0065,1,0.1
O07452,P0116,1,0.05
O07453,P0114,1,0.0
O07453,P0089,1,0.1
O07453,P0023,4,0.05
O07454,P0009,1,0.0
O07454,P0075,3,0.05
O07454,P0121,1,0.0
O07454,P0055,1,0.0
O07455,P0077,1,0.0
O07456,P0112,1,0.15
O07456,P0007,1,0.05
O07456,P0119,1,0.1
O07457,P0002,1,0.0
O07458,P0134,2,0.1
O07459,P0044,1,0.0
O07459,P0185,4,0.05
O07460,P0094,1,0.15
O07460,P0121,1,0.05
O07461,P0111,1,0.05
O07461,P0176,2,0.05
O07461,P0135,1,0.05
O07462,P0016,3,0.0
O07463,P0103,5,0.0
O07464,P0152,2,0.15
O07465,P0166,1,0.0
O07465,P0060,1,0.0
O07466,P0191,2,0.05
O07466,P0176,3,0.05
O07467,P0118,1,0.1
O07467,P0047,1,0.0
O07468,P0159,1,0.0
O07468,P0075,2,0.05
O07469,P0059,4,0.0
O07469,P0055,1,0.15
O07469,P0043,1,0.05
O07470,P0069,3,0.05
O07470,P0063,2,0.0
O07471,P0130,1,0.2
O07471,P0026,1,0.05
O07472,P0183,1,0.05
O07473,P0150,4,0.0
O07474,P0195,3,0.15
O07474,P0170,1,0.1
O07474,P0189,1,0.05
O07475,P0069,4,0.15
O07475,P0025,2,0.0
O07476,P0186,3,0.1
O07476,P0086,1,0.05
O07477,P0053,1,0.05
O07477,P0186,1,0.0
O07478,P0135,1,0.0
O07478,P0081,3,0.1
O07478,P0146,1,0.0
O07479,P0162,1,0.0
O07479,P0186,4,0.05
O07479,P0125,4,0.05
O07480,P0024,1,0.2
O07481,P0042,1,0.0
O07481,P0103,2,0.1
O07481,P0122,1,0.2
O07482,P0033,2,0.1
O07482,P0187,4,0.1
O07483,P0188,1,0.0
O07483,P0096,4,0.15
O07484,P0151,3,0.05
O07484,P0070,2,0.15
O07484,P0083,1,0.05
O07485,P0004,3,0.05
O07485,P0112,2,0.05
O07486,P0192,1,0.0
O07487,P0181,1,0.0
O07487,P0088,1,0.0
O07488,P0139,1,0.0
O07488,P0093,3,0.1
O07489,P0190,3,0.1
O07489,P0127,2,0.1
O07490,P0159,4,0.2
O07490,P0105,3,0.05
O07490,P0160,2,0.05
O07491,P0106,1,0.0
O07492,P0021,1,0.05
O07492,P0182,1,0.0
O07493,P0187,1,0.0
O07493,P0075,2,0.1
O07494,P0054,1,0.0
O07494,P0063,2,0.0
O07494,P0024,1,0.05
O07495,P0116,1,0.1
O07495,P0194,1,0.05
O07496,P0164,1,0.05
O07497,P0131,1,0.1
O07497,P0186,2,0.0
O07497,P0102,1,0.1
O07498,P0169,4,0.15
O07498,P0116,1,0.15
O07499,P0037,1,0.0
O07499,P0004,3,0.0
O07500,P0018,1,0.0
O07500,P0059,1,0.0
O07500,P0141,1,0.1
O07501,P0103,3,0.05
O07502,P0097,2,0.0
O07502,P0159,3,0.05
O07502,P0022,1,0.1
O07503,P0129,1,0.05
O07503,P0170,1,0.1
O07503,P0082,2,0.05
O07503,P0164,4,0.15
O07504,P0200,1,0.0
O07505,P0173,1,0.15
O07505,P0063,3,0.15
O07506,P0039,2,0.05
O07506,P0125,4,0.1
O07507,P0148,1,0.0
O07508,P0109,1,0.05
O07508,P0017,4,0.05
O07508,P0150,2,0.1
O07509,P0197,2,0.1
O07510,P0106,1,0.0
O07511,P0007,3,0.1
O07511,P0079,1,0.0
O07511,P0069,2,0.0
O07512,P0003,4,0.05
O07512,P0152,2,0.05
O07513,P0042,1,0.0
O07513,P0164,1,0.15
O07513,P0016,2,0.05
O07514,P0065,5,0.2
O07515,P0162,1,0.2
O07515,P0185,1,0.0
O07516,P0165,5,0.15
O07516,P0080,4,0.05
O07516,P0178,4,0.0
O07516,P0021,1,0.0
O07517,P0059,1,0.0
O07517,P0007,1,0.0
O07518,P0045,1,0.05
O07519,P0141,1,0.0
O07519,P0165,1,0.0
O07520,P0102,2,0.0
O07520,P0097,5,0.0
O07520,P0075,4,0.05
O07521,P0004,3,0.1
O07521,P0160,1,0.1
O07521,P0091,2,0.1
O07522,P0081,1,0.05
O07522,P0016,5,0.1
O07523,P0176,2,0.0
O07523,P0183,2,0.05
O07524,P0076,1,0.1
O07524,P0097,5,0.2
O07524,P0080,1,0.05
O07525,P0117,1,0.1
O07526,P0194,2,0.05
O07526,P0014,2,0.1
O07527,P0056,4,0.05
O07527,P0081,1,0.05
O07527,P0090,1,0.0
O07527,P0036,2,0.05
O07528,P0135,1,0.05
O07529,P0139,2,0.15
O07529,P0018,4,0.1
O07529,P0005,1,0.0
O07530,P0027,2,0.0
O07531,P0023,3,0.0
O07531,P0048,1,0.0
O07531,P0189,3,0.05
O07532,P0032,1,0.05
O07532,P0067,1,0.05
O07532,P0071,3,0.05
O07533,P0048,3,0.15
O07533,P0112,2,0.15
O07533,P0141,1,0.15
O07534,P0143,3,0.15
O07534,P0188,2,0.05
O07535,P0154,2,0.05
O07535,P0011,1,0.0
O07535,P0194,2,0.0
O07536,P0142,2,0.05
O07537,P0068,1,0.15
O07538,P0129,3,0.05
O07539,P0108,1,0.2
O07539,P0131,3,0.15
O07539,P0128,4,0.0
O07540,P0051,1,0.0
O07540,P0172,1,0.0
O07540,P0022,3,0.1
O07540,P0114,1,0.1
O07541,P0059,1,0.05
O07541,P0022,1,0.05
O07542,P0107,5,0.1
O07542,P0059,1,0.2
O07542,P0099,1,0.05
O07543,P0104,3,0.0
O07543,P0125,5,0.05
O07543,P0087,2,0.05
O07544,P0125,1,0.0
O07545,P0076,1,0.0
O07545,P0035,3,0.2
O07545,P0146,3,0.0
O07546,P0056,2,0.05
O07546,P0183,3,0.15
O07547,P0129,3,0.1
O07548,P0193,2,0.0
O07548,P0137,3,0.15
O07548,P0055,2,0.1
O07548,P0047,1,0.15
O07549,P0167,1,0.1
O07550,P0079,1,0.15
O07551,P0104,2,0.2
O07552,P0020,2,0.05
O07552,P0194,1,0.05
O07552,P0006,2,0.0
O07552,P0129,2,0.0
O07553,P0025,1,0.0
O07553,P0151,4,0.0
O07554,P0142,1,0.05
O07555,P0130,1,0.0
O07555,P0034,1,0.0
O07555,P0161,4,0.05
O07555,P0041,1,0.05
O07556,P0005,3,0.0
O07556,P0161,2,0.0
O07556,P0024,1,0.05
O07557,P0105,2,0.0
O07557,P0136,1,0.15
O07558,P0187,3,0.05
O07558,P0162,2,0.2
O07558,P0072,1,0.05
O07559,P0059,1,0.0
O07559,P0140,1,0.05
O07560,P0048,1,0.05
O07560,P0030,2,0.1
O07561,P0148,3,0.2
O07561,P0073,1,0.0
O07562,P0177,1,0.0
O07562,P0175,1,0.1
O07563,P0159,1,0.05
O07563,P0113,1,0.15
O07564,P0059,3,0.05
O07565,P0162,1,0.1
O07565,P0146,1,0.0
O07565,P0052,1,0.1
O07566,P0057,2,0.0
O07566,P0137,2,0.05
O07566,P0005,4,0.1
O07567,P0035,5,0.1
O07567,P0032,2,0.15
O07568,P0159,1,0.1
O07568,P0082,2,0.0
O07569,P0002,1,0.0
O07570,P0075,1,0.0
O07571,P0043,2,0.15
O07571,P0172,1,0.0
O07571,P0169,3,0.0
O07571,P0096,5,0.1
O07572,P0003,2,0.05
O07572,P0091,2,0.0
O07573,P0161,1,0.0
O07574,P0049,3,0.0
O07575,P0078,2,0.15
O07575,P0134,2,0.05
O07576,P0136,1,0.05
O07576,P0066,2,0.05
O07576,P0198,1,0.15
O07576,P0073,1,0.0
O07577,P0058,1,0.1
O07578,P0184,1,0.0
O07579,P0011,4,0.0
O07579,P0072,1,0.1
O07580,P0046,1,0.15
O07580,P0159,1,0.0
O07580,P0124,1,0.1
O07581,P0074,2,0.15
O07581,P0148,2,0.0
O07582,P0024,4,0.05
O07582,P0123,3,0.15
O07583,P0026,2,0.1
O07583,P0043,1,0.0
O07584,P0188,3,0.0
O07584,P0122,1,0.0
O07584,P0155,2,0.1
O07585,P0017,1,0.2
O07585,P0094,1,0.2
O07586,P0118,2,0.1
O07587,P0171,1,0.0
O07588,P0121,1,0.0
O07589,P0195,3,0.0
O07589,P0096,1,0.1
O07589,P0169,1,0.0
O07590,P0157,2,0.0
O07591,P0012,1,0.1
O07592,P0035,2,0.05
O07592,P0123,1,0.0
O07593,P0040,1,0.1
O07593,P0089,1,0.0
O07593,P0016,1,0.05
O07593,P0146,2,0.05
O07594,P0184,2,0.1
O07594,P0162,2,0.05
O07595,P0163,2,0.1
O07595,P0006,1,0.05
O07595,P0099,1,0.05
O07596,P0180,2,0.05
O07597,P0189,1,0.1
O07598,P0149,2,0.0
O07598,P0043,1,0.15
O07599,P0090,2,0.0
O07600,P0112,2,0.05
O07601,P0108,1,0.1
O07602,P0143,2,0.05
O07603,P0066,2,0.1
O07604,P0144,1,0.05
O07604,P0076,2,0.2
O07605,P0061,5,0.0
O07605,P0040,2,0.0
O07606,P0178,1,0.15
O07606,P0190,2,0.05
O07606,P0012,2,0.05
O07606,P0066,3,0.1
O07607,P0103,1,0.05
O07608,P0021,3,0.1
O07608,P0106,4,0.0
O07609,P0166,1,0.05
O07609,P0164,2,0.1
O07610,P0033,2,0.1
O07610,P0150,1,0.05
O07610,P0126,1,0.0
O07611,P0159,1,0.05
O07612,P0019,1,0.0
O07612,P0009,1,0.1
O07613,P0026,2,0.0
O07614,P0040,1,0.2
O07614,P0002,2,0.0
O07615,P0134,1,0.05
O07615,P0043,1,0.0
O07616,P0158,2,0.0
O07617,P0064,2,0.15
O07618,P0179,2,0.0
O07618,P0193,1,0.05
O07619,P0200,2,0.1
O07620,P0019,1,0.1
O07621,P0025,4,0.15
O07621,P0132,3,0.2
O07622,P0053,3,0.1
O07622,P0118,3,0.0
O07622,P0128,2,0.1
O07623,P0065,1,0.05
O07624,P0131,4,0.1
O07624,P0036,2,0.1
O07625,P0096,3,0.05
O07625,P0009,1,0.1
O07626,P0104,1,0.1
O07626,P0174,3,0.0
O07627,P0199,1,0.1
O07627,P0134,2,0.0
O07627,P0096,2,0.05
O07628,P0067,2,0.1
O07628,P0126,2,0.05
O07629,P0059,1,0.1
O07629,P0142,2,0.05
O07630,P0188,2,0.0
O07631,P0156,5,0.0
O07631,P0171,1,0.05
O07631,P0145,4,0.1
O07632,P0008,2,0.0
O07633,P0143,4,0.05
O07633,P0030,1,0.0
O07634,P0052,1,0.0
O07634,P0138,2,0.05
O07634,P0026,3,0.1
O07635,P0001,3,0.05
O07636,P0068,2,0.0
O07637,P0068,2,0.05
O07637,P0160,1,0.05
O07637,P0157,4,0.0
O07637,P0019,2,0.0
O07638,P0141,4,0.2
O07638,P0153,2,0.1
O07638,P0086,2,0.0
O07639,P0031,4,0.15
O07639,P0180,1,0.1
O07640,P0124,1,0.0
O07640,P0024,1,0.05
O07641,P0110,4,0.0
O07641,P0152,1,0.15
O07641,P0133,1,0.0
O07642,P0167,1,0.1
O07643,P0096,1,0.0
O07643,P0159,1,0.15
O07643,P0116,1,0.15
O07644,P0147,1,0.15
O07645,P0051,1,0.0
O07646,P0110,2,0.0
O07646,P0034,3,0.0
O07646,P0088,1,0.0
O07647,P0071,3,0.15
O07648,P0094,5,0.1
O07649,P0096,1,0.15
O07649,P0102,1,0.05
O07650,P0082,1,0.15
O07650,P0087,2,0.0
O07650,P0131,3,0.0
O07651,P0064,1,0.0
O07652,P0122,1,0.2
O07652,P0185,2,0.1
O07653,P0155,2,0.15
O07653,P0078,1,0.05
O07654,P0093,1,0.15
O07654,P0026,2,0.2
O07655,P0151,1,0.05
O07655,P0183,3,0.2
O07655,P0109,1,0.1
O07656,P0070,1,0.0
O07656,P0160,1,0.1
O07656,P0107,5,0.15
O07657,P0177,3,0.05
O07658,P0087,2,0.1
O07659,P0005,1,0.0
O07659,P0152,3,0.0
O07659,P0014,2,0.1
O07660,P0108,1,0.0
O07661,P0073,1,0.05
O07661,P0079,1,0.15
O07662,P0062,2,0.05
O07663,P0006,1,0.0
O07663,P0015,1,0.1
O07664,P0122,1,0.05
O07664,P0034,2,0.0
O07665,P0020,2,0.0
O07666,P0105,3,0.15
O07667,P0158,1,0.0
O07667,P0091,2,0.2
O07668,P0199,4,0.1
O07668,P0076,2,0.1
O07669,P0099,1,0.0
O07669,P0081,2,0.0
O07670,P0029,2,0.05
O07671,P0190,2,0.15
O07671,P0166,4,0.05
O07672,P0147,1,0.1
O07672,P0084,1,0.15
O07673,P0054,1,0.2
O07673,P0079,2,0.05
O07674,P0018,1,0.0
O07675,P0033,4,0.1
O07675,P0004,4,0.0
O07676,P0051,1,0.05
O07676,P0007,5,0.0
O07677,P0020,1,0.05
O07678,P0007,1,0.05
O07678,P0077,1,0.0
O07679,P0067,5,0.0
O07679,P0036,3,0.0
O07679,P0006,1,0.05
O07680,P0164,2,0.1
O07681,P0024,2,0.1
O07681,P0189,1,0.1
O07681,P0082,2,0.0
O07682,P0112,5,0.1
O07683,P0042,2,0.0
O07684,P0027,2,0.05
O07685,P0103,2,0.0
O07686,P0102,2,0.05
O07686,P0181,1,0.05
O07686,P0069,2,0.0
O07686,P0144,1,0.15
O07687,P0130,2,0.0
O07687,P0064,1,0.1
O07687,P0102,2,0.05
O07688,P0023,1,0.0
O07688,P0195,2,0.05
O07689,P0077,1,0.0
O07690,P0076,3,0.0
O07690,P0079,1,0.05
O07691,P0176,4,0.05
O07691,P0071,3,0.0
O07692,P0098,2,0.05
O07693,P0014,1,0.0
O07693,P0157,1,0.1
O07694,P0004,1,0.0
O07694,P0133,2,0.0
O07695,P0042,3,0.15
O07695,P0087,4,0.05
O07696,P0136,2,0.05
O07696,P0134,3,0.1
O07697,P0007,1,0.1
O07698,P0016,2,0.0
O07698,P0040,2,0.0
O07699,P0026,2,0.15
O07699,P0104,1,0.05
O07700,P0049,2,0.0
O07700,P0060,1,0.1
O07700,P0175,1,0.1
O07701,P0034,3,0.05
O07702,P0051,5,0.05
O07702,P0095,2,0.0
O07703,P0126,1,0.05
O07703,P0167,2,0.0
O07704,P0160,5,0.05
O07704,P0033,2,0.0
O07705,P0042,1,0.0
O07706,P0068,4,0.15
O07707,P0097,5,0.0
O07707,P0078,1,0.05
O07708,P0028,1,0.0
O07708,P0074,1,0.1
O07709,P0097,5,0.15
O07709,P0135,1,0.0
O07710,P0050,2,0.1
O07711,P0121,1,0.1
O07712,P0170,1,0.05
O07712,P0142,2,0.05
O07713,P0040,5,0.0
O07713,P0055,3,0.0
O07713,P0108,2,0.05
O07714,P0191,4,0.1
O07714,P0119,3,0.1
O07715,P0006,1,0.05
O07716,P0125,1,0.0
O07716,P0034,1,0.05
O07717,P0142,2,0.0
O07717,P0143,2,0.15
O07718,P0006,1,0.05
O07718,P0005,1,0.1
O07718,P0147,2,0.0
O07718,P0133,1,0.0
O07719,P0096,1,0.05
O07720,P0033,4,0.0
O07720,P0081,1,0.0
O07720,P0056,2,0.1
O07721,P0181,4,0.05
O07722,P0087,1,0.0
O07722,P0072,1,0.0
O07722,P0074,1,0.05
O07723,P0200,1,0.0
O07723,P0103,1,0.0
O07724,P0015,1,0.05
O07725,P0027,4,0.1
O07726,P0100,1,0.0
O07726,P0094,2,0.05
O07727,P0051,2,0.1
O07727,P0063,3,0.05
O07727,P0185,2,0.2
O07728,P0138,1,0.0
O07728,P0099,3,0.0
O07728,P0151,2,0.05
O07729,P0059,1,0.0
O07729,P0104,3,0.0
O07730,P0154,2,0.0
O07730,P0158,2,0.05
O07731,P0163,1,0.15
O07731,P0051,1,0.0
O07731,P0152,1,0.0
O07732,P0142,3,0.15
O07732,P0073,1,0.0
O07733,P0137,2,0.0
O07734,P0109,3,0.05
O07735,P0162,1,0.1
O07736,P0056,1,0.05
O07736,P0152,2,0.05
O07737,P0092,1,0.05
O07737,P0018,2,0.0
O07738,P0001,4,0.05
O07738,P0032,3,0.05
O07738,P0027,1,0.0
O07739,P0068,1,0.0
O07739,P0118,3,0.05
O07740,P0002,1,0.0
O07740,P0147,2,0.0
O07741,P0088,3,0.0
O07741,P0054,1,0.0
O07741,P0174,1,0.05
O07742,P0182,2,0.05
O07742,P0020,4,0.0
O07743,P0196,3,0.0
O07743,P0071,2,0.0
O07743,P0005,3,0.0
O07744,P0142,1,0.05
O07744,P0092,3,0.05
O07744,P0101,2,0.05
O07745,P0191,3,0.05
O07746,P0008,3,0.0
O07746,P0019,2,0.05
O07746,P0156,2,0.15
O07747,P0029,2,0.0
O07747,P0009,1,0.0
O07747,P0159,1,0.0
O07748,P0047,2,0.05
O07748,P0094,1,0.0
O07748,P0035,1,0.05
O07749,P0179,2,0.0
O07750,P0163,3,0.1
O07750,P0056,2,0.2
O07750,P0143,2,0.0
O07751,P0186,4,0.1
O07751,P0157,2,0.0
O07752,P0088,4,0.0
O07753,P0118,2,0.2
O07754,P0092,3,0.0
O07755,P0200,5,0.05
O07755,P0174,2,0.15
O07756,P0024,2,0.1
O07756,P0160,1,0.1
O07757,P0191,4,0.0
O07757,P0118,1,0.15
O07757,P0132,1,0.15
O07758,P0159,1,0.0
O07758,P0131,1,0.05
O07759,P0196,1,0.0
O07759,P0026,1,0.1
O07760,P0158,1,0.0
O07761,P0133,1,0.05
O07761,P0147,1,0.05
O07761,P0067,2,0.0
O07762,P0193,1,0.0
O07763,P0175,2,0.1
O07763,P0038,2,0.05
O07763,P0059,1,0.05
O07764,P0021,1,0.05
O07764,P0049,1,0.0
O07765,P0101,1,0.1
O07766,P0029,2,0.1
O07766,P0028,1,0.0
O07766,P0031,3,0.1
O07767,P0149,3,0.05
O07767,P0182,1,0.0
O07767,P0043,2,0.05
O07768,P0151,2,0.05
O07768,P0076,2,0.0
O07768,P0200,2,0.0
O07769,P0111,2,0.0
O07769,P0102,5,0.05
O07770,P0092,3,0.0
O07771,P0064,2,0.0
O07772,P0141,2,0.05
O07772,P0160,1,0.15
O07773,P0089,1,0.05
O07774,P0020,2,0.2
O07774,P0056,1,0.05
O07775,P0139,2,0.2
O07775,P0025,4,0.05
O07776,P0156,1,0.0
O07776,P0109,1,0.2
O07777,P0024,5,0.0
O07777,P0035,1,0.1
O07777,P0048,1,0.0
O07778,P0027,1,0.0
O07778,P0045,1,0.1
O07779,P0028,3,0.15
O07779,P0067,5,0.0
O07779,P0127,1,0.05
O07780,P0126,2,0.0
O07780,P0174,1,0.05
O07781,P0163,1,0.1
O07781,P0144,2,0.05
O07781,P0149,1,0.05
O07782,P0151,2,0.0
O07782,P0050,2,0.05
O07782,P0016,1,0.2
O07783,P0019,2,0.15
O07784,P0074,1,0.0
O07784,P0177,1,0.1
O07785,P0110,2,0.0
O07785,P0118,5,0.0
O07786,P0145,3,0.0
O07787,P0075,1,0.05
O07787,P0043,1,0.15
O07788,P0051,1,0.1
O07788,P0015,2,0.1
O07788,P0122,1,0.0
O07788,P0138,2,0.05
O07789,P0149,1,0.0
O07789,P0124,1,0.1
O07789,P0166,1,0.0
O07790,P0072,1,0.0
O07791,P0096,3,0.2
O07792,P0104,1,0.0
O07793,P0015,1,0.1
O07793,P0130,2,0.15
O07794,P0168,1,0.0
O07795,P0068,3,0.15
O07795,P0076,3,0.0
O07796,P0189,2,0.1
O07796,P0026,1,0.0
O07797,P0035,3,0.0
O07798,P0061,5,0.0
O07799,P0070,3,0.0
O07800,P0015,3,0.05
O07801,P0151,2,0.05
O07801,P0119,1,0.05
O07801,P0059,5,0.05
O07802,P0050,3,0.0
O07802,P0083,3,0.1
O07803,P0163,2,0.1
O07804,P0060,2,0.15
O07804,P0049,1,0.0
O07805,P0198,1,0.0
O07805,P0034,2,0.0
O07806,P0043,1,0.15
O07806,P0100,1,0.2
O07807,P0048,2,0.0
O07808,P0131,1,0.1
O07809,P0159,1,0.05
O07810,P0127,1,0.05
O07811,P0187,1,0.0
O07811,P0066,5,0.2
O07811,P0114,5,0.1
O07812,P0048,3,0.0
O07812,P0067,1,0.2
O07813,P0200,5,0.05
O07813,P0120,3,0.05
O07814,P0127,1,0.1
O07814,P0010,1,0.0
O07814,P0070,1,0.15
O07815,P0026,4,0.1
O07815,P0178,2,0.05
O07816,P0086,1,0.05
O07816,P0122,1,0.0
O07817,P0068,3,0.15
O07817,P0107,2,0.1
O07818,P0159,1,0.05
O07818,P0104,1,0.1
O07819,P0114,1,0.2
O07819,P0129,5,0.15
O07820,P0030,1,0.0
O07820,P0089,3,0.0
O07820,P0054,1,0.1
O07820,P0137,3,0.0
O07821,P0164,1,0.05
O07821,P0078,1,0.1
O07822,P0150,1,0.0
O07822,P0095,1,0.05
O07822,P0018,1,0.0
O07822,P0110,2,0.05
O07823,P0073,1,0.15
O07823,P0111,1,0.0
O07823,P0024,2,0.05
O07823,P0091,2,0.0
O07824,P0146,1,0.0
O07824,P0097,2,0.0
O07824,P0014,1,0.0
O07825,P0161,2,0.05
O07825,P0051,1,0.05
O07826,P0094,1,0.0
O07826,P0039,2,0.0
O07827,P0030,1,0.05
O07827,P0099,3,0.05
O07828,P0032,2,0.0
O07829,P0028,4,0.0
O07829,P0183,2,0.05
O07830,P0089,1,0.15
O07830,P0084,2,0.15
O07830,P0149,1,0.1
O07831,P0110,2,0.0
O07832,P0171,2,0.05
O07833,P0101,3,0.05
O07833,P0111,1,0.05
O07834,P0052,1,0.1
O07834,P0157,1,0.0
O07835,P0060,1,0.05
O07836,P0112,1,0.1
O07837,P0100,4,0.0
O07838,P0009,2,0.1
O07838,P0020,1,0.0
O07838,P0073,3,0.15
O07839,P0131,1,0.15
O07839,P0049,1,0.15
O07840,P0033,1,0.15
O07840,P0089,2,0.0
O07840,P0192,2,0.15
O07841,P0197,2,0.05
O07841,P0046,4,0.05
O07842,P0169,2,0.05
O07842,P0109,2,0.0
O07843,P0093,1,0.0
O07844,P0076,1,0.05
O07844,P0067,2,0.15
O07844,P0119,1,0.0
O07845,P0155,1,0.1
O07845,P0152,2,0.05
O07845,P0186,2,0.15
O07846,P0111,2,0.0
O07847,P0161,4,0.1
O07847,P0052,4,0.0
O07847,P0014,1,0.1
O07847,P0072,2,0.15
O07848,P0003,2,0.05
O07849,P0073,2,0.0
O07849,P0194,1,0.05
O07850,P0183,4,0.05
O07850,P0121,2,0.1
O07851,P0103,1,0.1
O07851,P0068,1,0.1
O07852,P0025,1,0.0
O07852,P0161,1,0.0
O07853,P0038,1,0.0
O07854,P0092,1,0.0
O07854,P0193,1,0.0
O07854,P0161,2,0.05
O07855,P0168,1,0.1
O07856,P0142,1,0.15
O07857,P0167,1,0.0
O07857,P0118,1,0.15
O07857,P0030,4,0.0
O07858,P0057,1,0.1
O07858,P0087,1,0.0
O07859,P0194,2,0.2
O07860,P0031,1,0.05
O07861,P0069,3,0.05
O07861,P0195,3,0.05
O07862,P0034,2,0.0
O07862,P0021,1,0.15
O07863,P0120,1,0.1
O07863,P0108,2,0.0
O07863,P0130,4,0.05
O07863,P0016,1,0.0
O07864,P0186,3,0.2
O07864,P0118,1,0.1
O07865,P0032,2,0.0
O07865,P0108,2,0.05
O07865,P0155,2,0.15
O07866,P0181,2,0.2
O07866,P0095,1,0.2
O07866,P0109,1,0.0
O07867,P0191,1,0.0
O07867,P0172,1,0.0
O07867,P0038,1,0.0
O07868,P0152,4,0.0
O07868,P0176,1,0.05
O07868,P0073,3,0.15
O07869,P0085,1,0.1
O07869,P0010,1,0.2
O07869,P0040,2,0.0
O07870,P0047,3,0.1
O07870,P0062,3,0.05
O07870,P0005,2,0.1
O07870,P0155,5,0.05
O07871,P0165,1,0.0
O07872,P0024,2,0.0
O07873,P0053,2,0.0
O07874,P0010,1,0.15
O07874,P0072,5,0.15
O07875,P0016,1,0.05
O07875,P0115,3,0.15
O07875,P0031,1,0.0
O07876,P0052,1,0.0
O07876,P0032,2,0.1
O07876,P0155,3,0.15
O07877,P0151,2,0.05
O07877,P0165,1,0.1
O07877,P0100,2,0.05
O07877,P0177,2,0.0
O07878,P0200,1,0.05
O07878,P0170,4,0.05
O07879,P0105,1,0.15
O07879,P0198,1,0.05
O07880,P0061,2,0.15
O07881,P0031,4,0.1
O07881,P0151,2,0.15
O07882,P0173,2,0.0
O07883,P0086,2,0.1
O07884,P0095,2,0.0
O07884,P0030,1,0.0
O07885,P0083,1,0.05
O07885,P0005,1,0.05
O07886,P0055,2,0.15
O07887,P0153,1,0.0
O07887,P0178,1,0.0
O07888,P0185,1,0.1
O07889,P0193,1,0.0
O07889,P0017,3,0.1
O07889,P0128,1,0.05
O07890,P0040,2,0.0
O07890,P0192,1,0.2
O07891,P0014,1,0.1
O07891,P0012,1,0.15
O07892,P0118,3,0.0
O07893,P0128,1,0.0
O07893,P0056,5,0.0
O07894,P0097,1,0.05
O07894,P0054,3,0.05
O07895,P0106,3,0.0
O07896,P0171,2,0.15
O07897,P0126,1,0.05
O07897,P0189,1,0.15
O07897,P0170,2,0.0
O07897,P0088,1,0.05
O07898,P0113,1,0.0
O07898,P0109,4,0.0
O07898,P0126,1,0.0
O07899,P0156,1,0.05
O07899,P0062,4,0.2
O07900,P0103,3,0.0
O07900,P0052,1,0.1
O07901,P0122,1,0.0
O07902,P0011,1,0.15
O07902,P0071,2,0.0
O07903,P0011,1,0.0
O07903,P0158,1,0.1
O07903,P0081,1,0.05
O07904,P0107,2,0.0
O07904,P0018,5,0.05
O07905,P0183,2,0.0
O07905,P0155,2,0.0
O07905,P0011,2,0.1
O07906,P0197,1,0.0
O07906,P0013,2,0.0
O07907,P0030,1,0.05
O07907,P0112,2,0.0
O07908,P0134,4,0.1
O07908,P0125,2,0.15
O07909,P0124,1,0.15
O07909,P0112,2,0.05
O07909,P0061,1,0.0
O07910,P0116,2,0.05
O07911,P0029,3,0.0
O07911,P0139,1,0.05
O07912,P0089,2,0.0
O07913,P0184,1,0.15
O07913,P0132,1,0.2
O07913,P0144,1,0.0
O07913,P0068,2,0.05
O07914,P0151,1,0.0
O07914,P0002,1,0.0
O07915,P0032,1,0.0
O07916,P0182,4,0.0
O07916,P0052,2,0.1
O07917,P0007,3,0.15
O07917,P0146,2,0.0
O07918,P0082,1,0.15
O07918,P0086,1,0.15
O07919,P0151,1,0.1
O07919,P0178,1,0.0
O07920,P0192,1,0.15
O07920,P0195,3,0.2
O07921,P0026,3,0.05
O07922,P0095,4,0.1
O07922,P0139,1,0.1
O07922,P0001,1,0.05
O07923,P0175,4,0.05
O07923,P0115,2,0.0
O07924,P0170,3,0.0
O07924,P0200,1,0.0
O07925,P0057,1,0.05
O07925,P0110,1,0.1
O07925,P0085,2,0.05
O07926,P0121,4,0.0
O07927,P0136,1,0.05
O07928,P0020,1,0.1
O07929,P0097,1,0.1
O07929,P0012,1,0.15
O07930,P0162,1,0.05
O07930,P0063,1,0.05
O07930,P0058,1,0.05
O07931,P0158,4,0.1
O07932,P0179,1,0.05
O07932,P0020,2,0.0
O07933,P0151,2,0.05
O07934,P0106,1,0.1
O07935,P0110,1,0.05
O07935,P0144,4,0.0
O07935,P0151,2,0.05
O07936,P0047,2,0.05
O07936,P0129,1,0.0
O07937,P0169,2,0.2
O07937,P0172,1,0.05
O07938,P0191,2,0.05
O07938,P0020,3,0.0
O07938,P0099,3,0.05
O07939,P0158,4,0.05
O07940,P0188,1,0.15
O07940,P0187,2,0.05
O07940,P0088,1,0.0
O07941,P0185,2,0.0
O07941,P0016,2,0.1
O07941,P0070,2,0.0
O07942,P0036,2,0.05
O07942,P0097,1,0.15
O07942,P0151,2,0.1
O07942,P0187,1,0.0
O07943,P0125,3,0.1
O07943,P0194,2,0.1
O07944,P0173,1,0.0
O07944,P0027,1,0.0
O07945,P0025,2,0.0
O07946,P0194,1,0.0
O07946,P0022,1,0.15
O07947,P0046,3,0.0
O07948,P0044,3,0.05
O07948,P0079,1,0.05
O07948,P0153,3,0.2
O07949,P0084,1,0.05
O07949,P0013,2,0.0
O07950,P0158,3,0.05
O07950,P0141,3,0.0
O07951,P0004,1,0.05
O07952,P0135,1,0.1
O07952,P0070,1,0.05
O07952,P0160,3,0.15
O07952,P0157,1,0.0
O07953,P0108,1,0.1
O07953,P0013,4,0.0
O07953,P0071,5,0.2
O07954,P0194,2,0.05
O07955,P0193,2,0.2
O07955,P0055,1,0.0
O07955,P0150,1,0.1
O07956,P0113,1,0.15
O07957,P0039,5,0.0
O07958,P0146,1,0.0
O07958,P0048,2,0.05
O07959,P0170,4,0.0
O07960,P0081,1,0.2
O07961,P0053,5,0.1
O07961,P0007,3,0.0
O07961,P0121,1,0.0
O07962,P0028,1,0.0
O07962,P0090,2,0.05
O07963,P0105,1,0.1
O07963,P0036,1,0.05
O07964,P0013,2,0.1
O07964,P0124,2,0.05
O07965,P0019,3,0.2
O07966,P0073,1,0.0
O07966,P0072,2,0.0
O07967,P0080,1,0.15
O07967,P0022,1,0.05
O07968,P0013,1,0.05
O07968,P0065,5,0.0
O07969,P0023,2,0.0
O07970,P0007,2,0.1
O07970,P0123,5,0.05
O07970,P0005,1,0.05
O07971,P0105,2,0.05
O07971,P0042,1,0.05
O07972,P0062,5,0.1
O07973,P0190,1,0.0
O07974,P0069,1,0.0
O07975,P0141,1,0.0
O07976,P0151,3,0.05
O07976,P0152,2,0.1
O07976,P0155,1,0.0
O07977,P0067,3,0.05
O07977,P0072,3,0.05
O07978,P0047,1,0.1
O07978,P0110,1,0.0
O07979,P0005,5,0.0
O07979,P0064,4,0.05
O07980,P0043,3,0.0
O07981,P0124,1,0.0
O07981,P0071,4,0.05
O07982,P0042,3,0.05
O07982,P0048,4,0.0
O07983,P0068,1,0.05
O07983,P0009,1,0.0
O07983,P0136,1,0.0
O07983,P0172,4,0.0
O07984,P0136,2,0.05
O07984,P0062,1,0.05
O07985,P0172,1,0.0
O07985,P0082,1,0.15
O07986,P0198,4,0.1
O07986,P0057,1,0.1
O07987,P0110,1,0.0
O07988,P0137,3,0.0
O07988,P0175,3,0.1
O07989,P0079,3,0.0
O07989,P0153,2,0.0
O07989,P0105,1,0.0
O07990,P0023,1,0.05
O07991,P0032,2,0.0
O07991,P0065,1,0.05
O07992,P0164,2,0.0
O07992,P0057,1,0.05
O07993,P0068,1,0.0
O07993,P0171,1,0.2
O07994,P0041,1,0.05
O07994,P0190,1,0.05
O07994,P0039,1,0.0
O07995,P0044,2,0.0
O07996,P0059,2,0.0
O07997,P0168,1,0.0
O07997,P0025,2,0.05
O07998,P0174,4,0.05
O07999,P0066,5,0.05
O08000,P0054,1,0.0
O08001,P0143,4,0.15
O08001,P0033,1,0.0
O08002,P0142,1,0.0
O08003,P0102,1,0.0
O08003,P0018,1,0.0
O08003,P0093,2,0.05
O08004,P0026,1,0.0
O08004,P0068,1,0.15
O08005,P0160,2,0.0
O08005,P0011,2,0.05
O08006,P0119,5,0.05
O08006,P0199,1,0.05
O08006,P0177,1,0.1
O08006,P0078,2,0.15
O08007,P0008,2,0.05
O08007,P0011,1,0.05
O08008,P0177,1,0.0
O08008,P0194,2,0.05
O08009,P0125,2,0.1
O08009,P0044,1,0.1
O08010,P0006,1,0.2
O08010,P0016,2,0.15
O08011,P0056,3,0.15
O08011,P0133,3,0.1
O08012,P0152,1,0.05
O08013,P0131,1,0.15
O08013,P0102,1,0.1
O08014,P0196,1,0.0
O08014,P0127,1,0.0
O08015,P0200,2,0.0
O08016,P0144,1,0.1
O08017,P0191,1,0.0
O08017,P0078,1,0.05
O08017,P0081,2,0.0
O08018,P0170,2,0.0
O08019,P0008,1,0.15
O08019,P0142,1,0.0
O08020,P0162,2,0.05
O08020,P0053,1,0.0
O08021,P0004,2,0.0
O08021,P0141,1,0.2
O08021,P0129,2,0.0
O08022,P0085,2,0.05
O08022,P0138,2,0.1
O08023,P0001,3,0.0
O08023,P0179,3,0.15
O08023,P0034,1,0.15
O08023,P0031,1,0.0
O08024,P0012,1,0.1
O08025,P0053,3,0.0
O08026,P0088,1,0.1
O08026,P0117,4,0.0
O08027,P0049,2,0.15
O08027,P0175,1,0.05
O08027,P0011,1,0.0
O08028,P0018,3,0.15
O08028,P0111,2,0.0
O08029,P0199,1,0.05
O08030,P0012,1,0.05
O08031,P0021,3,0.0
O08031,P0124,2,0.0
O08031,P0138,1,0.15
O08032,P0035,2,0.1
O08033,P0008,1,0.1
O08034,P0044,3,0.0
O08034,P0080,1,0.1
O08035,P0034,2,0.2
O08036,P0082,2,0.15
O08037,P0158,2,0.1
O08038,P0124,2,0.0
O08038,P0089,1,0.05
O08038,P0157,1,0.0
O08039,P0109,2,0.05
O08040,P0171,1,0.05
O08041,P0111,3,0.05
O08042,P0168,1,0.0
O08043,P0077,1,0.1
O08044,P0161,1,0.05
O08044,P0053,1,0.0
O08044,P0172,4,0.2
O08045,P0093,4,0.0
O08045,P0169,1,0.0
O08046,P0199,1,0.0
O08047,P0070,1,0.2
O08047,P0148,1,0.1
O08047,P0105,3,0.0
O08048,P0135,3,0.0
O08048,P0127,2,0.05
O08048,P0162,2,0.1
O08049,P0170,1,0.05
O08049,P0138,1,0.0
O08050,P0049,1,0.2
O08051,P0008,4,0.1
O08051,P0078,3,0.0
O08052,P0077,2,0.1
O08052,P0195,1,0.0
O08053,P0181,2,0.0
O08053,P0129,5,0.0
O08053,P0055,1,0.0
O08054,P0141,1,0.0
O08054,P0142,1,0.05
O08055,P0083,2,0.0
O08056,P0015,1,0.05
O08057,P0059,2,0.0
O08058,P0150,3,0.0
O08058,P0134,1,0.1
O08059,P0113,2,0.05
O08059,P0171,2,0.2
O08060,P0118,2,0.1
O08061,P0030,1,0.1
O08062,P0184,4,0.05
O08062,P0113,1,0.05
O08063,P0105,2,0.0
O08063,P0196,4,0.0
O08063,P0059,1,0.05
O08064,P0169,1,0.1
O08064,P0159,2,0.1
O08065,P0133,1,0.0
O08065,P0187,2,0.0
O08065,P0177,1,0.0
O08066,P0135,1,0.1
O08066,P0017,1,0.0
O08066,P0020,1,0.1
O08067,P0025,1,0.0
O08068,P0184,4,0.0
O08068,P0117,1,0.05
O08068,P0096,2,0.0
O08069,P0024,1,0.0
O08069,P0163,1,0.0
O08070,P0192,1,0.0
O08071,P0175,1,0.0
O08072,P0043,1,0.1
O08072,P0160,1,0.0
O08073,P0165,2,0.05
O08073,P0158,1,0.1
O08074,P0155,4,0.15
O08074,P0049,2,0.0
O08074,P0117,2,0.15
O08075,P0173,2,0.05
O08076,P0018,1,0.0
O08077,P0079,1,0.0
O08077,P0154,1,0.0
O08078,P0041,1,0.1
O08078,P0197,2,0.05
O08079,P0057,2,0.0
O08080,P0037,2,0.1
O08080,P0151,1,0.05
O08081,P0189,3,0.0
O08081,P0060,1,0.05
O08082,P0119,1,0.0
O08082,P0014,3,0.0
O08083,P0124,1,0.1
O08083,P0090,1,0.05
O08083,P0157,1,0.1
O08083,P0115,1,0.05
O08084,P0093,1,0.0
O08085,P0046,4,0.05
O08085,P0076,2,0.0
O08086,P0134,1,0.05
O08086,P0100,1,0.0
O08087,P0081,1,0.0
O08087,P0169,1,0.0
O08088,P0021,1,0.05
O08088,P0140,1,0.2
O08089,P0050,3,0.0
O08089,P0188,2,0.0
O08089,P0151,1,0.05
O08089,P0070,2,0.0
O08090,P0088,5,0.05
O08090,P0024,1,0.0
O08091,P0031,1,0.05
O08091,P0039,2,0.0
O08091,P0092,1,0.1
O08092,P0062,3,0.15
O08092,P0192,2,0.0
O08093,P0149,1,0.0
O08093,P0096,1,0.0
O08094,P0042,1,0.15
O08094,P0164,2,0.2
O08095,P0067,1,0.05
O08095,P0190,4,0.1
O08096,P0086,2,0.1
O08096,P0115,1,0.05
O08096,P0046,1,0.05
O08097,P0197,2,0.0
O08097,P0122,3,0.15
O08097,P0140,1,0.05
O08098,P0149,2,0.05
O08099,P0101,1,0.1
O08100,P0078,3,0.15
O08100,P0027,2,0.0
O08101,P0021,5,0.0
O08101,P0065,1,0.0
O08102,P0014,1,0.05
O08103,P0041,5,0.05
O08103,P0063,3,0.0
O08103,P0145,2,0.0
O08104,P0113,2,0.1
O08105,P0018,2,0.05
O08105,P0168,3,0.0
O08106,P0142,1,0.05
O08107,P0090,1,0.1
O08107,P0013,4,0.05
O08107,P0128,2,0.15
O08108,P0071,1,0.1
O08108,P0037,2,0.05
O08108,P0188,1,0.1
O08109,P0131,1,0.0
O08109,P0074,1,0.15
O08110,P0043,1,0.1
O08110,P0185,1,0.0
O08110,P0133,1,0.05
O08111,P0113,1,0.0
O08111,P0014,1,0.0
O08112,P0093,1,0.0
O08113,P0168,3,0.15
O08113,P0129,2,0.0
O08113,P0105,1,0.15
O08114,P0126,4,0.15
O08115,P0191,4,0.05
O08115,P0094,1,0.0
O08116,P0072,1,0.05
O08116,P0019,1,0.15
O08117,P0053,3,0.05
O08118,P0081,2,0.05
O08118,P0001,1,0.1
O08119,P0080,1,0.0
O08119,P0174,1,0.05
O08120,P0161,1,0.0
O08120,P0063,2,0.0
O08121,P0071,5,0.1
O08121,P0095,1,0.05
O08122,P0047,2,0.0
O08123,P0002,2,0.0
O08124,P0096,2,0.1
O08125,P0148,1,0.0
O08126,P0179,2,0.15
O08127,P0009,2,0.05
O08127,P0086,3,0.0
O08128,P0114,3,0.1
O08129,P0024,3,0.05
O08130,P0099,2,0.0
O08131,P0178,3,0.05
O08132,P0179,2,0.0
O08132,P0011,1,0.05
O08133,P0051,1,0.0
O08133,P0086,2,0.05
O08134,P0171,3,0.05
O08135,P0117,1,0.0
O08135,P0112,1,0.0
O08135,P0164,3,0.0
O08136,P0189,1,0.1
O08137,P0184,2,0.05
O08137,P0023,3,0.1
O08137,P0007,1,0.0
O08138,P0001,1,0.1
O08139,P0131,3,0.05
O08139,P0028,1,0.15
O08140,P0073,1,0.05
O08140,P0109,2,0.05
O08141,P0001,1,0.05
O08142,P0183,3,0.05
O08142,P0126,1,0.0
O08142,P0069,1,0.15
O08142,P0018,1,0.0
O08143,P0169,1,0.15
O08143,P0109,1,0.0
O08144,P0078,2,0.15
O08144,P0004,4,0.1
O08145,P0184,1,0.0
O08145,P0186,1,0.05
O08145,P0153,1,0.0
O08146,P0122,2,0.0
O08146,P0075,3,0.0
O08147,P0187,2,0.15
O08148,P0017,2,0.1
O08149,P0174,1,0.0
O08149,P0140,2,0.0
O08150,P0101,1,0.05
O08150,P0009,2,0.05
O08151,P0151,3,0.05
O08152,P0163,2,0.2
O08153,P0034,1,0.05
O08153,P0163,1,0.15
O08153,P0155,1,0.05
O08154,P0014,3,0.0
O08154,P0054,2,0.05
O08155,P0127,1,0.0
O08156,P0172,5,0.0
O08156,P0064,4,0.15
O08157,P0173,1,0.2
O08157,P0123,3,0.0
O08158,P0083,2,0.0
O08159,P0134,1,0.05
O08159,P0042,2,0.05
O08160,P0074,1,0.0
O08160,P0078,3,0.0
O08161,P0170,1,0.0
O08161,P0087,1,0.0
O08161,P0001,2,0.05
O08162,P0169,3,0.1
O08162,P0033,1,0.1
O08162,P0179,1,0.15
O08163,P0050,3,0.05
O08163,P0143,4,0.05
O08163,P0182,3,0.1
O08164,P0104,1,0.1
O08164,P0050,2,0.0
O08164,P0185,1,0.1
O08165,P0134,2,0.15
O08165,P0084,3,0.15
O08166,P0059,2,0.0
O08166,P0025,3,0.05
O08166,P0011,2,0.2
O08167,P0014,3,0.0
O08167,P0042,1,0.05
O08168,P0007,2,0.05
O08168,P0190,3,0.1
O08169,P0027,4,0.0
O08169,P0159,1,0.0
O08170,P0161,1,0.0
O08170,P0003,1,0.0
O08171,P0019,1,0.0
O08171,P0047,1,0.05
O08172,P0107,1,0.0
O08172,P0178,3,0.05
O08173,P0190,4,0.0
O08173,P0196,1,0.05
O08173,P0172,1,0.1
O08174,P0092,3,0.1
O08175,P0112,3,0.0
O08175,P0200,1,0.15
O08176,P0189,2,0.1
O08177,P0005,3,0.1
O08178,P0048,1,0.15
O08179,P0018,1,0.05
O08180,P0101,3,0.05
O08180,P0096,2,0.15
O08181,P0092,4,0.0
O08181,P0171,1,0.1
O08182,P0138,1,0.05
O08182,P0165,1,0.0
O08183,P0166,1,0.0
O08183,P0022,2,0.05
O08184,P0028,1,0.05
O08184,P0175,1,0.0
O08184,P0187,1,0.05
O08185,P0007,3,0.05
O08186,P0017,2,0.05
O08186,P0035,4,0.1
O08186,P0019,1,0.15
O08187,P0154,1,0.2
O08188,P0004,2,0.0
O08188,P0082,2,0.1
O08189,P0109,3,0.05
O08189,P0179,2,0.05
O08190,P0091,1,0.15
O08190,P0199,3,0.0
O08190,P0025,3,0.0
O08191,P0183,1,0.0
O08191,P0080,2,0.1
O08192,P0197,1,0.0
O08192,P0004,3,0.0
O08193,P0005,3,0.05
O08193,P0035,1,0.0
O08194,P0101,4,0.15
O08194,P0169,2,0.0
O08195,P0033,3,0.0
O08195,P0037,3,0.0
O08196,P0021,1,0.0
O08197,P0161,3,0.0
O08197,P0197,1,0.0
O08197,P0193,4,0.0
O08198,P0050,1,0.05
O08199,P0028,4,0.05
O08200,P0106,3,0.05
O08200,P0116,1,0.0
O08201,P0035,1,0.15
O08201,P0103,4,0.05
O08202,P0124,1,0.05
O08203,P0161,3,0.0
O08204,P0036,5,0.05
O08205,P0116,1,0.15
O08205,P0018,3,0.0
O08205,P0113,2,0.0
O08206,P0092,2,0.1
O08206,P0149,2,0.0
O08206,P0173,2,0.1
O08207,P0187,1,0.15
O08207,P0087,2,0.0
O08208,P0096,1,0.15
O08209,P0185,1,0.05
O08210,P0040,1,0.1
O08210,P0095,1,0.1
O08211,P0200,4,0.05
O08211,P0140,1,0.05
O08212,P0129,2,0.1
O08212,P0195,2,0.1
O08213,P0032,2,0.0
O08213,P0023,1,0.05
O08213,P0153,5,0.0
O08214,P0129,2,0.0
O08214,P0137,4,0.0
O08214,P0098,1,0.0
O08215,P0098,4,0.05
O08215,P0177,4,0.05
O08216,P0049,2,0.05
O08217,P0075,1,0.05
O08217,P0124,1,0.0
O08218,P0176,1,0.0
O08218,P0058,1,0.0
O08219,P0014,1,0.05
O08219,P0064,1,0.05
O08220,P0170,1,0.0
O08221,P0124,2,0.1
O08221,P0118,5,0.1
O08221,P0166,1,0.05
O08221,P0053,2,0.2
O08222,P0169,1,0.05
O08222,P0082,1,0.1
O08223,P0194,5,0.0
O08223,P0159,2,0.1
O08223,P0050,1,0.0
O08224,P0145,3,0.0
O08225,P0079,2,0.0
O08226,P0124,3,0.05
O08226,P0141,2,0.2
O08226,P0125,1,0.1
O08227,P0154,2,0.05
O08227,P0034,1,0.05
O08227,P0050,1,0.15
O08228,P0098,2,0.0
O08228,P0021,1,0.0
O08229,P0108,4,0.05
O08229,P0145,3,0.1
O08230,P0031,5,0.0
O08230,P0050,5,0.15
O08231,P0160,1,0.05
O08232,P0099,2,0.0
O08233,P0181,1,0.1
O08234,P0128,4,0.0
O08234,P0001,4,0.05
O08235,P0187,2,0.0
O08235,P0123,5,0.0
O08236,P0182,2,0.1
O08237,P0153,3,0.05
O08237,P0131,1,0.0
O08238,P0011,3,0.05
O08238,P0170,1,0.05
O08239,P0164,2,0.1
O08239,P0003,1,0.0
O08240,P0107,1,0.0
O08240,P0027,2,0.05
O08241,P0024,1,0.0
O08241,P0096,3,0.05
O08242,P0104,4,0.0
O08243,P0012,1,0.2
O08243,P0073,3,0.0
O08244,P0172,2,0.05
O08244,P0084,3,0.0
O08244,P0192,1,0.2
O08245,P0121,3,0.0
O08245,P0074,1,0.1
O08246,P0098,2,0.0
O08246,P0021,4,0.05
O08247,P0026,1,0.0
O08247,P0115,1,0.05
O08248,P0079,1,0.1
O08248,P0136,3,0.2
O08248,P0194,3,0.0
O08249,P0186,2,0.05
O08249,P0049,3,0.05
O08249,P0003,3,0.0
O08250,P0143,2,0.05
O08251,P0136,1,0.0
O08252,P0180,5,0.05
O08252,P0176,1,0.15
O08252,P0070,2,0.0
O08253,P0091,4,0.05
O08254,P0030,1,0.05
O08254,P0086,1,0.15
O08255,P0072,2,0.05
O08256,P0019,1,0.05
O08256,P0006,5,0.0
O08256,P0065,3,0.0
O08257,P0157,1,0.05
O08257,P0118,2,0.15
O08258,P0147,4,0.05
O08258,P0042,1,0.2
O08259,P0044,4,0.0
O08259,P0071,1,0.05
O08260,P0169,4,0.0
O08260,P0187,1,0.0
O08261,P0120,2,0.1
O08262,P0050,3,0.05
O08262,P0017,1,0.05
O08263,P0127,2,0.05
O08264,P0002,2,0.05
O08264,P0015,1,0.0
O08265,P0170,2,0.05
O08265,P0143,1,0.0
O08266,P0024,1,0.05
O08266,P0121,5,0.0
O08266,P0010,2,0.15
O08267,P0018,1,0.2
O08267,P0134,1,0.15
O08268,P0182,4,0.05
O08268,P0145,3,0.05
O08268,P0015,1,0.0
O08269,P0096,1,0.05
O08269,P0011,2,0.05
O08269,P0040,1,0.0
O08270,P0089,2,0.05
O08271,P0164,3,0.05
O08271,P0083,4,0.0
O08272,P0146,4,0.0
O08272,P0119,2,0.0
O08273,P0135,5,0.15
O08274,P0050,2,0.0
O08274,P0128,2,0.0
O08275,P0074,1,0.1
O08276,P0192,1,0.05
O08276,P0051,1,0.05
O08277,P0111,2,0.15
O08277,P0097,1,0.1
O08278,P0190,1,0.0
O08279,P0108,1,0.2
O08279,P0044,2,0.0
O08280,P0132,1,0.1
O08280,P0154,1,0.05
O08281,P0117,2,0.0
O08282,P0032,1,0.15
O08283,P0058,1,0.05
O08283,P0163,1,0.05
O08284,P0122,2,0.1
O08284,P0095,1,0.0
O08285,P0092,1,0.15
O08286,P0072,2,0.05
O08286,P0111,3,0.0
O08286,P0176,1,0.0
O08287,P0200,1,0.1
O08287,P0071,5,0.15
O08288,P0176,2,0.0
O08288,P0086,3,0.0
O08288,P0155,3,0.0
O08289,P0003,3,0.05
O08289,P0134,1,0.1
O08290,P0174,1,0.2
O08290,P0195,2,0.0
O08290,P0175,4,0.15
O08291,P0090,1,0.05
O08292,P0005,5,0.0
O08293,P0040,1,0.15
O08293,P0151,1,0.0
O08293,P0084,1,0.05
O08294,P0135,2,0.1
O08294,P0142,1,0.0
O08294,P0014,1,0.05
O08295,P0168,2,0.2
O08295,P0113,5,0.0
O08295,P0189,1,0.05
O08295,P0194,4,0.0
O08296,P0111,1,0.1
O08296,P0198,1,0.2
O08297,P0003,1,0.0
O08298,P0075,1,0.1
O08299,P0018,1,0.15
O08300,P0023,2,0.0
O08300,P0146,1,0.0
O08301,P0116,2,0.1
O08301,P0014,1,0.2
O08302,P0014,1,0.05
O08302,P0101,2,0.0
O08303,P0107,3,0.0
O08304,P0020,1,0.1
O08304,P0025,2,0.1
O08305,P0048,1,0.05
O08305,P0157,2,0.1
O08306,P0002,1,0.05
O08307,P0159,1,0.15
O08307,P0062,1,0.05
O08308,P0062,1,0.2
O08309,P0120,2,0.1
O08310,P0166,2,0.0
O08311,P0043,5,0.0
O08311,P0168,1,0.0
O08312,P0113,3,0.0
O08312,P0006,1,0.05
O08313,P0062,2,0.15
O08313,P0026,1,0.0
O08314,P0005,2,0.0
O08314,P0045,1,0.0
O08314,P0044,3,0.0
O08315,P0080,1,0.0
O08315,P0116,2,0.1
O08316,P0097,1,0.1
O08316,P0038,1,0.0
O08317,P0008,1,0.2
O08317,P0125,4,0.05
O08318,P0135,3,0.05
O08319,P0100,2,0.0
O08319,P0001,1,0.1
O08319,P0072,3,0.05
O08320,P0063,3,0.0
O08320,P0016,1,0.05
O08321,P0138,4,0.0
O08321,P0178,3,0.05
O08321,P0146,1,0.1
O08322,P0034,1,0.0
O08323,P0061,2,0.0
O08323,P0191,3,0.0
O08323,P0083,1,0.05
O08324,P0090,3,0.05
O08325,P0065,1,0.2
O08325,P0076,3,0.05
O08326,P0160,1,0.0
O08326,P0009,1,0.0
O08326,P0003,1,0.05
O08327,P0104,1,0.05
O08327,P0044,1,0.05
O08327,P0163,3,0.1
O08328,P0156,3,0.0
O08329,P0143,1,0.15
O08330,P0059,1,0.1
O08331,P0170,2,0.0
O08331,P0022,2,0.05
O08332,P0033,1,0.0
O08332,P0170,4,0.05
O08333,P0070,1,0.1
O08333,P0077,2,0.0
O08334,P0046,2,0.0
O08334,P0064,5,0.0
O08335,P0016,1,0.15
O08335,P0100,2,0.05
O08335,P0148,2,0.05
O08336,P0108,2,0.05
O08336,P0149,1,0.05
O08337,P0072,3,0.1
O08337,P0083,3,0.05
O08338,P0117,2,0.0
O08339,P0178,3,0.0
O08339,P0180,2,0.0
O08340,P0017,3,0.05
O08341,P0025,1,0.0
O08341,P0015,3,0.05
O08341,P0075,4,0.0
O08342,P0133,1,0.15
O08343,P0096,3,0.1
O08343,P0195,1,0.05
O08343,P0023,2,0.0
O08344,P0043,3,0.0
O08345,P0189,1,0.0
O08345,P0126,1,0.1
O08346,P0172,1,0.0
O08347,P0007,1,0.05
O08347,P0056,2,0.05
O08348,P0070,1,0.0
O08349,P0121,2,0.0
O08349,P0154,2,0.15
O08350,P0190,3,0.0
O08350,P0131,2,0.05
O08350,P0170,2,0.05
O08351,P0056,2,0.1
O08351,P0075,2,0.1
O08351,P0165,1,0.05
O08352,P0040,2,0.1
O08352,P0075,2,0.0
O08352,P0101,1,0.1
O08353,P0067,1,0.0
O08353,P0118,1,0.05
O08354,P0045,2,0.05
O08355,P0104,3,0.0
O08356,P0014,1,0.1
O08356,P0178,2,0.0
O08356,P0079,3,0.15
O08357,P0078,1,0.1
O08357,P0111,1,0.05
O08358,P0040,1,0.05
O08358,P0125,1,0.05
O08358,P0097,2,0.05
O08359,P0062,1,0.05
O08360,P0104,5,0.15
O08361,P0075,2,0.1
O08361,P0069,1,0.05
O08362,P0085,2,0.05
O08362,P0092,1,0.1
O08362,P0112,2,0.1
O08363,P0054,2,0.1
O08363,P0179,2,0.1
O08364,P0006,4,0.0
O08365,P0049,1,0.0
O08366,P0114,2,0.05
O08366,P0152,1,0.1
O08367,P0093,1,0.0
O08367,P0136,2,0.0
O08368,P0049,1,0.05
O08368,P0149,3,0.0
O08368,P0009,1,0.1
O08368,P0184,2,0.05
O08369,P0124,2,0.05
O08369,P0174,1,0.0
O08370,P0192,1,0.15
O08370,P0004,3,0.0
O08371,P0168,1,0.0
O08372,P0080,5,0.2
O08373,P0171,3,0.1
O08374,P0022,1,0.15
O08374,P0111,3,0.0
O08374,P0050,1,0.05
O08375,P0173,2,0.15
O08375,P0085,2,0.15
O08375,P0091,1,0.0
O08375,P0147,1,0.0
O08376,P0019,3,0.15
O08376,P0059,1,0.05
O08376,P0100,1,0.0
O08377,P0139,2,0.1
O08377,P0119,1,0.0
O08378,P0024,3,0.0
O08378,P0072,2,0.0
O08378,P0173,1,0.2
O08379,P0001,3,0.0
O08379,P0178,1,0.0
O08380,P0098,1,0.05
O08380,P0045,1,0.0
O08381,P0190,1,0.2
O08381,P0106,1,0.0
O08382,P0161,1,0.15
O08383,P0186,1,0.05
O08383,P0053,1,0.05
O08383,P0108,3,0.0
O08384,P0178,2,0.0
O08384,P0016,2,0.05
O08385,P0175,3,0.05
O08386,P0185,3,0.05
O08386,P0085,1,0.05
O08386,P0022,3,0.05
O08386,P0011,3,0.1
O08387,P0060,1,0.1
O08387,P0111,1,0.1
O08388,P0149,4,0.2
O08389,P0171,1,0.15
O08390,P0116,3,0.15
O08390,P0126,1,0.05
O08390,P0090,2,0.0
O08390,P0005,1,0.15
O08391,P0059,1,0.0
O08391,P0139,5,0.1
O08392,P0077,4,0.05
O08392,P0154,1,0.1
O08392,P0029,1,0.0
O08393,P0064,1,0.0
O08393,P0152,1,0.2
O08394,P0153,3,0.2
O08395,P0173,1,0.05
O08396,P0044,1,0.2
O08396,P0119,1,0.1
O08396,P0151,1,0.0
O08396,P0167,2,0.1
O08397,P0121,4,0.0
O08398,P0159,3,0.0
O08399,P0115,2,0.0
O08400,P0123,1,0.0
O08400,P0105,1,0.0
O08401,P0072,1,0.15
O08401,P0110,3,0.0
O08402,P0186,1,0.05
O08402,P0121,2,0.05
O08403,P0184,1,0.0
O08403,P0050,1,0.05
O08404,P0121,5,0.15
O08405,P0091,1,0.1
O08406,P0182,1,0.1
O08407,P0033,2,0.05
O08407,P0047,3,0.0
O08408,P0183,4,0.0
O08409,P0080,1,0.15
O08409,P0191,2,0.05
O08410,P0093,1,0.15
O08410,P0131,4,0.15
O08410,P0054,1,0.0
O08411,P0102,1,0.0
O08411,P0064,3,0.0
O08411,P0194,1,0.1
O08412,P0067,1,0.15
O08412,P0103,2,0.0
O08412,P0105,1,0.1
O08413,P0140,1,0.0
O08414,P0133,2,0.1
O08414,P0015,1,0.0
O08415,P0096,2,0.05
O08415,P0072,3,0.15
O08416,P0181,1,0.05
O08416,P0056,2,0.0
O08417,P0196,3,0.15
O08417,P0035,1,0.1
O08417,P0175,1,0.05
O08418,P0027,1,0.0
O08418,P0188,4,0.0
O08419,P0193,1,0.15
O08419,P0066,4,0.0
O08419,P0122,2,0.0
O08420,P0046,1,0.0
O08420,P0108,1,0.2
O08421,P0013,1,0.05
O08422,P0069,1,0.0
O08422,P0054,3,0.05
O08422,P0061,2,0.1
O08422,P0183,1,0.0
O08423,P0179,5,0.0
O08423,P0076,1,0.0
O08424,P0176,1,0.1
O08424,P0131,1,0.15
O08425,P0038,1,0.0
O08426,P0174,2,0.1
O08426,P0199,2,0.15
O08427,P0011,1,0.0
O08428,P0054,4,0.0
O08428,P0123,4,0.05
O08428,P0085,1,0.15
O08429,P0159,2,0.05
O08429,P0037,2,0.05
O08429,P0081,1,0.05
O08430,P0080,2,0.0
O08430,P0107,4,0.0
O08431,P0101,3,0.0
O08431,P0149,3,0.0
O08432,P0165,2,0.05
O08432,P0120,1,0.05
O08432,P0109,2,0.0
O08433,P0120,1,0.2
O08433,P0179,1,0.1
O08434,P0179,1,0.15
O08434,P0018,2,0.05
O08435,P0067,1,0.05
O08435,P0093,2,0.05
O08436,P0155,1,0.15
O08436,P0175,2,0.1
O08437,P0016,4,0.0
O08438,P0160,1,0.05
O08439,P0039,3,0.0
O08440,P0072,2,0.0
O08441,P0197,1,0.0
O08442,P0115,4,0.0
O08442,P0004,1,0.0
O08443,P0046,2,0.2
O08443,P0019,2,0.05
O08444,P0120,3,0.0
O08445,P0066,3,0.1
O08446,P0044,1,0.1
O08447,P0041,1,0.0
O08447,P0101,3,0.1
O08448,P0064,2,0.0
O08449,P0099,2,0.0
O08450,P0181,2,0.0
O08450,P0091,1,0.15
O08451,P0026,1,0.1
O08452,P0109,2,0.05
O08452,P0082,2,0.0
O08452,P0182,1,0.0
O08453,P0007,1,0.15
O08453,P0081,1,0.0
O08454,P0137,1,0.0
O08454,P0127,1,0.05
O08455,P0146,4,0.0
O08456,P0035,2,0.0
O08457,P0137,1,0.05
O08458,P0105,3,0.0
O08458,P0020,1,0.1
O08459,P0088,1,0.0
O08459,P0045,4,0.05
O08460,P0002,2,0.05
O08461,P0009,4,0.1
O08461,P0054,1,0.1
O08462,P0128,1,0.0
O08463,P0153,1,0.0
O08463,P0084,2,0.0
O08463,P0052,1,0.0
O08463,P0128,1,0.0
O08464,P0001,2,0.0
O08465,P0109,1,0.15
O08466,P0153,5,0.05
O08467,P0063,3,0.0
O08467,P0102,2,0.1
O08468,P0009,1,0.0
O08469,P0188,3,0.0
O08469,P0101,2,0.0
O08470,P0070,3,0.15
O08470,P0084,2,0.0
O08470,P0165,4,0.15
O08471,P0040,1,0.0
O08472,P0026,1,0.05
O08472,P0110,1,0.1
O08473,P0068,1,0.2
O08473,P0041,3,0.05
O08473,P0098,2,0.05
O08474,P0117,1,0.0
O08474,P0134,1,0.0
O08475,P0030,2,0.1
O08475,P0178,1,0.0
O08475,P0098,4,0.0
O08476,P0105,1,0.0
O08477,P0048,3,0.0
O08478,P0107,3,0.05
O08478,P0075,3,0.0
O08478,P0096,3,0.1
O08479,P0030,5,0.05
O08479,P0129,1,0.0
O08480,P0149,1,0.05
O08481,P0124,4,0.0
O08482,P0142,3,0.2
O08483,P0082,3,0.05
O08483,P0045,1,0.0
O08484,P0100,1,0.0
O08484,P0022,3,0.1
O08485,P0152,1,0.1
O08486,P0132,1,0.05
O08487,P0154,2,0.0
O08488,P0005,2,0.0
O08488,P0149,3,0.05
O08489,P0026,2,0.0
O08489,P0183,3,0.05
O08489,P0013,1,0.0
O08489,P0175,2,0.05
O08490,P0194,1,0.0
O08491,P0047,3,0.2
O08491,P0057,1,0.1
O08492,P0096,1,0.2
O08492,P0056,1,0.2
O08493,P0103,1,0.1
O08493,P0169,4,0.0
O08494,P0120,2,0.1
O08494,P0068,2,0.0
O08495,P0199,1,0.05
O08496,P0012,2,0.15
O08496,P0144,2,0.1
O08497,P0132,1,0.05
O08497,P0188,1,0.0
O08497,P0080,3,0.0
O08497,P0140,1,0.05
O08498,P0012,1,0.1
O08499,P0120,2,0.1
O08499,P0008,1,0.1
O08500,P0049,1,0.15
O08500,P0148,1,0.05
O08500,P0095,3,0.0
O08501,P0057,5,0.05
O08502,P0004,2,0.0
O08502,P0002,1,0.0
O08502,P0123,1,0.0
O08503,P0099,1,0.15
O08503,P0026,1,0.0
O08503,P0095,3,0.0
O08504,P0174,4,0.0
O08504,P0183,1,0.05
O08505,P0110,1,0.1
O08505,P0019,1,0.05
O08505,P0005,1,0.1
O08505,P0002,2,0.05
O08506,P0140,1,0.05
O08506,P0060,1,0.1
O08507,P0171,1,0.0
O08507,P0014,1,0.15
O08507,P0018,2,0.2
O08508,P0063,1,0.0
O08508,P0175,2,0.05
O08509,P0185,4,0.0
O08509,P0182,3,0.0
O08510,P0108,4,0.0
O08510,P0014,1,0.15
O08511,P0148,1,0.1
O08511,P0082,1,0.0
O08512,P0012,2,0.0
O08513,P0044,1,0.0
O08514,P0067,2,0.1
O08514,P0172,4,0.1
O08515,P0036,2,0.0
O08515,P0031,4,0.05
O08515,P0144,1,0.1
O08516,P0099,1,0.0
O08517,P0141,1,0.05
O08517,P0002,2,0.05
O08518,P0009,4,0.15
O08518,P0061,2,0.0
O08519,P0022,2,0.05
O08520,P0160,2,0.0
O08520,P0060,1,0.1
O08520,P0107,1,0.05
O08521,P0056,1,0.0
O08521,P0045,1,0.1
O08521,P0132,2,0.0
O08522,P0094,2,0.05
O08522,P0061,1,0.05
O08523,P0190,2,0.0
O08524,P0049,3,0.15
O08524,P0132,3,0.0
O08525,P0062,3,0.0
O08526,P0170,1,0.05
O08526,P0171,1,0.0
O08526,P0086,1,0.0
O08527,P0112,1,0.1
O08528,P0102,4,0.0
O08528,P0020,1,0.05
O08528,P0103,1,0.2
O08529,P0171,1,0.05
O08529,P0005,2,0.05
O08530,P0104,1,0.0
O08531,P0164,1,0.2
O08532,P0003,2,0.0
O08532,P0056,2,0.1
O08533,P0036,2,0.15
O08533,P0148,1,0.05
O08534,P0086,2,0.05
O08534,P0188,1,0.05
O08535,P0195,4,0.05
O08535,P0109,1,0.05
O08536,P0027,3,0.2
O08536,P0130,1,0.0
O08537,P0172,1,0.0
O08537,P0051,1,0.0
O08537,P0045,5,0.0
O08538,P0007,4,0.0
O08538,P0005,2,0.0
O08539,P0161,3,0.15
O08540,P0015,1,0.0
O08540,P0011,3,0.1
O08541,P0180,1,0.15
O08541,P0042,1,0.2
O08542,P0061,1,0.05
O08542,P0160,1,0.0
O08542,P0182,2,0.05
O08543,P0059,1,0.0
O08543,P0078,2,0.0
O08543,P0126,2,0.0
O08544,P0144,1,0.1
O08544,P0027,4,0.0
O08545,P0118,2,0.15
O08546,P0198,4,0.0
O08546,P0141,1,0.0
O08546,P0037,1,0.1
O08547,P0187,1,0.15
O08548,P0182,1,0.05
O08548,P0149,1,0.0
O08548,P0145,1,0.15
O08549,P0106,5,0.0
O08549,P0178,1,0.1
O08549,P0046,2,0.05
O08550,P0070,1,0.05
O08550,P0106,1,0.0
O08551,P0135,2,0.05
O08551,P0020,1,0.0
O08551,P0041,1,0.05
O08552,P0094,1,0.0
O08552,P0117,5,0.1
O08553,P0186,2,0.05
O08553,P0031,2,0.05
O08553,P0158,2,0.05
O08553,P0088,3,0.05
O08554,P0168,1,0.05
O08554,P0083,5,0.0
O08555,P0089,2,0.0
O08555,P0170,4,0.05
O08556,P0090,1,0.05
O08556,P0042,1,0.1
O08556,P0199,3,0.05
O08557,P0116,2,0.0
O08557,P0027,1,0.1
O08558,P0087,2,0.0
O08558,P0033,2,0.05
O08559,P0164,2,0.1
O08560,P0146,1,0.1
O08560,P0006,2,0.0
O08561,P0095,2,0.05
O08561,P0037,2,0.1
O08562,P0052,1,0.05
O08562,P0066,4,0.0
O08563,P0023,2,0.05
O08563,P0065,2,0.0
O08564,P0035,1,0.1
O08565,P0102,1,0.05
O08566,P0047,1,0.2
O08566,P0102,1,0.0
O08566,P0139,3,0.15
O08567,P0111,2,0.0
O08567,P0007,2,0.05
O08568,P0061,1,0.05
O08569,P0108,1,0.15
O08569,P0047,2,0.15
O08569,P0029,2,0.0
O08570,P0105,3,0.05
O08570,P0033,1,0.0
O08570,P0072,1,0.0
O08571,P0170,1,0.2
O08571,P0165,3,0.1
O08572,P0154,1,0.1
O08573,P0039,1,0.15
O08574,P0131,3,0.15
O08574,P0173,4,0.0
O08575,P0100,2,0.05
O08575,P0143,1,0.05
O08576,P0095,3,0.0
O08577,P0165,4,0.05
O08577,P0043,1,0.05
O08577,P0199,2,0.0
O08578,P0169,3,0.05
O08579,P0090,1,0.05
O08579,P0156,1,0.1
O08580,P0167,1,0.1
O08580,P0127,1,0.0
O08581,P0195,1,0.0
O08581,P0139,1,0.0
O08581,P0140,1,0.0
O08582,P0062,1,0.0
O08582,P0022,4,0.0
O08583,P0019,3,0.05
O08584,P0053,1,0.05
O08585,P0101,1,0.0
O08586,P0051,2,0.1
O08586,P0183,2,0.05
O08587,P0118,1,0.0
O08587,P0069,2,0.0
O08588,P0152,1,0.05
O08588,P0151,1,0.0
O08589,P0138,1,0.1
O08590,P0053,1,0.0
O08591,P0098,1,0.0
O08591,P0119,1,0.0
O08592,P0040,2,0.0
O08592,P0084,1,0.15
O08593,P0047,1,0.0
O08593,P0121,1,0.1
O08594,P0116,1,0.05
O08594,P0019,3,0.2
O08595,P0052,1,0.05
O08596,P0068,3,0.0
O08596,P0120,1,0.05
O08596,P0011,2,0.05
O08597,P0160,1,0.05
O08597,P0063,3,0.1
O08598,P0189,1,0.05
O08599,P0026,4,0.0
O08599,P0005,3,0.1
O08600,P0003,2,0.05
O08600,P0091,1,0.0
O08601,P0015,2,0.05
O08601,P0138,2,0.05
O08602,P0116,2,0.0
O08602,P0137,3,0.0
O08603,P0165,3,0.1
O08603,P0168,1,0.0
O08604,P0186,1,0.1
O08605,P0015,2,0.2
O08605,P0025,1,0.05
O08605,P0142,1,0.1
O08605,P0076,2,0.05
O08606,P0014,1,0.15
O08606,P0019,1,0.05
O08607,P0161,1,0.05
O08607,P0148,2,0.0
O08608,P0026,1,0.1
O08609,P0005,1,0.0
O08609,P0187,2,0.1
O08610,P0193,1,0.0
O08610,P0066,1,0.0
O08611,P0016,2,0.1
O08611,P0157,2,0.05
O08612,P0184,4,0.0
O08612,P0022,4,0.0
O08612,P0176,2,0.1
O08613,P0157,4,0.05
O08613,P0186,1,0.15
O08614,P0002,3,0.1
O08614,P0072,2,0.0
O08614,P0124,2,0.1
O08615,P0018,3,0.15
O08616,P0028,2,0.0
O08617,P0083,1,0.05
O08617,P0161,4,0.15
O08617,P0185,1,0.1
O08618,P0150,1,0.0
O08619,P0111,1,0.0
O08619,P0068,1,0.05
O08620,P0091,2,0.05
O08620,P0037,1,0.0
O08621,P0188,5,0.1
O08621,P0057,5,0.1
O08622,P0065,2,0.0
O08622,P0073,2,0.0
O08622,P0036,2,0.1
O08623,P0049,1,0.0
O08623,P0077,1,0.0
O08623,P0017,3,0.0
O08624,P0133,2,0.0
O08624,P0112,2,0.05
O08625,P0137,4,0.0
O08626,P0142,3,0.0
O08626,P0044,2,0.0
O08626,P0049,2,0.05
O08627,P0038,1,0.0
O08628,P0034,4,0.0
O08628,P0169,2,0.05
O08628,P0158,1,0.15
O08629,P0057,4,0.0
O08630,P0015,1,0.1
O08630,P0139,2,0.05
O08631,P0148,1,0.1
O08631,P0190,2,0.15
O08632,P0149,1,0.1
O08632,P0116,1,0.05
O08632,P0090,3,0.15
O08632,P0188,3,0.0
O08633,P0131,1,0.0
O08633,P0120,2,0.05
O08634,P0165,2,0.0
O08634,P0002,2,0.1
O08635,P0165,2,0.1
O08635,P0011,1,0.0
O08635,P0103,1,0.0
O08636,P0185,2,0.05
O08637,P0148,2,0.0
O08637,P0123,2,0.1
O08638,P0022,1,0.05
O08638,P0147,1,0.0
O08638,P0121,1,0.0
O08639,P0199,2,0.15
O08640,P0110,2,0.0
O08640,P0115,1,0.05
O08641,P0166,1,0.0
O08641,P0129,3,0.15
O08642,P0074,2,0.05
O08642,P0104,3,0.0
O08642,P0154,2,0.0
O08642,P0064,2,0.15
O08643,P0105,4,0.0
O08643,P0063,1,0.15
O08644,P0003,1,0.1
O08644,P0063,4,0.1
O08645,P0065,1,0.15
O08645,P0166,1,0.0
O08646,P0140,1,0.05
O08646,P0071,5,0.05
O08646,P0168,3,0.15
O08647,P0101,1,0.05
O08647,P0197,2,0.0
O08648,P0161,2,0.15
O08648,P0133,2,0.0
O08649,P0189,3,0.0
O08649,P0148,3,0.05
O08649,P0043,1,0.0
O08650,P0026,1,0.0
O08650,P0164,1,0.15
O08651,P0098,3,0.05
O08651,P0126,1,0.0
O08651,P0071,1,0.0
O08652,P0019,2,0.05
O08652,P0114,1,0.05
O08653,P0128,2,0.05
O08653,P0192,1,0.0
O08653,P0079,3,0.05
O08653,P0186,1,0.05
O08654,P0168,5,0.0
O08654,P0084,2,0.0
O08655,P0024,2,0.1
O08655,P0192,4,0.0
O08655,P0031,3,0.0
O08656,P0061,3,0.0
O08657,P0153,1,0.0
O08657,P0070,2,0.05
O08657,P0178,2,0.0
O08658,P0071,1,0.15
O08659,P0049,1,0.05
O08660,P0010,1,0.05
O08661,P0083,3,0.1
O08662,P0100,1,0.1
O08663,P0077,1,0.0
O08663,P0134,2,0.05
O08664,P0162,1,0.0
O08664,P0104,2,0.2
O08665,P0013,1,0.0
O08665,P0101,1,0.15
O08666,P0191,2,0.0
O08666,P0149,1,0.1
O08666,P0153,2,0.15
O08667,P0154,1,0.0
O08667,P0176,1,0.0
O08667,P0003,1,0.2
O08668,P0012,2,0.0
O08668,P0010,4,0.2
O08668,P0001,2,0.0
O08669,P0074,2,0.0
O08669,P0178,3,0.05
O08669,P0062,2,0.05
O08670,P0013,1,0.0
O08671,P0031,3,0.15
O08671,P0072,1,0.05
O08672,P0101,2,0.0
O08673,P0022,1,0.05
O08674,P0012,1,0.15
O08674,P0115,1,0.0
O08675,P0140,1,0.1
O08675,P0157,2,0.0
O08676,P0105,3,0.0
O08676,P0021,1,0.05
O08677,P0118,1,0.0
O08677,P0120,1,0.1
O08677,P0189,3,0.1
O08678,P0107,1,0.05
O08679,P0039,1,0.0
O08679,P0007,1,0.0
O08679,P0008,3,0.05
O08679,P0141,2,0.1
O08680,P0189,1,0.0
O08681,P0060,3,0.1
O08682,P0070,1,0.0
O08683,P0029,1,0.05
O08683,P0048,2,0.05
O08683,P0145,1,0.0
O08684,P0019,2,0.0
O08685,P0133,1,0.0
O08685,P0109,1,0.05
O08685,P0007,1,0.05
O08685,P0038,2,0.0
O08686,P0121,1,0.1
O08686,P0018,1,0.05
O08687,P0167,1,0.0
O08688,P0043,2,0.15
O08689,P0025,2,0.05
O08689,P0129,5,0.05
O08689,P0182,2,0.2
O08690,P0009,4,0.1
O08690,P0023,2,0.0
O08691,P0199,1,0.1
O08691,P0061,1,0.1
O08692,P0067,1,0.0
O08692,P0197,2,0.0
O08693,P0132,1,0.0
O08693,P0056,2,0.1
O08694,P0045,1,0.15
O08695,P0094,1,0.05
O08696,P0189,4,0.2
O08696,P0180,1,0.0
O08696,P0069,2,0.05
O08697,P0006,2,0.0
O08697,P0042,1,0.05
O08698,P0100,3,0.0
O08698,P0023,1,0.05
O08699,P0024,1,0.05
O08699,P0167,1,0.0
O08699,P0030,4,0.05
O08700,P0154,1,0.0
O08701,P0028,1,0.0
O08702,P0021,1,0.2
O08702,P0135,3,0.05
O08703,P0128,1,0.1
O08703,P0126,5,0.05
O08704,P0087,2,0.05
O08704,P0064,1,0.05
O08704,P0072,1,0.1
O08704,P0113,1,0.15
O08705,P0151,2,0.15
O08705,P0004,1,0.0
O08705,P0138,2,0.2
O08706,P0131,3,0.15
O08707,P0124,2,0.0
O08707,P0131,4,0.05
O08708,P0141,1,0.0
O08709,P0028,1,0.05
O08709,P0165,1,0.0
O08710,P0105,1,0.05
O08710,P0112,1,0.0
O08711,P0084,2,0.05
O08712,P0162,1,0.0
O08713,P0102,4,0.0
O08713,P0171,1,0.15
O08713,P0200,1,0.05
O08713,P0007,1,0.15
O08714,P0127,1,0.0
O08714,P0122,1,0.0
O08714,P0144,1,0.05
O08715,P0125,2,0.05
O08715,P0118,1,0.0
O08715,P0011,1,0.0
O08716,P0053,1,0.1
O08716,P0079,1,0.1
O08716,P0140,1,0.0
O08717,P0141,1,0.1
O08717,P0079,4,0.05
O08718,P0160,2,0.05
O08718,P0098,2,0.0
O08719,P0003,2,0.0
O08720,P0036,4,0.0
O08720,P0030,3,0.05
O08720,P0140,1,0.05
O08720,P0006,2,0.0
O08721,P0054,2,0.0
O08721,P0038,1,0.05
O08722,P0098,1,0.2
O08723,P0056,1,0.05
O08723,P0168,1,0.0
O08724,P0093,2,0.0
O08725,P0033,2,0.15
O08725,P0118,5,0.1
O08726,P0167,2,0.1
O08726,P0100,1,0.05
O08727,P0155,3,0.0
O08727,P0170,2,0.0
O08728,P0023,2,0.05
O08728,P0134,2,0.05
O08729,P0082,1,0.1
O08729,P0152,1,0.15
O08730,P0154,1,0.05
O08731,P0015,2,0.15
O08732,P0085,1,0.0
O08732,P0159,1,0.2
O08733,P0147,2,0.1
O08733,P0060,1,0.1
O08734,P0102,1,0.0
O08734,P0200,2,0.0
O08734,P0199,3,0.05
O08735,P0163,1,0.0
O08735,P0132,2,0.05
O08735,P0008,1,0.0
O08736,P0108,4,0.1
O08737,P0038,2,0.0
O08738,P0170,1,0.05
O08739,P0160,1,0.05
O08739,P0145,2,0.0
O08740,P0142,2,0.0
O08740,P0010,1,0.15
O08740,P0055,1,0.0
O08741,P0140,4,0.0
O08742,P0168,3,0.1
O08742,P0126,2,0.0
O08743,P0187,2,0.0
O08744,P0078,1,0.05
O08745,P0102,1,0.0
O08745,P0185,1,0.0
O08745,P0173,2,0.0
O08746,P0042,1,0.15
O08746,P0019,1,0.0
O08747,P0136,1,0.0
O08747,P0068,1,0.05
O08747,P0045,2,0.1
O08748,P0164,2,0.05
O08748,P0114,2,0.1
O08749,P0098,1,0.05
O08749,P0138,4,0.1
O08749,P0071,1,0.05
O08750,P0156,3,0.05
O08751,P0138,4,0.05
O08752,P0133,3,0.0
O08753,P0080,2,0.15
O08754,P0169,1,0.0
O08754,P0013,1,0.0
O08755,P0148,2,0.05
O08756,P0164,1,0.0
O08756,P0038,4,0.0
O08757,P0076,1,0.1
O08758,P0129,1,0.0
O08758,P0122,2,0.1
O08758,P0027,4,0.05
O08759,P0101,2,0.0
O08760,P0048,4,0.05
O08760,P0096,1,0.0
O08761,P0073,2,0.0
O08762,P0065,4,0.0
O08763,P0143,2,0.0
O08763,P0021,1,0.05
O08764,P0052,1,0.05
O08765,P0180,1,0.0
O08766,P0123,2,0.0
O08767,P0066,2,0.1
O08767,P0065,4,0.0
O08767,P0101,2,0.05
O08768,P0089,3,0.05
O08768,P0013,4,0.1
O08769,P0170,1,0.0
O08770,P0037,4,0.0
O08770,P0152,4,0.0
O08771,P0016,4,0.05
O08771,P0050,2,0.15
O08772,P0159,3,0.0
O08773,P0141,1,0.0
O08774,P0126,1,0.0
O08775,P0105,1,0.1
O08775,P0194,3,0.0
O08775,P0085,1,0.1
O08776,P0071,1,0.1
O08776,P0139,1,0.1
O08776,P0072,2,0.15
O08777,P0159,2,0.0
O08778,P0035,2,0.0
O08778,P0077,3,0.05
O08778,P0133,2,0.05
O08778,P0066,1,0.0
O08779,P0077,4,0.0
O08779,P0116,1,0.05
O08780,P0064,2,0.1
O08781,P0108,1,0.15
O08781,P0178,1,0.05
O08782,P0194,1,0.05
O08783,P0116,1,0.0
O08784,P0063,2,0.0
O08784,P0093,2,0.0
O08785,P0027,2,0.0
O08785,P0033,2,0.0
O08786,P0074,1,0.0
O08786,P0104,1,0.15
O08787,P0119,5,0.05
O08787,P0132,3,0.0
O08788,P0089,1,0.0
O08788,P0167,1,0.05
O08789,P0124,2,0.05
O08790,P0039,1,0.1
O08790,P0068,2,0.0
O08791,P0082,1,0.0
O08791,P0007,4,0.1
O08792,P0017,4,0.1
O08793,P0196,2,0.05
O08793,P0032,4,0.15
O08794,P0089,1,0.05
O08794,P0085,3,0.0
O08795,P0117,1,0.0
O08795,P0043,4,0.15
O08795,P0138,1,0.0
O08796,P0194,1,0.05
O08796,P0174,1,0.05
O08797,P0149,2,0.1
O08797,P0120,2,0.15
O08798,P0036,2,0.1
O08798,P0002,4,0.0
O08799,P0164,3,0.0
O08799,P0002,1,0.0
O08799,P0186,1,0.05
O08800,P0092,1,0.0
O08801,P0107,2,0.0
O08801,P0099,2,0.05
O08801,P0077,2,0.05
O08802,P0024,1,0.0
O08803,P0169,1,0.0
O08803,P0198,1,0.0
O08804,P0143,2,0.05
O08805,P0019,1,0.15
O08805,P0190,1,0.0
O08805,P0085,2,0.05
O08806,P0003,1,0.15
O08807,P0045,1,0.1
O08807,P0051,2,0.05
O08807,P0115,5,0.0
O08807,P0032,3,0.1
O08808,P0194,3,0.0
O08808,P0164,1,0.0
O08809,P0116,1,0.0
O08810,P0107,3,0.1
O08810,P0095,1,0.05
O08811,P0174,1,0.0
O08812,P0178,2,0.0
O08813,P0117,2,0.0
O08814,P0073,3,0.15
O08814,P0144,1,0.1
O08815,P0058,1,0.0
O08815,P0028,2,0.0
O08816,P0127,1,0.05
O08817,P0136,1,0.0
O08817,P0086,1,0.0
O08818,P0193,1,0.05
O08818,P0140,1,0.1
O08819,P0156,1,0.1
O08819,P0072,1,0.15
O08819,P0025,4,0.0
O08819,P0080,3,0.0
O08820,P0092,2,0.0
O08820,P0139,1,0.0
O08821,P0056,4,0.0
O08821,P0085,2,0.0
O08821,P0164,4,0.0
O08822,P0062,1,0.05
O08823,P0059,1,0.0
O08823,P0095,1,0.1
O08823,P0110,1,0.0
O08824,P0177,2,0.0
O08824,P0009,1,0.05
O08825,P0050,1,0.0
O08826,P0113,3,0.2
O08826,P0068,3,0.05
O08826,P0197,3,0.1
O08826,P0099,2,0.0
O08827,P0078,4,0.0
O08828,P0094,1,0.0
O08828,P0153,2,0.0
O08828,P0130,3,0.05
O08829,P0096,5,0.0
O08829,P0153,3,0.1
O08830,P0102,1,0.0
O08830,P0151,1,0.05
O08831,P0033,5,0.0
O08831,P0110,1,0.0
O08832,P0100,1,0.1
O08832,P0018,4,0.2
O08833,P0126,2,0.1
O08833,P0111,2,0.0
O08834,P0017,2,0.0
O08834,P0181,1,0.0
O08834,P0010,1,0.0
O08835,P0053,3,0.0
O08836,P0122,1,0.05
O08837,P0195,1,0.0
O08838,P0011,1,0.2
O08839,P0181,2,0.0
O08840,P0071,4,0.0
O08840,P0085,1,0.1
O08841,P0111,1,0.0
O08841,P0100,1,0.05
O08841,P0027,1,0.05
O08841,P0053,2,0.1
O08842,P0195,1,0.0
O08842,P0172,1,0.0
O08843,P0041,2,0.05
O08843,P0187,2,0.1
O08843,P0166,1,0.0
O08844,P0057,1,0.0
O08844,P0109,1,0.1
O08844,P0025,1,0.0
O08845,P0138,2,0.0
O08845,P0162,5,0.1
O08846,P0130,1,0.05
O08847,P0116,4,0.0
O08847,P0075,1,0.0
O08848,P0034,1,0.1
O08848,P0077,3,0.1
O08848,P0186,1,0.05
O08849,P0024,1,0.0
O08849,P0003,3,0.05
O08850,P0002,1,0.1
O08850,P0178,1,0.15
O08851,P0082,2,0.0
O08851,P0050,5,0.1
O08852,P0034,1,0.05
O08852,P0173,1,0.1
O08852,P0013,4,0.05
O08853,P0200,2,0.1
O08854,P0132,2,0.05
O08855,P0089,3,0.1
O08856,P0106,1,0.05
O08856,P0169,2,0.0
O08856,P0111,3,0.15
O08857,P0113,3,0.0
O08857,P0096,1,0.0
O08858,P0111,2,0.0
O08858,P0118,2,0.05
O08858,P0103,2,0.1
O08858,P0073,1,0.0
O08859,P0149,2,0.1
O08859,P0016,1,0.1
O08859,P0099,4,0.1
O08860,P0111,3,0.0
O08860,P0095,1,0.1
O08860,P0128,2,0.0
O08860,P0150,1,0.0
O08861,P0062,2,0.2
O08862,P0199,1,0.05
O08863,P0075,3,0.05
O08863,P0103,1,0.0
O08863,P0005,1,0.0
O08864,P0046,4,0.05
O08865,P0167,1,0.1
O08866,P0020,2,0.1
O08867,P0075,2,0.05
O08867,P0106,1,0.2
O08868,P0143,2,0.15
O08868,P0050,2,0.0
O08868,P0007,2,0.05
O08869,P0185,1,0.0
O08869,P0124,2,0.05
O08870,P0150,1,0.05
O08870,P0122,2,0.0
O08870,P0178,3,0.1
O08871,P0137,1,0.0
O08871,P0195,1,0.15
O08871,P0126,2,0.0
O08872,P0123,1,0.1
O08872,P0187,1,0.05
O08872,P0154,2,0.15
O08872,P0146,4,0.05
O08873,P0028,2,0.0
O08874,P0119,2,0.0
O08875,P0141,3,0.1
O08875,P0177,1,0.0
O08875,P0041,2,0.15
O08876,P0104,1,0.05
O08877,P0094,2,0.05
O08877,P0067,1,0.0
O08877,P0099,4,0.05
O08877,P0153,1,0.0
O08878,P0068,4,0.0
O08878,P0082,5,0.05
O08878,P0161,1,0.0
O08879,P0082,1,0.0
O08880,P0042,3,0.2
O08880,P0087,3,0.05
O08881,P0137,2,0.0
O08882,P0053,1,0.15
O08882,P0195,1,0.15
O08882,P0170,3,0.0
O08883,P0077,3,0.05
O08884,P0022,2,0.0
O08885,P0016,1,0.1
O08885,P0060,2,0.1
O08885,P0098,1,0.05
O08886,P0093,4,0.05
O08887,P0149,1,0.0
O08887,P0041,2,0.2
O08887,P0004,1,0.05
O08888,P0116,1,0.0
O08889,P0003,1,0.15
O08890,P0083,4,0.05
O08890,P0041,2,0.0
O08890,P0053,4,0.15
O08891,P0139,1,0.0
O08891,P0057,2,0.0
O08891,P0046,3,0.2
O08892,P0162,2,0.05
O08892,P0040,1,0.1
O08893,P0031,1,0.05
O08894,P0145,3,0.0
O08894,P0116,1,0.0
O08895,P0169,3,0.0
O08895,P0078,3,0.1
O08896,P0027,2,0.1
O08896,P0095,1,0.0
O08896,P0018,1,0.0
O08897,P0148,1,0.0
O08897,P0078,1,0.0
O08897,P0051,1,0.0
O08898,P0022,2,0.15
O08898,P0072,1,0.05
O08898,P0088,1,0.0
O08899,P0124,1,0.05
O08899,P0159,1,0.1
O08900,P0169,1,0.1
O08900,P0045,1,0.0
O08900,P0022,4,0.0
O08901,P0072,3,0.0
O08901,P0023,3,0.0
O08902,P0191,3,0.0
O08903,P0080,2,0.1
O08904,P0060,3,0.05
O08904,P0082,2,0.05
O08905,P0107,2,0.05
O08905,P0147,2,0.2
O08906,P0034,3,0.05
O08907,P0022,2,0.1
O08907,P0029,3,0.0
O08908,P0171,3,0.0
O08908,P0150,3,0.15
O08909,P0044,1,0.05
O08909,P0023,1,0.1
O08910,P0008,2,0.0
O08910,P0197,2,0.05
O08911,P0090,1,0.0
O08911,P0150,2,0.0
O08911,P0148,2,0.05
O08912,P0086,1,0.05
O08913,P0107,4,0.05
O08914,P0041,1,0.0
O08914,P0108,1,0.0
O08914,P0135,1,0.1
O08914,P0172,1,0.15
O08915,P0140,1,0.1
O08915,P0183,3,0.15
O08916,P0068,5,0.05
O08916,P0080,2,0.05
O08916,P0066,3,0.1
O08916,P0050,1,0.0
O08917,P0147,1,0.0
O08917,P0059,1,0.0
O08918,P0191,1,0.1
O08919,P0104,1,0.0
O08919,P0033,5,0.05
O08919,P0190,2,0.1
O08920,P0075,3,0.2
O08921,P0075,2,0.15
O08921,P0135,2,0.0
O08922,P0180,1,0.0
O08923,P0072,1,0.0
O08923,P0086,3,0.1
O08923,P0108,2,0.0
O08924,P0144,1,0.0
O08925,P0001,1,0.0
O08925,P0159,2,0.1
O08925,P0025,1,0.05
O08925,P0089,1,0.0
O08926,P0123,3,0.05
O08927,P0183,1,0.0
O08927,P0140,1,0.0
O08928,P0011,3,0.0
O08928,P0183,3,0.05
O08929,P0038,4,0.05
O08930,P0071,3,0.1
O08930,P0040,1,0.1
O08931,P0062,2,0.1
O08932,P0097,1,0.1
O08932,P0166,2,0.0
O08932,P0017,1,0.0
O08933,P0142,1,0.0
O08933,P0051,1,0.0
O08933,P0181,3,0.0
O08934,P0080,1,0.0
O08934,P0157,1,0.05
O08934,P0095,2,0.05
O08935,P0078,1,0.15
O08936,P0142,1,0.1
O08936,P0045,1,0.0
O08937,P0032,2,0.1
O08938,P0137,2,0.0
O08938,P0127,1,0.0
O08938,P0195,1,0.05
O08939,P0004,1,0.15
O08939,P0142,5,0.1
O08940,P0038,1,0.0
O08940,P0063,3,0.0
O08940,P0015,1,0.0
O08940,P0194,4,0.1
O08941,P0099,1,0.1
O08942,P0051,1,0.1
O08942,P0062,3,0.1
O08942,P0114,2,0.15
O08942,P0064,1,0.1
O08943,P0082,1,0.0
O08943,P0100,1,0.1
O08944,P0120,1,0.0
O08944,P0059,2,0.1
O08945,P0127,1,0.0
O08946,P0052,4,0.2
O08947,P0098,1,0.0
O08947,P0138,1,0.05
O08948,P0040,4,0.0
O08949,P0160,3,0.0
O08950,P0156,1,0.05
O08950,P0042,1,0.0
O08950,P0178,1,0.0
O08951,P0199,1,0.1
O08952,P0008,3,0.05
O08952,P0196,4,0.05
O08953,P0047,1,0.15
O08954,P0079,1,0.05
O08954,P0037,1,0.0
O08954,P0048,4,0.05
O08955,P0021,3,0.15
O08955,P0126,1,0.05
O08955,P0027,1,0.05
O08956,P0045,1,0.15
O08956,P0092,2,0.1
O08957,P0061,3,0.05
O08957,P0176,2,0.0
O08958,P0097,1,0.05
O08958,P0131,1,0.1
O08959,P0029,1,0.0
O08959,P0016,5,0.05
O08960,P0192,1,0.0
O08961,P0027,1,0.0
O08961,P0102,2,0.05
O08962,P0121,2,0.15
O08963,P0106,1,0.05
O08964,P0040,2,0.0
O08964,P0028,3,0.0
O08965,P0152,3,0.0
O08965,P0079,1,0.0
O08965,P0037,5,0.05
O08965,P0189,1,0.0
O08966,P0099,1,0.0
O08966,P0080,2,0.1
O08966,P0005,2,0.1
O08967,P0047,5,0.0
O08968,P0184,5,0.0
O08968,P0194,3,0.05
O08968,P0111,3,0.1
O08969,P0085,2,0.0
O08970,P0084,2,0.05
O08971,P0048,2,0.0
O08971,P0133,1,0.05
O08972,P0180,3,0.1
O08973,P0009,2,0.05
O08973,P0030,1,0.05
O08973,P0154,1,0.1
O08974,P0085,2,0.05
O08974,P0187,2,0.2
O08975,P0193,1,0.05
O08976,P0174,1,0.1
O08976,P0172,2,0.2
O08977,P0118,1,0.0
O08977,P0111,3,0.05
O08977,P0035,2,0.0
O08978,P0126,1,0.0
O08979,P0197,2,0.05
O08979,P0132,1,0.1
O08980,P0021,5,0.2
O08980,P0147,1,0.0
O08980,P0093,1,0.05
O08981,P0063,2,0.1
O08981,P0169,2,0.0
O08981,P0110,3,0.0
O08982,P0022,5,0.1
O08983,P0093,3,0.05
O08983,P0072,1,0.05
O08984,P0026,2,0.0
O08985,P0015,1,0.2
O08985,P0093,2,0.05
O08985,P0033,2,0.1
O08986,P0124,2,0.1
O08987,P0001,3,0.1
O08988,P0160,1,0.1
O08988,P0106,5,0.05
O08989,P0099,2,0.05
O08989,P0014,3,0.0
O08989,P0084,3,0.1
O08990,P0184,3,0.05
O08990,P0166,4,0.1
O08990,P0008,1,0.15
O08991,P0078,1,0.15
O08991,P0053,3,0.05
O08992,P0007,2,0.15
O08993,P0011,4,0.05
O08994,P0081,1,0.0
O08994,P0037,3,0.2
O08994,P0122,2,0.0
O08995,P0177,1,0.1
O08995,P0113,1,0.0
O08995,P0110,1,0.1
O08996,P0140,1,0.0
O08996,P0032,1,0.0
O08997,P0012,1,0.0
O08997,P0172,1,0.0
O08998,P0195,2,0.15
O08998,P0151,1,0.1
O08999,P0150,1,0.05
O08999,P0050,1,0.15
O09000,P0055,3,0.1
O09000,P0190,2,0.15
O09000,P0027,1,0.05
O09000,P0170,1,0.05
O09001,P0092,1,0.0
O09001,P0087,1,0.05
O09001,P0181,1,0.05
O09002,P0027,2,0.05
O09002,P0119,2,0.1
O09003,P0086,1,0.05
O09004,P0122,1,0.05
O09004,P0183,2,0.05
O09005,P0188,1,0.0
O09006,P0179,1,0.05
O09006,P0082,1,0.0
O09007,P0163,2,0.0
O09008,P0106,2,0.0
O09008,P0097,3,0.0
O09009,P0057,3,0.1
O09009,P0044,1,0.0
O09010,P0005,2,0.05
O09010,P0064,3,0.05
O09010,P0144,5,0.0
O09010,P0008,1,0.05
O09011,P0082,1,0.1
O09011,P0146,2,0.05
O09011,P0174,1,0.05
O09012,P0193,3,0.05
O09012,P0145,2,0.1
O09012,P0072,3,0.0
O09013,P0044,2,0.2
O09013,P0103,1,0.0
O09014,P0163,1,0.2
O09014,P0101,1,0.05
O09015,P0050,3,0.0
O09015,P0127,3,0.0
O09016,P0152,1,0.05
O09016,P0091,1,0.0
O09017,P0056,3,0.0
O09018,P0140,1,0.1
O09018,P0010,2,0.0
O09019,P0146,1,0.0
O09019,P0156,1,0.2
O09020,P0033,2,0.0
O09020,P0073,1,0.0
O09021,P0066,2,0.15
O09021,P0191,1,0.15
O09022,P0142,1,0.1
O09022,P0104,1,0.0
O09023,P0193,1,0.05
O09023,P0075,2,0.05
O09024,P0139,2,0.0
O09024,P0200,1,0.05
O09025,P0170,1,0.0
O09025,P0122,2,0.15
O09026,P0014,1,0.05
O09027,P0024,3,0.15
O09027,P0112,1,0.1
O09027,P0187,1,0.15
O09028,P0038,3,0.0
O09028,P0172,2,0.05
O09029,P0009,1,0.0
O09029,P0184,1,0.0
O09030,P0120,1,0.0
O09031,P0126,1,0.0
O09032,P0033,2,0.0
O09033,P0050,1,0.05
O09033,P0161,5,0.1
O09034,P0139,1,0.05
O09035,P0098,1,0.05
O09035,P0064,5,0.15
O09035,P0172,3,0.0
O09036,P0160,2,0.1
O09036,P0022,2,0.0
O09037,P0036,3,0.05
O09037,P0157,1,0.1
O09038,P0198,2,0.0
O09039,P0157,4,0.0
O09039,P0096,1,0.0
O09040,P0082,4,0.0
O09040,P0001,1,0.05
O09041,P0041,1,0.15
O09041,P0184,2,0.1
O09041,P0086,4,0.1
O09042,P0186,1,0.1
O09043,P0037,3,0.2
O09043,P0102,2,0.2
O09044,P0140,2,0.0
O09045,P0070,1,0.05
O09045,P0084,4,0.05
O09045,P0079,1,0.0
O09045,P0110,1,0.0
O09046,P0161,2,0.15
O09046,P0020,1,0.05
O09047,P0147,2,0.0
O09048,P0025,4,0.1
O09049,P0065,1,0.05
O09049,P0090,1,0.05
O09049,P0196,1,0.0
O09050,P0155,2,0.0
O09050,P0149,4,0.0
O09050,P0141,2,0.0
O09051,P0044,2,0.0
O09051,P0178,1,0.0
O09052,P0184,1,0.2
O09053,P0113,2,0.05
O09053,P0145,3,0.05
O09054,P0133,1,0.0
O09055,P0142,1,0.0
O09056,P0009,1,0.0
O09056,P0147,2,0.0
O09057,P0060,1,0.0
O09057,P0199,3,0.05
O09058,P0071,3,0.1
O09059,P0089,2,0.15
O09059,P0030,1,0.0
O09060,P0131,2,0.1
O09060,P0043,2,0.15
O09061,P0190,1,0.1
O09062,P0080,2,0.05
O09062,P0037,2,0.0
O09063,P0017,1,0.0
O09064,P0143,1,0.1
O09064,P0189,1,0.0
O09065,P0082,1,0.05
O09065,P0111,2,0.05
O09066,P0090,1,0.15
O09066,P0062,1,0.05
O09066,P0192,1,0.15
O09067,P0040,4,0.05
O09067,P0196,1,0.0
O09068,P0106,3,0.15
O09068,P0115,1,0.1
O09069,P0023,1,0.1
O09069,P0159,3,0.1
O09070,P0174,2,0.0
O09070,P0109,1,0.1
O09071,P0062,1,0.0
O09072,P0115,1,0.05
O09072,P0179,1,0.05
O09073,P0173,3,0.05
O09073,P0098,4,0.1
O09074,P0158,1,0.1
O09074,P0173,1,0.0
O09074,P0125,2,0.0
O09074,P0074,2,0.0
O09075,P0150,4,0.0
O09076,P0029,1,0.15
O09077,P0188,1,0.0
O09077,P0122,1,0.15
O09078,P0034,1,0.0
O09078,P0017,2,0.0
O09079,P0102,1,0.0
O09079,P0167,1,0.05
O09079,P0046,2,0.0
O09080,P0002,2,0.05
O09080,P0108,1,0.05
O09081,P0102,3,0.0
O09081,P0124,1,0.0
O09081,P0155,2,0.05
O09082,P0099,3,0.1
O09082,P0044,3,0.0
O09083,P0198,1,0.0
O09084,P0098,1,0.2
O09084,P0023,3,0.05
O09085,P0161,1,0.0
O09085,P0008,1,0.0
O09086,P0141,2,0.05
O09086,P0009,2,0.0
O09086,P0018,4,0.0
O09087,P0092,1,0.0
O09087,P0137,3,0.0
O09087,P0156,5,0.15
O09088,P0148,2,0.05
O09089,P0163,1,0.15
O09089,P0033,3,0.05
O09089,P0012,3,0.05
O09090,P0014,2,0.0
O09090,P0145,1,0.15
O09090,P0109,5,0.05
O09091,P0037,1,0.2
O09092,P0130,3,0.15
O09092,P0185,3,0.1
O09093,P0032,3,0.05
O09094,P0026,1,0.0
O09094,P0063,2,0.2
O09095,P0027,2,0.0
O09095,P0050,5,0.0
O09095,P0047,3,0.2
O09095,P0110,5,0.1
O09096,P0068,4,0.0
O09096,P0117,2,0.0
O09096,P0194,1,0.0
O09097,P0200,1,0.1
O09097,P0108,1,0.0
O09097,P0136,1,0.0
O09098,P0074,2,0.0
O09098,P0087,2,0.2
O09099,P0099,1,0.1
O09099,P0025,1,0.0
O09099,P0160,5,0.15
O09100,P0173,1,0.0
O09100,P0036,3,0.1
O09101,P0041,4,0.1
O09101,P0185,3,0.2
O09101,P0125,2,0.05
O09101,P0017,1,0.0
O09102,P0123,1,0.05
O09102,P0006,2,0.1
O09103,P0101,1,0.0
O09103,P0184,1,0.2
O09104,P0021,2,0.0
O09104,P0122,2,0.05
O09105,P0083,1,0.0
O09105,P0152,4,0.0
O09106,P0082,2,0.0
O09106,P0135,2,0.0
O09107,P0081,1,0.0
O09108,P0111,4,0.05
O09108,P0157,1,0.0
O09109,P0194,1,0.0
O09109,P0110,1,0.0
O09109,P0152,1,0.15
O09110,P0120,2,0.05
O09110,P0063,2,0.0
O09111,P0001,3,0.15
O09111,P0038,2,0.0
O09111,P0200,4,0.0
O09112,P0144,2,0.05
O09112,P0115,3,0.0
O09113,P0198,1,0.05
O09113,P0064,1,0.0
O09113,P0088,1,0.1
O09113,P0109,1,0.1
O09114,P0112,1,0.05
O09114,P0053,3,0.05
O09115,P0168,1,0.1
O09115,P0067,2,0.0
O09115,P0090,2,0.05
O09116,P0176,3,0.0
O09116,P0118,2,0.05
O09117,P0012,1,0.05
O09118,P0200,2,0.1
O09119,P0094,2,0.0
O09119,P0177,2,0.15
O09119,P0175,1,0.0
O09120,P0104,5,0.0
O09121,P0003,1,0.0
O09121,P0091,1,0.0
O09121,P0171,2,0.05
O09121,P0189,2,0.15
O09122,P0036,1,0.1
O09122,P0124,1,0.0
O09123,P0170,1,0.15
O09123,P0021,2,0.05
O09124,P0142,3,0.0
O09124,P0132,1,0.0
O09125,P0171,1,0.05
O09125,P0144,3,0.1
O09126,P0116,2,0.0
O09126,P0190,1,0.0
O09127,P0150,1,0.05
O09127,P0101,1,0.0
O09128,P0036,2,0.1
O09128,P0037,2,0.15
O09128,P0034,2,0.05
O09129,P0034,2,0.1
O09129,P0177,1,0.05
O09130,P0197,1,0.05
O09130,P0120,1,0.15
O09131,P0116,2,0.0
O09131,P0117,1,0.0
O09131,P0081,2,0.05
O09131,P0057,4,0.05
O09132,P0013,1,0.0
O09133,P0086,2,0.05
O09133,P0015,1,0.0
O09134,P0019,2,0.1
O09134,P0182,3,0.05
O09135,P0034,1,0.1
O09135,P0107,3,0.0
O09136,P0001,3,0.0
O09136,P0158,2,0.1
O09137,P0077,1,0.1
O09138,P0044,1,0.0
O09139,P0117,4,0.0
O09139,P0104,1,0.05
O09140,P0066,1,0.05
O09140,P0033,2,0.05
O09140,P0177,1,0.15
O09141,P0020,1,0.05
O09141,P0103,1,0.1
O09141,P0197,4,0.0
O09142,P0046,1,0.0
O09142,P0141,3,0.0
O09142,P0042,3,0.0
O09143,P0169,1,0.0
O09144,P0152,3,0.05
O09145,P0105,1,0.0
O09145,P0096,1,0.0
O09146,P0038,2,0.1
O09146,P0161,1,0.0
O09147,P0070,2,0.1
O09147,P0016,1,0.0
O09148,P0197,4,0.0
O09148,P0020,5,0.0
O09149,P0091,2,0.05
O09150,P0165,4,0.0
O09150,P0068,2,0.05
O09151,P0030,1,0.0
O09152,P0152,2,0.05
O09152,P0056,1,0.0
O09153,P0184,1,0.15
O09153,P0178,3,0.05
O09154,P0082,1,0.1
O09154,P0003,1,0.0
O09155,P0136,1,0.05
O09156,P0026,1,0.05
O09156,P0136,1,0.05
O09157,P0082,1,0.0
O09157,P0089,2,0.1
O09157,P0147,3,0.05
O09157,P0126,1,0.1
O09158,P0104,1,0.05
O09159,P0164,2,0.05
O09159,P0137,1,0.15
O09160,P0116,1,0.15
O09161,P0086,1,0.1
O09162,P0103,1,0.15
O09162,P0065,1,0.2
O09163,P0011,2,0.1
O09164,P0103,2,0.0
O09165,P0027,2,0.0
O09165,P0057,1,0.15
O09166,P0038,1,0.05
O09167,P0015,2,0.0
O09168,P0081,1,0.0
O09169,P0020,1,0.2
O09169,P0196,3,0.1
O09170,P0078,1,0.15
O09170,P0107,1,0.0
O09171,P0152,1,0.05
O09171,P0153,2,0.0
O09172,P0170,1,0.0
O09172,P0146,2,0.0
O09172,P0082,1,0.05
O09173,P0021,2,0.1
O09174,P0100,1,0.0
O09175,P0092,3,0.0
O09176,P0151,1,0.05
O09177,P0086,2,0.0
O09177,P0120,3,0.0
O09177,P0121,2,0.05
O09177,P0199,2,0.15
O09178,P0018,5,0.05
O09179,P0030,1,0.0
O09179,P0005,1,0.15
O09179,P0055,1,0.05
O09180,P0097,2,0.05
O09180,P0198,4,0.1
O09181,P0188,1,0.05
O09181,P0022,4,0.1
O09181,P0014,3,0.05
O09182,P0108,3,0.0
O09182,P0172,2,0.1
O09183,P0094,3,0.0
O09184,P0121,3,0.05
O09185,P0151,1,0.1
O09185,P0183,2,0.05
O09185,P0163,3,0.0
O09185,P0007,1,0.0
O09186,P0038,3,0.1
O09187,P0028,4,0.05
O09187,P0167,1,0.0
O09187,P0196,1,0.1
O09188,P0046,2,0.05
O09188,P0196,2,0.1
O09189,P0156,1,0.0
O09189,P0099,2,0.15
O09190,P0158,1,0.15
O09191,P0145,4,0.05
O09191,P0039,1,0.0
O09192,P0184,1,0.0
O09192,P0097,4,0.0
O09193,P0005,1,0.15
O09193,P0068,1,0.0
O09193,P0157,2,0.0
O09194,P0059,2,0.0
O09194,P0053,2,0.0
O09195,P0098,4,0.0
O09195,P0119,3,0.0
O09195,P0067,1,0.1
O09196,P0091,4,0.15
O09197,P0077,1,0.15
O09197,P0028,3,0.0
O09197,P0004,2,0.1
O09198,P0185,1,0.2
O09199,P0185,5,0.0
O09200,P0033,1,0.05
O09200,P0141,1,0.15
O09201,P0182,1,0.0
O09202,P0188,3,0.0
O09202,P0124,2,0.0
O09202,P0160,4,0.0
O09203,P0151,2,0.0
O09203,P0067,1,0.0
O09204,P0181,1,0.1
O09204,P0120,1,0.05
O09204,P0056,4,0.0
O09204,P0068,1,0.1
O09205,P0135,2,0.1
O09205,P0150,1,0.05
O09206,P0105,2,0.05
O09207,P0012,1,0.0
O09207,P0034,4,0.1
O09207,P0004,1,0.05
O09208,P0126,2,0.0
O09208,P0055,1,0.15
O09208,P0153,1,0.05
O09209,P0128,2,0.1
O09209,P0123,1,0.0
O09210,P0033,5,0.0
O09210,P0029,1,0.05
O09211,P0041,3,0.0
O09212,P0127,3,0.15
O09212,P0063,3,0.15
O09212,P0149,1,0.1
O09212,P0155,3,0.1
O09213,P0122,2,0.0
O09213,P0077,1,0.0
O09213,P0065,1,0.0
O09214,P0049,1,0.0
O09214,P0177,1,0.15
O09214,P0188,2,0.15
O09215,P0077,2,0.05
O09215,P0045,1,0.0
O09216,P0121,2,0.05
O09216,P0198,2,0.1
O09216,P0039,4,0.0
O09217,P0061,2,0.0
O09218,P0076,2,0.0
O09218,P0135,2,0.0
O09218,P0052,1,0.15
O09219,P0199,2,0.0
O09220,P0171,1,0.05
O09221,P0015,1,0.0
O09221,P0199,1,0.05
O09222,P0198,1,0.0
O09223,P0049,2,0.05
O09223,P0099,1,0.0
O09224,P0088,1,0.05
O09225,P0114,1,0.0
O09225,P0145,2,0.0
O09226,P0060,1,0.0
O09226,P0165,1,0.1
O09227,P0094,2,0.1
O09228,P0125,5,0.1
O09228,P0075,1,0.05
O09229,P0068,1,0.1
O09229,P0144,3,0.0
O09229,P0162,5,0.2
O09230,P0005,1,0.1
O09231,P0054,2,0.15
O09232,P0011,2,0.1
O09233,P0200,5,0.0
O09234,P0037,1,0.0
O09235,P0029,3,0.0
O09235,P0058,1,0.0
O09236,P0044,1,0.05
O09237,P0078,5,0.1
O09238,P0061,2,0.05
O09238,P0197,1,0.1
O09239,P0156,3,0.15
O09240,P0139,1,0.0
O09240,P0022,2,0.0
O09241,P0198,2,0.15
O09241,P0057,1,0.05
O09242,P0012,1,0.0
O09243,P0020,3,0.2
O09243,P0099,2,0.0
O09243,P0030,1,0.0
O09244,P0010,4,0.0
O09244,P0016,2,0.05
O09245,P0094,1,0.0
O09245,P0143,1,0.0
O09245,P0004,1,0.05
O09246,P0083,2,0.15
O09246,P0159,1,0.0
O09246,P0073,3,0.15
O09246,P0167,2,0.1
O09247,P0188,2,0.15
O09248,P0184,4,0.0
O09248,P0080,1,0.0
O09249,P0104,4,0.1
O09250,P0007,5,0.0
O09251,P0182,1,0.05
O09251,P0030,1,0.15
O09251,P0060,2,0.05
O09252,P0086,1,0.2
O09253,P0178,5,0.05
O09254,P0154,1,0.0
O09254,P0068,1,0.0
O09255,P0131,3,0.0
O09256,P0157,1,0.1
O09256,P0058,1,0.05
O09257,P0178,1,0.0
O09258,P0016,1,0.1
O09258,P0115,1,0.0
O09259,P0067,4,0.05
O09259,P0151,2,0.1
O09260,P0072,5,0.0
O09261,P0164,2,0.05
O09262,P0049,2,0.0
O09263,P0165,1,0.1
O09263,P0108,1,0.1
O09264,P0130,3,0.05
O09264,P0016,1,0.0
O09265,P0166,3,0.0
O09266,P0025,1,0.05
O09267,P0082,2,0.1
O09267,P0014,1,0.1
O09267,P0021,3,0.0
O09268,P0051,1,0.0
O09268,P0176,1,0.1
O09269,P0145,2,0.0
O09270,P0009,1,0.0
O09270,P0081,5,0.15
O09270,P0066,1,0.0
O09271,P0161,2,0.0
O09271,P0073,1,0.15
O09272,P0070,1,0.05
O09273,P0064,1,0.0
O09273,P0100,4,0.0
O09274,P0191,1,0.1
O09274,P0103,1,0.15
O09275,P0119,3,0.05
O09276,P0009,2,0.0
O09276,P0008,3,0.05
O09277,P0056,2,0.1
O09277,P0004,2,0.0
O09278,P0174,3,0.15
O09278,P0053,1,0.0
O09279,P0048,2,0.05
O09280,P0056,2,0.05
O09280,P0196,1,0.0
O09281,P0092,1,0.0
O09282,P0175,2,0.05
O09282,P0147,2,0.0
O09283,P0100,2,0.1
O09283,P0036,1,0.0
O09284,P0144,1,0.15
O09284,P0100,2,0.0
O09285,P0013,4,0.2
O09285,P0045,1,0.1
O09286,P0148,4,0.0
O09287,P0038,1,0.0
O09288,P0044,1,0.05
O09288,P0130,1,0.0
O09288,P0039,2,0.0
O09289,P0057,1,0.0
O09290,P0014,1,0.05
O09290,P0180,1,0.1
O09291,P0108,1,0.2
O09292,P0172,1,0.1
O09292,P0091,2,0.05
O09292,P0016,5,0.0
O09293,P0095,2,0.05
O09293,P0002,2,0.2
O09293,P0124,2,0.0
O09294,P0117,1,0.0
O09294,P0179,2,0.05
O09295,P0157,1,0.0
O09295,P0139,1,0.05
O09295,P0039,3,0.0
O09296,P0005,1,0.0
O09297,P0060,1,0.05
O09297,P0006,1,0.0
O09298,P0042,1,0.0
O09299,P0034,2,0.05
O09299,P0111,1,0.05
O09299,P0060,4,0.0
O09299,P0059,1,0.2
O09300,P0099,1,0.0
O09300,P0184,2,0.0
O09301,P0120,1,0.15
O09302,P0150,2,0.0
O09302,P0146,3,0.15
O09303,P0033,1,0.05
O09304,P0075,3,0.05
O09304,P0094,2,0.1
O09305,P0128,1,0.0
O09305,P0090,1,0.2
O09306,P0136,1,0.1
O09307,P0104,1,0.05
O09308,P0030,1,0.15
O09308,P0098,1,0.05
O09309,P0082,2,0.0
O09310,P0176,3,0.05
O09311,P0160,1,0.0
O09311,P0112,1,0.05
O09312,P0170,2,0.0
O09312,P0022,1,0.05
O09312,P0177,1,0.0
O09312,P0199,1,0.05
O09313,P0110,1,0.0
O09314,P0012,1,0.1
O09314,P0084,3,0.0
O09315,P0150,3,0.05
O09316,P0187,1,0.0
O09317,P0093,1,0.1
O09317,P0010,1,0.05
O09318,P0168,1,0.0
O09318,P0029,2,0.05
O09319,P0062,1,0.0
O09319,P0185,2,0.0
O09320,P0120,1,0.05
O09321,P0147,1,0.1
O09321,P0073,1,0.0
O09321,P0102,2,0.05
O09322,P0084,2,0.0
O09323,P0089,3,0.15
O09324,P0018,1,0.1
O09324,P0197,1,0.0
O09325,P0196,2,0.05
O09325,P0028,1,0.0
O09325,P0151,1,0.0
O09326,P0077,1,0.1
O09326,P0068,1,0.1
O09327,P0108,1,0.15
O09328,P0013,2,0.15
O09328,P0069,1,0.0
O09329,P0192,1,0.05
O09330,P0054,4,0.0
O09330,P0089,2,0.05
O09331,P0013,1,0.2
O09331,P0145,3,0.0
O09331,P0024,3,0.05
O09332,P0139,1,0.0
O09333,P0178,1,0.0
O09333,P0118,4,0.1
O09334,P0192,4,0.15
O09335,P0001,4,0.0
O09335,P0003,3,0.0
O09336,P0034,4,0.1
O09337,P0049,3,0.0
O09338,P0169,5,0.05
O09339,P0108,1,0.0
O09340,P0015,1,0.0
O09340,P0059,1,0.05
O09341,P0109,3,0.0
O09342,P0028,2,0.1
O09342,P0005,1,0.0
O09343,P0082,1,0.0
O09343,P0159,1,0.2
O09344,P0157,1,0.05
O09345,P0188,2,0.0
O09345,P0137,2,0.0
O09345,P0067,3,0.1
O09346,P0189,1,0.05
O09346,P0162,1,0.0
O09347,P0067,1,0.1
O09348,P0197,1,0.05
O09348,P0096,1,0.0
O09349,P0198,2,0.0
O09350,P0083,1,0.0
O09350,P0084,2,0.1
O09351,P0091,1,0.0
O09352,P0035,2,0.05
O09352,P0148,1,0.1
O09352,P0171,5,0.0
O09353,P0145,1,0.2
O09354,P0107,1,0.1
O09354,P0103,1,0.1
O09354,P0164,1,0.05
O09355,P0139,2,0.0
O09355,P0008,1,0.0
O09356,P0052,1,0.0
O09357,P0182,5,0.15
O09357,P0063,3,0.1
O09357,P0153,2,0.0
O09358,P0128,1,0.1
O09358,P0139,2,0.05
O09358,P0028,3,0.0
O09358,P0027,3,0.0
O09359,P0056,1,0.0
O09359,P0028,1,0.05
O09359,P0132,2,0.15
O09360,P0079,2,0.0
O09360,P0195,1,0.05
O09360,P0092,2,0.15
O09361,P0080,1,0.15
O09361,P0082,1,0.0
O09362,P0128,2,0.1
O09362,P0051,1,0.05
O09363,P0179,2,0.0
O09364,P0154,3,0.2
O09365,P0117,2,0.05
O09365,P0050,4,0.0
O09365,P0015,1,0.0
O09366,P0155,3,0.0
O09366,P0008,4,0.0
O09367,P0095,5,0.1
O09367,P0087,1,0.0
O09368,P0138,1,0.15
O09368,P0028,1,0.05
O09368,P0072,1,0.2
O09369,P0015,2,0.1
O09370,P0060,2,0.1
O09370,P0173,1,0.1
O09371,P0011,1,0.0
O09371,P0019,1,0.0
O09371,P0162,2,0.05
O09372,P0017,3,0.0
O09372,P0074,4,0.0
O09372,P0136,2,0.1
O09372,P0027,1,0.0
O09373,P0160,1,0.0
O09374,P0196,1,0.0
O09374,P0155,2,0.1
O09375,P0084,2,0.15
O09376,P0020,1,0.0
O09377,P0120,1,0.15
O09377,P0090,2,0.0
O09377,P0022,4,0.05
O09378,P0064,1,0.1
O09378,P0034,3,0.0
O09379,P0015,4,0.0
O09380,P0136,3,0.05
O09380,P0110,2,0.05
O09381,P0053,2,0.05
O09381,P0102,4,0.05
O09382,P0035,1,0.1
O09382,P0173,2,0.2
O09382,P0194,1,0.05
O09383,P0078,3,0.1
O09384,P0175,1,0.15
O09385,P0019,1,0.0
O09385,P0094,1,0.0
O09386,P0162,1,0.1
O09387,P0118,2,0.15
O09388,P0085,1,0.05
O09388,P0155,2,0.2
O09389,P0066,2,0.0
O09389,P0035,3,0.15
O09390,P0082,1,0.0
O09390,P0068,1,0.05
O09391,P0028,4,0.1
O09391,P0088,1,0.05
O09392,P0008,1,0.0
O09393,P0114,1,0.1
O09393,P0031,1,0.15
O09394,P0199,3,0.0
O09395,P0028,2,0.05
O09395,P0107,3,0.05
O09395,P0053,4,0.0
O09396,P0027,2,0.0
O09397,P0100,4,0.1
O09398,P0058,1,0.1
O09399,P0156,4,0.1
O09399,P0041,2,0.1
O09400,P0119,1,0.1
O09400,P0159,2,0.05
O09400,P0092,4,0.0
O09401,P0040,2,0.0
O09401,P0047,1,0.05
O09401,P0128,3,0.1
O09402,P0107,2,0.2
O09402,P0190,1,0.0
O09403,P0079,2,0.0
O09403,P0182,2,0.1
O09404,P0021,1,0.1
O09404,P0089,1,0.05
O09404,P0139,1,0.0
O09405,P0082,1,0.1
O09405,P0200,1,0.0
O09405,P0019,3,0.0
O09406,P0049,1,0.05
O09406,P0075,4,0.0
O09406,P0154,1,0.05
O09407,P0175,3,0.1
O09408,P0006,3,0.05
O09408,P0161,2,0.1
O09409,P0087,1,0.05
O09409,P0167,2,0.1
O09409,P0046,2,0.0
O09410,P0027,1,0.15
O09411,P0181,1,0.05
O09412,P0085,2,0.05
O09413,P0183,1,0.0
O09413,P0001,2,0.1
O09414,P0188,1,0.0
O09414,P0071,1,0.05
O09415,P0094,1,0.0
O09415,P0070,3,0.05
O09416,P0195,1,0.1
O09416,P0040,1,0.0
O09417,P0164,1,0.0
O09417,P0014,1,0.0
O09418,P0105,1,0.2
O09418,P0111,4,0.0
O09419,P0062,2,0.0
O09420,P0085,1,0.0
O09420,P0167,1,0.05
O09420,P0160,1,0.0
O09421,P0096,3,0.0
O09422,P0130,2,0.0
O09423,P0131,2,0.1
O09424,P0160,1,0.05
O09424,P0091,2,0.0
O09424,P0126,2,0.05
O09425,P0132,2,0.05
O09426,P0131,2,0.0
O09426,P0123,1,0.2
O09426,P0147,2,0.0
O09426,P0011,1,0.0
O09427,P0074,3,0.1
O09427,P0175,4,0.1
O09427,P0165,2,0.05
O09427,P0003,3,0.15
O09428,P0019,3,0.0
O09429,P0168,2,0.05
O09429,P0125,1,0.1
O09430,P0001,1,0.0
O09430,P0149,2,0.2
O09431,P0169,4,0.1
O09431,P0032,1,0.0
O09431,P0057,3,0.1
O09432,P0107,3,0.05
O09432,P0011,2,0.0
O09432,P0130,3,0.0
O09433,P0060,2,0.2
O09433,P0040,2,0.05
O09434,P0053,1,0.05
O09434,P0107,3,0.05
O09434,P0198,3,0.05
O09435,P0045,2,0.0
O09435,P0161,1,0.15
O09436,P0075,1,0.0
O09436,P0063,1,0.0
O09437,P0165,2,0.0
O09437,P0077,2,0.0
O09438,P0119,3,0.1
O09439,P0153,4,0.1
O09440,P0191,1,0.05
O09441,P0034,1,0.0
O09442,P0121,1,0.0
O09442,P0028,2,0.0
O09443,P0174,3,0.0
O09443,P0090,2,0.05
O09443,P0175,3,0.15
O09443,P0165,1,0.0
O09444,P0164,2,0.0
O09444,P0139,1,0.2
O09445,P0134,2,0.05
O09445,P0109,1,0.0
O09446,P0025,1,0.1
O09446,P0110,2,0.0
O09446,P0050,2,0.05
O09447,P0041,1,0.0
O09447,P0081,1,0.15
O09448,P0188,1,0.15
O09449,P0152,1,0.05
O09449,P0129,1,0.1
O09449,P0040,2,0.1
O09449,P0078,1,0.0
O09450,P0119,1,0.15
O09450,P0056,2,0.05
O09450,P0020,1,0.1
O09451,P0049,2,0.0
O09451,P0054,2,0.15
O09452,P0128,1,0.1
O09452,P0193,1,0.05
O09453,P0093,1,0.0
O09453,P0072,1,0.05
O09453,P0122,1,0.0
O09454,P0171,3,0.15
O09454,P0038,3,0.0
O09455,P0135,1,0.0
O09456,P0086,1,0.15
O09457,P0026,4,0.2
O09457,P0062,4,0.15
O09458,P0050,1,0.15
O09458,P0072,2,0.1
O09459,P0008,2,0.15
O09459,P0091,3,0.0
O09460,P0146,1,0.15
O09460,P0084,2,0.0
O09460,P0181,3,0.05
O09461,P0164,2,0.0
O09461,P0142,1,0.1
O09461,P0031,1,0.05
O09462,P0124,1,0.15
O09462,P0175,3,0.2
O09463,P0148,1,0.0
O09463,P0035,1,0.0
O09464,P0016,2,0.15
O09464,P0021,1,0.0
O09465,P0042,1,0.2
O09465,P0032,1,0.15
O09466,P0064,1,0.05
O09467,P0016,3,0.05
O09467,P0121,4,0.15
O09467,P0101,2,0.0
O09468,P0026,1,0.05
O09468,P0176,2,0.05
O09468,P0162,5,0.1
O09469,P0037,2,0.0
O09469,P0048,1,0.05
O09469,P0161,1,0.05
O09469,P0114,3,0.05
O09470,P0153,2,0.0
O09471,P0109,2,0.0
O09472,P0107,3,0.0
O09472,P0169,2,0.1
O09473,P0152,2,0.1
O09473,P0175,2,0.0
O09474,P0013,2,0.1
O09474,P0029,2,0.0
O09475,P0112,2,0.1
O09475,P0170,1,0.05
O09476,P0056,1,0.1
O09476,P0121,4,0.05
O09477,P0051,2,0.0
O09477,P0015,1,0.15
O09477,P0067,2,0.0
O09477,P0062,2,0.2
O09478,P0054,2,0.05
O09479,P0041,1,0.15
O09480,P0184,2,0.0
O09481,P0035,2,0.05
O09481,P0147,4,0.15
O09481,P0114,2,0.0
O09482,P0140,2,0.05
O09482,P0141,1,0.05
O09483,P0093,1,0.0
O09484,P0019,5,0.1
O09485,P0009,1,0.2
O09485,P0061,2,0.0
O09486,P0178,2,0.0
O09487,P0067,1,0.0
O09488,P0136,2,0.1
O09488,P0197,1,0.05
O09489,P0080,1,0.1
O09489,P0131,3,0.05
O09490,P0007,4,0.1
O09490,P0185,4,0.05
O09490,P0177,1,0.2
O09491,P0028,3,0.0
O09491,P0199,1,0.0
O09492,P0041,1,0.0
O09492,P0074,5,0.0
O09492,P0127,1,0.1
O09493,P0109,1,0.0
O09494,P0079,3,0.1
O09495,P0190,1,0.05
O09496,P0197,1,0.0
O09497,P0047,3,0.0
O09498,P0156,1,0.0
O09498,P0170,1,0.0
O09499,P0045,2,0.1
O09499,P0165,3,0.05
O09500,P0092,1,0.05
O09500,P0109,3,0.15
O09501,P0188,2,0.0
O09501,P0033,1,0.05
O09502,P0182,2,0.1
O09503,P0037,1,0.05
O09504,P0139,2,0.15
O09504,P0064,2,0.0
O09505,P0064,1,0.1
O09505,P0094,1,0.15
O09506,P0035,5,0.1
O09506,P0159,2,0.0
O09506,P0015,1,0.05
O09507,P0173,1,0.0
O09508,P0059,4,0.15
O09509,P0105,1,0.0
O09509,P0194,1,0.05
O09509,P0116,1,0.1
O09510,P0034,2,0.05
O09510,P0029,2,0.0
O09510,P0103,2,0.1
O09511,P0090,1,0.0
O09511,P0150,3,0.1
O09512,P0071,1,0.0
O09512,P0042,2,0.15
O09512,P0156,3,0.0
O09513,P0118,2,0.0
O09513,P0031,3,0.0
O09513,P0085,2,0.05
O09514,P0120,2,0.05
O09515,P0182,2,0.0
O09515,P0149,4,0.0
O09516,P0133,1,0.15
O09516,P0167,1,0.0
O09516,P0123,3,0.05
O09517,P0193,3,0.0
O09517,P0050,4,0.0
O09518,P0086,1,0.0
O09518,P0189,2,0.05
O09518,P0070,1,0.0
O09518,P0056,2,0.05
O09519,P0115,2,0.0
O09520,P0195,3,0.0
O09521,P0121,1,0.15
O09521,P0018,1,0.1
O09522,P0059,4,0.0
O09522,P0102,3,0.15
O09523,P0135,1,0.0
O09524,P0160,2,0.15
O09524,P0122,3,0.0
O09524,P0078,1,0.0
O09525,P0189,1,0.05
O09525,P0017,1,0.05
O09526,P0114,1,0.0
O09526,P0079,4,0.15
O09527,P0037,1,0.15
O09527,P0078,1,0.0
O09527,P0199,3,0.15
O09528,P0188,2,0.05
O09528,P0101,3,0.05
O09528,P0002,1,0.0
O09528,P0066,1,0.1
O09529,P0197,2,0.0
O09530,P0118,2,0.2
O09531,P0086,2,0.1
O09531,P0130,1,0.0
O09531,P0144,2,0.1
O09532,P0001,3,0.05
O09532,P0044,1,0.0
O09532,P0013,2,0.05
O09532,P0016,1,0.05
O09533,P0187,1,0.0
O09534,P0158,1,0.1
O09535,P0094,3,0.05
O09535,P0102,1,0.15
O09535,P0086,1,0.0
O09536,P0045,1,0.0
O09536,P0146,3,0.05
O09537,P0123,2,0.0
O09537,P0120,4,0.1
O09538,P0034,2,0.0
O09539,P0111,1,0.05
O09539,P0086,5,0.15
O09539,P0069,2,0.1
O09540,P0038,1,0.1
O09540,P0082,2,0.0
O09541,P0052,2,0.05
O09541,P0118,3,0.0
O09542,P0006,1,0.0
O09542,P0072,1,0.0
O09543,P0010,2,0.2
O09543,P0148,1,0.2
O09544,P0067,2,0.0
O09544,P0139,2,0.05
O09545,P0165,2,0.05
O09545,P0088,4,0.0
O09545,P0169,4,0.0
O09546,P0045,1,0.05
O09547,P0198,4,0.05
O09548,P0026,1,0.05
O09549,P0077,1,0.05
O09549,P0079,1,0.15
O09550,P0144,2,0.0
O09550,P0010,4,0.1
O09551,P0024,1,0.0
O09551,P0042,1,0.1
O09551,P0100,4,0.2
O09552,P0052,1,0.15
O09552,P0026,2,0.1
O09553,P0090,3,0.05
O09554,P0008,1,0.1
O09555,P0148,1,0.0
O09556,P0078,1,0.0
O09556,P0075,1,0.0
O09557,P0067,1,0.05
O09558,P0141,1,0.15
O09558,P0167,1,0.0
O09559,P0035,1,0.05
O09560,P0136,1,0.05
O09561,P0050,1,0.0
O09561,P0016,5,0.05
O09562,P0141,2,0.1
O09562,P0033,3,0.0
O09562,P0112,2,0.1
O09563,P0150,2,0.0
O09563,P0045,2,0.0
O09564,P0159,1,0.1
O09565,P0007,4,0.1
O09565,P0133,1,0.1
O09566,P0149,2,0.1
O09566,P0198,2,0.0
O09567,P0130,1,0.0
O09567,P0030,1,0.2
O09568,P0132,1,0.1
O09569,P0019,1,0.0
O09569,P0199,3,0.05
O09570,P0022,1,0.05
O09571,P0091,1,0.05
O09571,P0105,2,0.1
O09571,P0053,1,0.1
O09572,P0169,4,0.0
O09572,P0034,1,0.0
O09572,P0117,2,0.0
O09573,P0119,2,0.0
O09573,P0123,3,0.1
O09573,P0112,1,0.2
O09574,P0008,2,0.05
O09574,P0053,1,0.05
O09574,P0050,1,0.05
O09575,P0149,2,0.0
O09575,P0033,3,0.15
O09575,P0013,1,0.05
O09576,P0022,1,0.0
O09577,P0197,2,0.0
O09577,P0112,2,0.1
O09577,P0192,1,0.05
O09578,P0027,4,0.0
O09578,P0028,1,0.2
O09578,P0022,1,0.05
O09579,P0008,1,0.0
O09579,P0169,2,0.05
O09580,P0130,1,0.1
O09581,P0186,2,0.05
O09581,P0153,1,0.0
O09581,P0094,1,0.0
O09581,P0170,1,0.2
O09582,P0149,5,0.05
O09582,P0128,1,0.05
O09582,P0126,1,0.1
O09582,P0173,3,0.05
O09583,P0130,3,0.1
O09584,P0097,1,0.1
O09585,P0031,1,0.1
O09585,P0051,1,0.15
O09586,P0137,2,0.15
O09586,P0046,3,0.0
O09587,P0024,1,0.0
O09587,P0066,1,0.05
O09587,P0131,3,0.05
O09587,P0069,3,0.0
O09588,P0035,2,0.0
O09588,P0005,2,0.15
O09588,P0107,3,0.0
O09589,P0014,2,0.0
O09589,P0001,1,0.05
O09589,P0192,1,0.2
O09590,P0159,4,0.05
O09591,P0010,4,0.2
O09591,P0158,2,0.05
O09591,P0014,1,0.1
O09592,P0052,1,0.1
O09592,P0024,1,0.2
O09593,P0097,1,0.0
O09593,P0036,2,0.05
O09593,P0071,2,0.1
O09594,P0101,2,0.1
O09595,P0070,3,0.1
O09596,P0005,1,0.0
O09597,P0009,1,0.0
O09597,P0028,1,0.0
O09597,P0079,5,0.2
O09598,P0055,3,0.0
O09599,P0131,2,0.05
O09599,P0105,5,0.0
O09600,P0030,2,0.05
O09600,P0079,1,0.1
O09600,P0140,1,0.1
O09601,P0195,2,0.05
O09601,P0171,2,0.0
O09602,P0094,1,0.15
O09602,P0192,1,0.05
O09603,P0152,1,0.05
O09603,P0196,4,0.1
O09604,P0033,1,0.0
O09604,P0124,5,0.1
O09605,P0112,5,0.15
O09605,P0159,1,0.1
O09606,P0164,2,0.15
O09606,P0191,2,0.0
O09607,P0069,3,0.05
O09607,P0133,1,0.15
O09607,P0105,3,0.0
O09608,P0085,1,0.15
O09608,P0004,1,0.0
O09609,P0003,1,0.0
O09609,P0033,2,0.05
O09610,P0200,1,0.15
O09610,P0073,2,0.1
O09610,P0098,1,0.1
O09611,P0198,1,0.05
O09611,P0101,1,0.05
O09612,P0167,1,0.0
O09613,P0051,1,0.0
O09614,P0116,2,0.2
O09614,P0152,2,0.1
O09614,P0034,1,0.05
O09615,P0072,1,0.05
O09615,P0169,1,0.1
O09615,P0027,2,0.0
O09615,P0011,1,0.0
O09616,P0025,2,0.1
O09616,P0080,2,0.05
O09617,P0091,2,0.0
O09617,P0051,1,0.15
O09617,P0197,1,0.1
O09618,P0021,3,0.15
O09618,P0050,3,0.05
O09618,P0115,1,0.0
O09619,P0118,2,0.0
O09619,P0087,3,0.0
O09619,P0032,1,0.05
O09620,P0173,1,0.05
O09620,P0169,1,0.0
O09621,P0110,3,0.05
O09621,P0044,1,0.05
O09621,P0061,2,0.1
O09622,P0047,1,0.0
O09622,P0074,3,0.0
O09622,P0148,2,0.0
O09622,P0019,4,0.05
O09623,P0058,4,0.0
O09623,P0011,3,0.0
O09623,P0114,1,0.0
O09624,P0158,2,0.05
O09625,P0177,3,0.05
O09625,P0085,3,0.1
O09625,P0124,2,0.1
O09625,P0144,1,0.0
O09626,P0056,1,0.05
O09627,P0144,2,0.05
O09627,P0075,2,0.0
O09627,P0173,2,0.15
O09628,P0014,1,0.05
O09628,P0037,2,0.0
O09629,P0037,2,0.0
O09629,P0048,2,0.05
O09629,P0009,4,0.05
O09630,P0140,3,0.05
O09631,P0193,1,0.0
O09631,P0121,3,0.15
O09631,P0122,1,0.1
O09631,P0128,2,0.0
O09632,P0112,1,0.05
O09632,P0139,1,0.1
O09633,P0187,1,0.2
O09634,P0146,2,0.05
O09635,P0195,3,0.1
O09635,P0180,3,0.0
O09636,P0113,2,0.0
O09636,P0043,1,0.0
O09637,P0157,1,0.05
O09638,P0115,1,0.2
O09638,P0089,3,0.05
O09639,P0061,1,0.1
O09639,P0030,1,0.0
O09639,P0063,1,0.05
O09640,P0104,1,0.05
O09640,P0171,1,0.05
O09641,P0135,2,0.05
O09641,P0157,1,0.05
O09642,P0088,1,0.0
O09642,P0179,2,0.15
O09643,P0074,2,0.1
O09644,P0010,2,0.0
O09644,P0160,3,0.1
O09644,P0154,3,0.2
O09645,P0075,4,0.0
O09645,P0051,2,0.0
O09645,P0040,1,0.1
O09645,P0172,3,0.0
O09646,P0180,1,0.0
O09647,P0049,1,0.05
O09647,P0124,1,0.05
O09647,P0086,1,0.0
O09648,P0058,3,0.05
O09649,P0063,1,0.05
O09649,P0168,2,0.05
O09649,P0039,3,0.15
O09650,P0085,2,0.0
O09650,P0092,3,0.1
O09650,P0157,1,0.0
O09651,P0004,1,0.0
O09652,P0082,2,0.05
O09652,P0052,1,0.1
O09653,P0105,1,0.0
O09654,P0110,2,0.0
O09654,P0005,1,0.0
O09655,P0083,1,0.0
O09655,P0067,1,0.05
O09656,P0089,3,0.05
O09656,P0176,1,0.0
O09656,P0087,2,0.1
O09657,P0199,2,0.0
O09657,P0107,3,0.05
O09658,P0046,2,0.05
O09658,P0006,2,0.05
O09659,P0065,3,0.2
O09660,P0042,1,0.1
O09660,P0134,1,0.0
O09661,P0177,1,0.0
O09661,P0172,1,0.05
O09662,P0011,2,0.1
O09662,P0137,2,0.1
O09662,P0153,1,0.1
O09663,P0008,1,0.0
O09663,P0023,2,0.05
O09663,P0032,3,0.0
O09664,P0151,1,0.05
O09664,P0184,3,0.05
O09665,P0075,3,0.0
O09666,P0064,1,0.0
O09666,P0181,2,0.05
O09667,P0145,5,0.15
O09667,P0015,1,0.0
O09668,P0181,2,0.15
O09668,P0071,1,0.1
O09669,P0164,5,0.0
O09669,P0034,4,0.05
O09670,P0134,2,0.05
O09670,P0191,2,0.0
O09670,P0100,2,0.0
O09671,P0188,1,0.0
O09671,P0084,1,0.0
O09672,P0059,1,0.05
O09672,P0086,1,0.0
O09672,P0163,1,0.0
O09672,P0005,3,0.0
O09673,P0126,2,0.2
O09673,P0015,1,0.05
O09673,P0016,2,0.1
O09674,P0089,3,0.15
O09674,P0053,4,0.0
O09675,P0034,1,0.1
O09675,P0127,1,0.05
O09675,P0164,1,0.1
O09676,P0142,2,0.15
O09676,P0060,5,0.1
O09677,P0122,1,0.1
O09677,P0180,1,0.0
O09678,P0105,3,0.05
O09678,P0117,2,0.0
O09679,P0191,3,0.0
O09679,P0100,1,0.1
O09680,P0004,1,0.0
O09681,P0056,1,0.15
O09682,P0152,3,0.05
O09682,P0056,2,0.0
O09683,P0106,3,0.1
O09683,P0130,2,0.0
O09684,P0067,1,0.0
O09684,P0069,1,0.05
O09685,P0181,1,0.0
O09686,P0198,2,0.05
O09687,P0155,1,0.0
O09688,P0064,3,0.0
O09689,P0087,2,0.15
O09690,P0028,1,0.0
O09691,P0083,3,0.1
O09692,P0093,2,0.05
O09692,P0066,1,0.05
O09693,P0164,2,0.05
O09694,P0181,1,0.05
O09694,P0195,1,0.0
O09695,P0125,2,0.0
O09695,P0150,2,0.05
O09695,P0172,1,0.05
O09696,P0034,3,0.05
O09696,P0139,4,0.05
O09697,P0082,4,0.05
O09697,P0098,1,0.05
O09697,P0086,2,0.1
O09698,P0061,1,0.0
O09699,P0024,4,0.0
O09699,P0079,1,0.1
O09700,P0196,3,0.05
O09700,P0065,1,0.15
O09700,P0148,3,0.0
O09701,P0001,2,0.0
O09701,P0062,1,0.0
O09702,P0065,1,0.05
O09703,P0167,1,0.15
O09704,P0007,1,0.05
O09704,P0083,1,0.05
O09704,P0157,3,0.0
O09705,P0166,1,0.05
O09705,P0050,1,0.1
O09706,P0049,1,0.05
O09706,P0059,3,0.15
O09706,P0077,2,0.0
O09707,P0139,1,0.05
O09707,P0032,1,0.1
O09708,P0168,4,0.05
O09709,P0054,2,0.0
O09710,P0047,3,0.0
O09711,P0047,3,0.05
O09712,P0199,1,0.05
O09712,P0074,1,0.1
O09712,P0033,1,0.2
O09713,P0154,1,0.0
O09713,P0125,2,0.0
O09713,P0009,1,0.0
O09713,P0116,3,0.2
O09714,P0108,1,0.0
O09714,P0187,1,0.15
O09715,P0081,2,0.0
O09716,P0120,4,0.15
O09716,P0189,3,0.1
O09716,P0086,2,0.05
O09717,P0095,1,0.0
O09717,P0178,2,0.05
O09718,P0133,2,0.0
O09718,P0034,1,0.05
O09719,P0106,5,0.0
O09719,P0037,4,0.0
O09720,P0049,1,0.05
O09720,P0187,2,0.15
O09721,P0093,1,0.0
O09721,P0085,1,0.1
O09722,P0051,1,0.05
O09723,P0007,2,0.0
O09723,P0109,2,0.05
O09724,P0072,1,0.0
O09724,P0029,2,0.0
O09725,P0167,1,0.0
O09725,P0036,1,0.05
O09726,P0188,3,0.0
O09727,P0042,3,0.0
O09727,P0064,1,0.0
O09728,P0103,1,0.05
O09728,P0191,1,0.05
O09729,P0111,1,0.05
O09729,P0080,1,0.0
O09730,P0171,2,0.1
O09730,P0073,2,0.05
O09731,P0110,4,0.1
O09731,P0119,4,0.0
O09732,P0185,1,0.1
O09733,P0080,2,0.0
O09733,P0067,1,0.15
O09733,P0068,1,0.05
O09734,P0057,4,0.0
O09734,P0023,1,0.1
O09735,P0020,2,0.0
O09735,P0075,3,0.1
O09736,P0173,1,0.05
O09737,P0197,3,0.05
O09738,P0111,3,0.0
O09738,P0187,1,0.05
O09739,P0200,1,0.05
O09739,P0044,2,0.05
O09739,P0192,3,0.05
O09740,P0116,1,0.05
O09740,P0005,3,0.2
O09741,P0153,3,0.1
O09741,P0132,1,0.0
O09742,P0073,3,0.2
O09742,P0005,2,0.0
O09742,P0044,3,0.05
O09743,P0011,1,0.15
O09743,P0118,1,0.0
O09743,P0003,4,0.1
O09744,P0124,2,0.0
O09745,P0132,2,0.1
O09746,P0175,3,0.0
O09746,P0189,1,0.0
O09746,P0072,2,0.0
O09747,P0009,3,0.2
O09747,P0098,3,0.05
O09747,P0148,1,0.0
O09747,P0157,1,0.0
O09748,P0131,1,0.05
O09748,P0183,5,0.1
O09749,P0038,1,0.1
O09749,P0110,1,0.05
O09749,P0007,1,0.0
O09750,P0090,1,0.05
O09750,P0192,2,0.05
O09751,P0108,2,0.0
O09751,P0159,2,0.05
O09751,P0106,1,0.0
O09752,P0055,1,0.05
O09753,P0086,2,0.1
O09753,P0175,1,0.05
O09753,P0134,3,0.0
O09754,P0100,1,0.05
O09755,P0033,3,0.1
O09755,P0192,1,0.1
O09756,P0091,2,0.05
O09756,P0186,1,0.15
O09757,P0142,2,0.0
O09757,P0150,2,0.0
O09758,P0145,2,0.0
O09758,P0039,2,0.15
O09759,P0116,2,0.2
O09759,P0174,2,0.0
O09760,P0098,1,0.0
O09761,P0079,3,0.0
O09761,P0085,1,0.0
O09761,P0137,1,0.0
O09762,P0125,2,0.0
O09763,P0167,1,0.05
O09763,P0034,2,0.15
O09763,P0158,1,0.05
O09763,P0025,1,0.15
O09764,P0009,3,0.0
O09764,P0127,2,0.0
O09765,P0025,5,0.0
O09765,P0014,2,0.0
O09765,P0180,1,0.05
O09766,P0187,1,0.0
O09767,P0011,1,0.0
O09767,P0003,1,0.0
O09768,P0149,1,0.05
O09769,P0071,3,0.0
O09769,P0177,1,0.0
O09770,P0058,2,0.0
O09770,P0042,3,0.0
O09771,P0061,1,0.0
O09771,P0127,1,0.1
O09772,P0101,4,0.0
O09773,P0013,1,0.05
O09774,P0195,1,0.15
O09774,P0106,1,0.1
O09774,P0129,2,0.05
O09775,P0034,2,0.1
O09775,P0132,2,0.1
O09776,P0030,3,0.0
O09777,P0070,1,0.0
O09777,P0143,1,0.0
O09778,P0118,2,0.1
O09778,P0126,2,0.0
O09779,P0139,4,0.05
O09779,P0187,2,0.1
O09779,P0062,1,0.0
O09780,P0165,1,0.0
O09781,P0046,2,0.05
O09781,P0095,1,0.0
O09782,P0194,1,0.0
O09783,P0102,3,0.05
O09783,P0107,1,0.0
O09784,P0071,1,0.1
O09784,P0044,1,0.05
O09785,P0160,1,0.05
O09786,P0015,2,0.05
O09786,P0140,1,0.05
O09786,P0043,2,0.0
O09787,P0095,1,0.2
O09788,P0094,1,0.1
O09788,P0096,1,0.05
O09788,P0157,2,0.0
O09789,P0152,3,0.0
O09790,P0094,4,0.0
O09791,P0048,2,0.05
O09792,P0043,1,0.05
O09792,P0172,5,0.0
O09793,P0071,1,0.1
O09793,P0180,4,0.1
O09793,P0179,2,0.0
O09793,P0080,1,0.05
O09794,P0099,1,0.0
O09794,P0013,2,0.1
O09795,P0085,2,0.1
O09795,P0116,2,0.05
O09796,P0172,4,0.05
O09797,P0094,2,0.0
O09798,P0023,2,0.05
O09799,P0118,1,0.0
O09799,P0075,3,0.0
O09800,P0171,3,0.05
O09801,P0054,5,0.0
O09801,P0008,1,0.0
O09801,P0096,1,0.0
O09802,P0108,1,0.1
O09803,P0169,1,0.15
O09804,P0181,1,0.05
O09804,P0089,1,0.0
O09804,P0171,3,0.0
O09805,P0028,3,0.05
O09806,P0171,3,0.0
O09806,P0173,1,0.2
O09807,P0026,3,0.05
O09807,P0007,1,0.05
O09808,P0002,2,0.1
O09809,P0135,5,0.05
O09810,P0189,2,0.1
O09811,P0169,1,0.0
O09811,P0193,2,0.1
O09811,P0038,1,0.05
O09812,P0158,1,0.15
O09813,P0122,5,0.05
O09814,P0091,1,0.1
O09814,P0106,1,0.0
O09815,P0137,1,0.05
O09815,P0038,2,0.0
O09815,P0127,2,0.1
O09816,P0061,1,0.1
O09817,P0151,1,0.05
O09817,P0137,1,0.1
O09818,P0163,3,0.0
O09819,P0094,1,0.0
O09819,P0055,1,0.0
O09819,P0021,4,0.1
O09820,P0045,1,0.1
O09821,P0195,2,0.15
O09822,P0015,3,0.05
O09822,P0147,3,0.0
O09822,P0006,1,0.05
O09822,P0033,1,0.1
O09823,P0083,1,0.05
O09823,P0193,1,0.05
O09824,P0187,1,0.0
O09824,P0166,1,0.0
O09824,P0037,2,0.0
O09825,P0122,1,0.05
O09826,P0126,1,0.1
O09827,P0002,2,0.2
O09827,P0078,1,0.05
O09827,P0012,1,0.05
O09828,P0125,2,0.0
O09829,P0185,2,0.2
O09830,P0098,2,0.1
O09830,P0086,1,0.05
O09830,P0195,1,0.15
O09831,P0027,1,0.1
O09831,P0032,2,0.0
O09831,P0049,1,0.0
O09832,P0196,1,0.05
O09833,P0016,3,0.1
O09833,P0142,2,0.05
O09834,P0080,1,0.1
O09835,P0169,1,0.15
O09836,P0022,3,0.1
O09836,P0046,5,0.0
O09837,P0110,1,0.15
O09838,P0194,2,0.15
O09838,P0105,1,0.0
O09839,P0036,4,0.0
O09839,P0021,1,0.0
O09839,P0038,3,0.0
O09840,P0042,1,0.05
O09840,P0001,3,0.05
O09841,P0087,1,0.0
O09841,P0114,1,0.1
O09841,P0081,1,0.0
O09842,P0108,3,0.15
O09842,P0172,1,0.1
O09842,P0048,1,0.15
O09843,P0095,2,0.1
O09844,P0099,2,0.15
O09844,P0055,1,0.0
O09844,P0144,1,0.05
O09844,P0189,1,0.05
O09845,P0192,1,0.2
O09845,P0022,3,0.0
O09846,P0171,1,0.1
O09846,P0036,3,0.15
O09846,P0164,2,0.05
O09847,P0075,2,0.0
O09847,P0098,3,0.0
O09848,P0193,2,0.05
O09848,P0194,3,0.05
O09848,P0131,3,0.05
O09849,P0103,2,0.1
O09849,P0010,1,0.0
O09849,P0131,1,0.05
O09850,P0093,5,0.0
O09851,P0150,2,0.05
O09851,P0028,2,0.1
O09851,P0159,1,0.05
O09851,P0164,4,0.0
O09852,P0098,3,0.15
O09852,P0094,1,0.2
O09853,P0056,1,0.05
O09854,P0157,4,0.05
O09854,P0093,1,0.05
O09855,P0043,3,0.15
O09855,P0087,2,0.1
O09856,P0045,1,0.05
O09857,P0126,2,0.0
O09858,P0006,1,0.1
O09858,P0026,3,0.1
O09859,P0164,1,0.0
O09860,P0074,1,0.0
O09861,P0111,5,0.05
O09861,P0090,1,0.0
O09861,P0089,2,0.15
O09862,P0044,1,0.0
O09862,P0128,1,0.15
O09862,P0012,3,0.0
O09863,P0115,1,0.15
O09864,P0096,1,0.0
O09864,P0073,2,0.1
O09865,P0077,1,0.0
O09865,P0117,1,0.1
O09866,P0171,1,0.15
O09866,P0146,3,0.05
O09867,P0042,1,0.05
O09867,P0183,1,0.0
O09868,P0120,1,0.15
O09868,P0002,2,0.1
O09868,P0048,3,0.1
O09869,P0141,1,0.0
O09870,P0186,2,0.05
O09870,P0112,1,0.1
O09871,P0103,2,0.0
O09871,P0183,4,0.0
O09872,P0162,2,0.05
O09873,P0103,2,0.1
O09874,P0157,1,0.0
O09874,P0164,1,0.0
O09874,P0061,1,0.0
O09874,P0035,1,0.15
O09875,P0084,1,0.05
O09875,P0140,1,0.05
O09875,P0047,2,0.05
O09876,P0162,2,0.0
O09876,P0171,2,0.15
O09876,P0104,2,0.15
O09877,P0108,1,0.0
O09877,P0061,1,0.1
O09877,P0060,4,0.05
O09878,P0087,3,0.05
O09879,P0019,3,0.2
O09879,P0178,2,0.05
O09879,P0125,2,0.1
O09880,P0055,1,0.05
O09880,P0005,1,0.0
O09880,P0135,5,0.05
O09881,P0097,1,0.0
O09881,P0179,2,0.1
O09882,P0090,1,0.0
O09882,P0059,2,0.0
O09883,P0149,1,0.0
O09884,P0094,1,0.15
O09885,P0145,2,0.05
O09885,P0120,1,0.1
O09886,P0019,1,0.0
O09886,P0076,2,0.05
O09887,P0115,5,0.0
O09888,P0084,3,0.05
O09888,P0113,1,0.0
O09889,P0113,2,0.0
O09889,P0085,3,0.1
O09889,P0092,1,0.0
O09890,P0101,2,0.0
O09890,P0146,2,0.2
O09891,P0105,2,0.0
O09891,P0111,2,0.1
O09892,P0064,2,0.1
O09892,P0126,1,0.15
O09893,P0081,5,0.0
O09893,P0134,3,0.15
O09894,P0142,3,0.15
O09895,P0129,2,0.0
O09895,P0040,1,0.05
O09896,P0140,2,0.05
O09896,P0019,2,0.0
O09897,P0010,2,0.0
O09897,P0077,1,0.0
O09897,P0074,2,0.0
O09898,P0029,4,0.05
O09899,P0011,2,0.2
O09899,P0056,1,0.0
O09900,P0010,2,0.0
O09900,P0198,1,0.0
O09900,P0094,1,0.05
O09900,P0192,1,0.0
O09901,P0154,1,0.0
O09902,P0038,2,0.05
O09902,P0105,1,0.05
O09902,P0176,1,0.0
O09903,P0143,1,0.0
O09903,P0030,2,0.1
O09904,P0022,1,0.1
O09904,P0078,1,0.05
O09904,P0105,2,0.1
O09905,P0148,4,0.05
O09906,P0055,1,0.0
O09906,P0126,2,0.0
O09907,P0005,3,0.05
O09907,P0012,1,0.1
O09908,P0174,2,0.0
O09908,P0127,5,0.15
O09908,P0176,3,0.15
O09909,P0145,1,0.0
O09910,P0070,1,0.0
O09910,P0198,3,0.1
O09911,P0005,3,0.0
O09911,P0169,5,0.05
O09911,P0055,1,0.2
O09911,P0057,2,0.0
O09912,P0099,4,0.05
O09912,P0064,2,0.05
O09913,P0132,1,0.1
O09913,P0184,4,0.05
O09913,P0153,5,0.2
O09914,P0130,2,0.05
O09914,P0098,3,0.1
O09915,P0163,4,0.0
O09915,P0141,2,0.1
O09916,P0094,1,0.0
O09916,P0120,4,0.05
O09916,P0055,2,0.05
O09917,P0161,4,0.1
O09917,P0195,1,0.0
O09918,P0057,1,0.05
O09918,P0050,1,0.1
O09918,P0115,1,0.15
O09919,P0141,1,0.1
O09920,P0050,1,0.1
O09921,P0128,1,0.05
O09922,P0162,1,0.0
O09922,P0104,1,0.05
O09922,P0137,1,0.05
O09923,P0001,1,0.05
O09924,P0023,1,0.2
O09925,P0009,2,0.0
O09926,P0050,3,0.0
O09927,P0111,1,0.15
O09928,P0017,2,0.1
O09929,P0002,1,0.0
O09930,P0037,1,0.0
O09930,P0100,1,0.0
O09930,P0127,1,0.0
O09931,P0061,1,0.05
O09931,P0001,2,0.0
O09931,P0060,1,0.05
O09932,P0024,2,0.0
O09932,P0186,1,0.15
O09933,P0180,1,0.05
O09934,P0160,3,0.1
O09935,P0060,2,0.0
O09935,P0151,5,0.0
O09936,P0062,2,0.05
O09936,P0069,1,0.0
O09937,P0139,1,0.0
O09937,P0127,1,0.0
O09937,P0146,3,0.0
O09938,P0026,1,0.1
O09938,P0054,1,0.0
O09938,P0152,1,0.05
O09939,P0128,1,0.05
O09939,P0072,1,0.05
O09940,P0163,1,0.0
O09941,P0018,4,0.1
O09941,P0083,1,0.1
O09941,P0158,1,0.2
O09942,P0091,1,0.0
O09943,P0145,4,0.0
O09944,P0001,1,0.0
O09944,P0014,1,0.0
O09945,P0181,4,0.0
O09945,P0182,1,0.05
O09946,P0079,2,0.0
O09946,P0194,1,0.15
O09947,P0198,2,0.05
O09947,P0157,2,0.0
O09947,P0178,1,0.0
O09948,P0058,1,0.05
O09948,P0128,4,0.0
O09948,P0066,1,0.2
O09949,P0100,2,0.0
O09949,P0141,3,0.0
O09950,P0132,2,0.05
O09951,P0158,1,0.05
O09952,P0128,2,0.0
O09952,P0026,3,0.0
O09952,P0057,2,0.0
O09953,P0054,2,0.05
O09953,P0078,3,0.1
O09954,P0104,1,0.05
O09954,P0113,1,0.1
O09955,P0052,4,0.0
O09956,P0126,2,0.1
O09957,P0114,2,0.0
O09957,P0045,1,0.0
O09957,P0171,2,0.0
O09958,P0117,2,0.0
O09958,P0091,1,0.05
O09959,P0023,1,0.05
O09959,P0067,4,0.0
O09960,P0012,1,0.05
O09961,P0100,3,0.05
O09962,P0066,2,0.0
O09962,P0029,1,0.05
O09962,P0152,4,0.1
O09963,P0002,2,0.05
O09964,P0071,1,0.1
O09965,P0189,2,0.0
O09965,P0177,2,0.0
O09965,P0065,1,0.15
O09965,P0019,1,0.0
O09966,P0100,4,0.0
O09966,P0084,2,0.05
O09967,P0196,4,0.1
O09967,P0081,2,0.05
O09968,P0148,3,0.1
O09968,P0182,2,0.1
O09969,P0150,1,0.05
O09969,P0033,2,0.0
O09970,P0079,1,0.15
O09970,P0075,1,0.15
O09970,P0177,4,0.1
O09971,P0198,2,0.05
O09971,P0096,1,0.05
O09972,P0143,1,0.0
O09972,P0066,5,0.0
O09973,P0072,2,0.05
O09973,P0007,2,0.0
O09974,P0092,2,0.0
O09974,P0087,1,0.0
O09975,P0101,1,0.05
O09976,P0118,2,0.15
O09976,P0151,5,0.1
O09976,P0001,3,0.05
O09977,P0142,2,0.05
O09977,P0160,1,0.0
O09978,P0033,1,0.0
O09979,P0093,1,0.0
O09979,P0039,2,0.15
O09979,P0004,3,0.0
O09980,P0098,2,0.0
O09980,P0192,3,0.1
O09981,P0127,2,0.0
O09981,P0019,2,0.05
O09982,P0180,1,0.05
O09982,P0170,2,0.05
O09983,P0172,1,0.05
O09983,P0009,2,0.15
O09984,P0177,2,0.0
O09984,P0155,1,0.0
O09984,P0125,1,0.1
O09985,P0182,2,0.05
O09985,P0096,1,0.2
O09986,P0167,2,0.0
O09987,P0045,3,0.0
O09987,P0018,1,0.0
O09987,P0142,2,0.1
O09988,P0046,2,0.15
O09989,P0050,1,0.0
O09989,P0153,2,0.0
O09990,P0081,1,0.0
O09990,P0070,1,0.05
O09991,P0025,2,0.0
O09992,P0117,1,0.05
O09993,P0159,1,0.0
O09994,P0001,2,0.05
O09994,P0161,2,0.15
O09994,P0137,2,0.05
O09995,P0152,1,0.1
O09995,P0077,1,0.0
O09996,P0167,1,0.15
O09996,P0004,1,0.0
O09996,P0128,1,0.0
O09997,P0073,1,0.0
O09997,P0184,1,0.1
O09997,P0155,4,0.1
O09997,P0113,1,0.15
O09998,P0130,2,0.0
O09998,P0017,1,0.0
O09999,P0048,3,0.05
O09999,P0030,1,0.2
O09999,P0116,4,0.05
O10000,P0070,1,0.1
O10000,P0159,1,0.15
O10000,P0186,3,0.0
