order_id,customer_id,order_date,region,sales_channel,payment_method
O00001,C1920,2025-08-03,South,Online,Credit Card
O00002,C0321,2025-10-04,West,Online,Credit Card
O00003,C0086,2025-09-27,South,Online,Debit Card
O00004,C1057,2025-09-18,North,Store,Credit Card
O00005,C1982,2025-06-08,North,Online,Cash on Delivery
O00006,C1106,2025-11-09,East,Store,Credit Card
O00007,C1849,2025-04-13,West,Online,Credit Card
O00008,C1285,2025-03-10,South,Online,Net Banking
O00009,C0064,2025-05-25,South,Store,Debit Card
O00010,C0855,2025-04-20,South,Online,Credit Card
O00011,C1541,2025-09-16,West,Online,Credit Card
O00012,C1019,2025-04-10,East,Store,Debit Card
O00013,C0390,2025-09-14,South,Online,Credit Card
O00014,C0362,2025-07-26,West,Online,Debit Card
O00015,C1328,2025-03-09,North,Store,Net Banking
O00016,C0927,2025-04-21,West,Online,UPI
O00017,C1149,2025-07-29,North,Store,Debit Card
O00018,C0747,2025-10-09,West,Store,UPI
O00019,C0679,2025-06-14,South,Online,Debit Card
O00020,C1333,2025-04-11,West,Store,UPI
O00021,C0016,2025-05-06,West,Online,Credit Card
O00022,C0870,2025-02-12,North,Online,UPI
O00023,C0742,2025-01-12,South,Store,Credit Card
O00024,C1559,2025-12-23,West,Online,Debit Card
O00025,C1457,2025-02-13,East,Online,Credit Card
O00026,C0852,2025-02-25,West,Online,Credit Card
O00027,C0526,2025-11-22,South,Online,Cash on Delivery
O00028,C0472,2025-09-16,East,Online,UPI
O00029,C0423,2025-06-28,South,Online,Credit Card
O00030,C0548,2025-09-11,North,Store,Credit Card
O00031,C1522,2025-12-12,South,Store,Net Banking
O00032,C0091,2025-02-14,East,Online,UPI
O00033,C0053,2025-04-16,South,Online,Credit Card
O00034,C1080,2025-11-19,West,Online,Net Banking
O00035,C0447,2025-10-24,East,Online,Credit Card
O00036,C1662,2025-12-30,West,Store,Net Banking
O00037,C1505,2025-05-13,South,Store,UPI
O00038,C1539,2025-12-15,South,Online,UPI
O00039,C0915,2025-05-25,South,Store,Credit Card
O00040,C0876,2025-10-03,South,Store,UPI
O00041,C0852,2025-11-26,West,Online,Credit Card
O00042,C0393,2025-03-17,West,Store,UPI
O00043,C1135,2025-03-31,East,Online,Credit Card
O00044,C1727,2025-08-19,North,Store,Cash on Delivery
O00045,C0514,2025-11-13,East,Store,Cash on Delivery
O00046,C0114,2025-02-05,West,Online,UPI
O00047,C1130,2025-11-16,West,Online,UPI
O00048,C0799,2025-05-24,West,Online,Cash on Delivery
O00049,C1595,2025-06-17,West,Store,Credit Card
O00050,C1714,2025-05-23,South,Store,Credit Card
O00051,C1902,2025-12-05,North,Online,Net Banking
O00052,C0787,2025-02-28,North,Store,Credit Card
O00053,C1804,2025-08-17,South,Online,Credit Card
O00054,C0236,2025-03-07,West,Online,Net Banking
O00055,C0746,2025-12-10,South,Online,Credit Card
O00056,C0532,2025-10-30,West,Store,Debit Card
O00057,C1847,2025-04-12,West,Store,Cash on Delivery
O00058,C1201,2025-05-07,East,Online,Credit Card
O00059,C0732,2025-06-08,West,Store,Net Banking
O00060,C0305,2025-06-17,West,Store,Credit Card
O00061,C1566,2025-11-05,North,Online,Cash on Delivery
O00062,C1310,2025-08-13,East,Online,UPI
O00063,C1706,2025-06-25,North,Online,UPI
O00064,C0877,2025-10-04,West,Online,Debit Card
O00065,C0300,2025-07-06,West,Online,Cash on Delivery
O00066,C0669,2025-02-27,North,Store,Debit Card
O00067,C1241,2025-02-18,North,Online,Debit Card
O00068,C0482,2025-05-18,East,Store,Cash on Delivery
O00069,C0142,2025-08-26,West,Store,Credit Card
O00070,C1647,2025-03-01,North,Online,Net Banking
O00071,C1062,2025-08-08,South,Online,UPI
O00072,C0794,2025-04-26,South,Online,UPI
O00073,C1106,2025-09-27,South,Store,UPI
O00074,C1477,2025-01-14,South,Online,Cash on Delivery
O00075,C0003,2025-07-10,West,Online,UPI
O00076,C0881,2025-01-24,West,Store,Credit Card
O00077,C0509,2025-05-20,North,Store,UPI
O00078,C0184,2025-01-08,West,Online,UPI
O00079,C0072,2025-07-10,South,Store,Credit Card
O00080,C0882,2025-10-20,North,Store,UPI
O00081,C1088,2025-02-15,South,Store,Net Banking
O00082,C1016,2025-10-10,South,Online,Net Banking
O00083,C1566,2025-08-20,East,Store,Debit Card
O00084,C0916,2025-07-23,South,Store,Credit Card
O00085,C1180,2025-08-25,South,Online,Net Banking
O00086,C1633,2025-05-22,North,Store,Credit Card
O00087,C1315,2025-10-01,West,Online,UPI
O00088,C1822,2025-10-24,West,Online,Credit Card
O00089,C0444,2025-10-24,North,Store,Credit Card
O00090,C1574,2025-04-26,West,Store,Credit Card
O00091,C1394,2025-09-13,West,Online,Credit Card
O00092,C1166,2025-03-07,East,Online,Net Banking
O00093,C0008,2025-07-20,South,Online,Debit Card
O00094,C1083,2025-01-02,West,Online,UPI
O00095,C1717,2025-03-26,South,Store,Credit Card
O00096,C1290,2025-09-05,South,Online,Debit Card
O00097,C0011,2025-11-23,East,Store,UPI
O00098,C0576,2025-01-23,North,Online,UPI
O00099,C1139,2025-08-11,South,Store,Debit Card
O00100,C1624,2025-09-07,West,Online,Credit Card
O00101,C0890,2025-12-11,South,Store,UPI
O00102,C1714,2025-09-13,North,Online,Credit Card
O00103,C1592,2025-02-16,West,Online,Credit Card
O00104,C0535,2025-03-07,East,Store,UPI
O00105,C0390,2025-09-07,South,Online,Net Banking
O00106,C1806,2025-04-04,South,Online,Credit Card
O00107,C1179,2025-12-10,East,Store,UPI
O00108,C1698,2025-12-07,East,Store,Net Banking
O00109,C1845,2025-12-16,South,Online,Credit Card
O00110,C0849,2025-05-05,West,Store,Cash on Delivery
O00111,C0092,2025-10-04,East,Online,UPI
O00112,C1819,2025-09-16,North,Online,Credit Card
O00113,C1168,2025-01-17,North,Online,Debit Card
O00114,C0241,2025-04-24,North,Online,Cash on Delivery
O00115,C1060,2025-04-01,East,Online,Net Banking
O00116,C0056,2025-06-04,West,Online,Debit Card
O00117,C0580,2025-12-17,South,Online,Net Banking
O00118,C0696,2025-11-14,West,Online,UPI
O00119,C0909,2025-05-05,North,Online,Debit Card
O00120,C1131,2025-08-01,West,Online,Credit Card
O00121,C1679,2025-03-26,South,Online,UPI
O00122,C0703,2025-04-29,North,Online,UPI
O00123,C1471,2025-01-30,West,Online,UPI
O00124,C1885,2025-09-09,East,Online,UPI
O00125,C1498,2025-09-14,West,Online,UPI
O00126,C0510,2025-11-12,North,Store,UPI
O00127,C1356,2025-11-22,West,Store,Debit Card
O00128,C0563,2025-03-12,South,Store,Credit Card
O00129,C0956,2025-10-12,West,Online,UPI
O00130,C1270,2025-03-01,South,Online,Debit Card
O00131,C0587,2025-06-05,North,Online,UPI
O00132,C0008,2025-07-27,North,Store,Credit Card
O00133,C1675,2025-01-23,South,Online,Cash on Delivery
O00134,C1456,2025-03-11,West,Store,Debit Card
O00135,C0247,2025-04-26,East,Online,Credit Card
O00136,C0755,2025-02-26,South,Store,Credit Card
O00137,C0524,2025-12-12,East,Online,UPI
O00138,C1956,2025-05-03,South,Online,Credit Card
O00139,C1884,2025-07-22,South,Online,UPI
O00140,C1383,2025-12-30,West,Store,Credit Card
O00141,C0882,2025-08-14,South,Store,Cash on Delivery
O00142,C0105,2025-06-19,East,Store,Net Banking
O00143,C0494,2025-12-10,North,Store,Debit Card
O00144,C0186,2025-04-07,North,Online,Debit Card
O00145,C1579,2025-03-20,North,Online,Debit Card
O00146,C0177,2025-08-03,North,Store,Credit Card
O00147,C1356,2025-06-25,North,Online,Net Banking
O00148,C1906,2025-10-30,North,Online,Debit Card
O00149,C0616,2025-01-20,North,Online,Debit Card
O00150,C1369,2025-08-31,West,Online,UPI
O00151,C1759,2025-10-02,West,Online,Credit Card
O00152,C0856,2025-12-23,West,Store,Credit Card
O00153,C0898,2025-03-06,West,Online,UPI
O00154,C0401,2025-04-17,South,Online,Debit Card
O00155,C0856,2025-12-11,West,Online,Cash on Delivery
O00156,C1748,2025-09-05,West,Store,Debit Card
O00157,C1327,2025-01-18,South,Store,UPI
O00158,C0404,2025-02-05,North,Store,UPI
O00159,C1054,2025-10-26,North,Online,Credit Card
O00160,C1414,2025-08-14,South,Store,UPI
O00161,C0155,2025-08-13,East,Store,UPI
O00162,C1527,2025-11-25,East,Online,UPI
O00163,C0403,2025-04-14,East,Store,Credit Card
O00164,C0590,2025-03-12,South,Online,UPI
O00165,C0833,2025-08-30,West,Store,UPI
O00166,C1010,2025-11-26,West,Store,Net Banking
O00167,C1833,2025-04-24,North,Online,Cash on Delivery
O00168,C0446,2025-09-22,North,Online,Net Banking
O00169,C0512,2025-03-09,North,Online,UPI
O00170,C0758,2025-03-17,North,Store,UPI
O00171,C1715,2025-12-01,East,Store,Credit Card
O00172,C1931,2025-02-22,West,Online,Net Banking
O00173,C0909,2025-01-12,East,Store,Debit Card
O00174,C1387,2025-10-23,North,Online,Net Banking
O00175,C1835,2025-06-01,South,Online,Credit Card
O00176,C1694,2025-06-14,North,Online,Cash on Delivery
O00177,C1363,2025-10-31,South,Store,Net Banking
O00178,C1082,2025-03-20,South,Store,UPI
O00179,C1969,2025-09-11,East,Store,Credit Card
O00180,C0479,2025-05-13,West,Store,Credit Card
O00181,C0726,2025-02-16,West,Online,UPI
O00182,C1426,2025-09-24,East,Online,Credit Card
O00183,C0042,2025-05-15,West,Online,Debit Card
O00184,C1002,2025-11-21,South,Online,Credit Card
O00185,C1709,2025-12-07,South,Online,Net Banking
O00186,C0354,2025-11-15,West,Online,UPI
O00187,C1607,2025-05-17,South,Online,Cash on Delivery
O00188,C0825,2025-04-13,South,Online,Credit Card
O00189,C1722,2025-11-29,North,Online,Cash on Delivery
O00190,C1270,2025-07-04,South,Store,UPI
O00191,C0315,2025-10-01,West,Online,Credit Card
O00192,C1471,2025-11-08,South,Store,Cash on Delivery
O00193,C0113,2025-04-29,West,Online,UPI
O00194,C0487,2025-02-23,North,Store,Net Banking
O00195,C1777,2025-09-03,West,Online,Credit Card
O00196,C1752,2025-08-22,South,Online,Credit Card
O00197,C0093,2025-04-26,South,Online,Debit Card
O00198,C0760,2025-08-20,South,Online,UPI
O00199,C0189,2025-10-27,South,Store,Debit Card
O00200,C0543,2025-05-27,West,Online,UPI
O00201,C1935,2025-04-15,South,Online,Debit Card
O00202,C0391,2025-10-06,South,Store,Debit Card
O00203,C1283,2025-10-26,South,Online,UPI
O00204,C1609,2025-12-18,North,Online,UPI
O00205,C1762,2025-03-07,West,Online,Debit Card
O00206,C0709,2025-11-28,West,Online,UPI
O00207,C1394,2025-10-19,West,Online,Debit Card
O00208,C0967,2025-09-29,West,Online,Cash on Delivery
O00209,C0215,2025-05-13,South,Online,UPI
O00210,C0446,2025-01-11,West,Store,Credit Card
O00211,C1497,2025-07-24,West,Online,Cash on Delivery
O00212,C1373,2025-05-02,West,Online,Cash on Delivery
O00213,C1043,2025-05-04,South,Store,UPI
O00214,C1563,2025-12-09,East,Store,Net Banking
O00215,C1383,2025-03-09,North,Store,UPI
O00216,C0679,2025-12-12,South,Online,Debit Card
O00217,C0588,2025-07-23,East,Store,Credit Card
O00218,C1891,2025-11-12,South,Online,UPI
O00219,C1944,2025-05-01,South,Store,Credit Card
O00220,C0062,2025-09-06,South,Store,UPI
O00221,C1582,2025-08-10,East,Online,Credit Card
O00222,C0266,2025-12-08,South,Store,Credit Card
O00223,C1723,2025-03-20,North,Store,Cash on Delivery
O00224,C1178,2025-03-31,North,Store,Credit Card
O00225,C1376,2025-12-16,West,Store,Debit Card
O00226,C1403,2025-02-14,West,Store,UPI
O00227,C1210,2025-09-06,South,Online,Cash on Delivery
O00228,C0502,2025-01-28,North,Online,Credit Card
O00229,C1615,2025-02-04,West,Online,UPI
O00230,C1109,2025-08-24,West,Online,Debit Card
O00231,C1091,2025-08-09,South,Store,UPI
O00232,C0637,2025-08-16,North,Store,UPI
O00233,C0021,2025-07-12,North,Online,UPI
O00234,C1109,2025-10-12,West,Store,Credit Card
O00235,C0691,2025-12-29,West,Store,UPI
O00236,C1319,2025-04-28,South,Store,Net Banking
O00237,C0730,2025-05-17,South,Online,UPI
O00238,C1946,2025-05-17,South,Online,UPI
O00239,C1362,2025-10-19,North,Store,UPI
O00240,C0912,2025-05-26,South,Store,Credit Card
O00241,C1417,2025-09-20,South,Store,UPI
O00242,C1297,2025-07-02,South,Store,UPI
O00243,C1242,2025-08-28,South,Online,UPI
O00244,C1157,2025-11-09,West,Online,Cash on Delivery
O00245,C1864,2025-07-26,North,Store,UPI
O00246,C0636,2025-07-12,West,Online,UPI
O00247,C0865,2025-04-25,West,Store,Credit Card
O00248,C0507,2025-07-27,West,Store,Credit Card
O00249,C1140,2025-04-23,West,Store,UPI
O00250,C1976,2025-11-13,North,Store,Net Banking
O00251,C1217,2025-06-11,North,Online,Debit Card
O00252,C0414,2025-02-27,North,Online,Credit Card
O00253,C1844,2025-04-14,North,Store,Credit Card
O00254,C1581,2025-08-03,East,Store,Net Banking
O00255,C0881,2025-12-06,West,Store,UPI
O00256,C0294,2025-05-08,West,Online,Cash on Delivery
O00257,C0806,2025-04-24,North,Store,UPI
O00258,C1609,2025-06-17,South,Online,Credit Card
O00259,C1155,2025-12-22,West,Online,UPI
O00260,C0372,2025-11-14,East,Store,Debit Card
O00261,C0318,2025-03-08,West,Online,Net Banking
O00262,C1935,2025-08-30,South,Online,Debit Card
O00263,C0895,2025-10-28,West,Online,UPI
O00264,C1372,2025-10-20,South,Store,Net Banking
O00265,C0722,2025-07-17,West,Online,Cash on Delivery
O00266,C0181,2025-10-09,West,Online,UPI
O00267,C0824,2025-08-20,West,Online,UPI
O00268,C1387,2025-03-29,West,Store,Credit Card
O00269,C0667,2025-01-26,South,Online,Debit Card
O00270,C1208,2025-06-04,West,Store,UPI
O00271,C0877,2025-01-29,South,Store,UPI
O00272,C0676,2025-06-13,West,Online,Credit Card
O00273,C0511,2025-11-09,North,Online,Net Banking
O00274,C0522,2025-11-14,South,Online,UPI
O00275,C0512,2025-01-16,East,Online,Credit Card
O00276,C1438,2025-02-01,North,Online,Net Banking
O00277,C0675,2025-09-18,South,Store,UPI
O00278,C1483,2025-07-21,West,Online,Credit Card
O00279,C0623,2025-03-08,South,Online,UPI
O00280,C0655,2025-11-01,South,Online,Debit Card
O00281,C1849,2025-04-05,East,Online,Debit Card
O00282,C1753,2025-02-05,North,Online,Net Banking
O00283,C0802,2025-10-14,North,Online,Credit Card
O00284,C0538,2025-08-28,North,Store,UPI
O00285,C1432,2025-06-13,East,Online,Credit Card
O00286,C0140,2025-09-26,East,Online,Credit Card
O00287,C0913,2025-12-05,South,Store,Debit Card
O00288,C1200,2025-01-16,South,Online,Cash on Delivery
O00289,C1352,2025-09-04,West,Store,Credit Card
O00290,C0215,2025-04-05,South,Online,Debit Card
O00291,C0006,2025-07-12,West,Online,UPI
O00292,C0554,2025-06-24,South,Online,Credit Card
O00293,C0239,2025-06-11,North,Store,Debit Card
O00294,C1015,2025-03-25,South,Store,Debit Card
O00295,C1840,2025-10-31,North,Online,Cash on Delivery
O00296,C0573,2025-06-07,West,Online,Cash on Delivery
O00297,C0908,2025-11-27,South,Online,Credit Card
O00298,C0430,2025-05-29,North,Online,Net Banking
O00299,C0088,2025-11-12,West,Online,Debit Card
O00300,C1407,2025-08-06,North,Store,Credit Card
O00301,C0513,2025-06-10,East,Online,UPI
O00302,C1094,2025-09-29,South,Online,Cash on Delivery
O00303,C1367,2025-10-26,South,Store,Cash on Delivery
O00304,C1680,2025-07-15,South,Online,Credit Card
O00305,C0372,2025-06-24,South,Store,Credit Card
O00306,C1163,2025-08-18,East,Online,UPI
O00307,C1822,2025-08-20,North,Store,UPI
O00308,C0967,2025-06-24,West,Online,Net Banking
O00309,C0082,2025-10-17,North,Online,Credit Card
O00310,C0523,2025-06-15,East,Online,Credit Card
O00311,C1590,2025-07-04,South,Store,UPI
O00312,C1585,2025-08-27,South,Online,Debit Card
O00313,C0629,2025-12-28,North,Online,Debit Card
O00314,C0394,2025-04-22,North,Online,Net Banking
O00315,C0584,2025-04-11,South,Online,Credit Card
O00316,C0485,2025-03-19,West,Store,UPI
O00317,C1482,2025-09-25,South,Store,UPI
O00318,C1684,2025-07-03,West,Store,Net Banking
O00319,C0094,2025-06-11,North,Online,Net Banking
O00320,C1483,2025-03-30,South,Online,Credit Card
O00321,C1505,2025-11-28,North,Online,UPI
O00322,C1226,2025-07-01,West,Online,Debit Card
O00323,C1743,2025-08-28,North,Online,Debit Card
O00324,C0078,2025-02-20,North,Store,Debit Card
O00325,C1400,2025-02-18,West,Store,UPI
O00326,C0255,2025-01-31,South,Online,Cash on Delivery
O00327,C1795,2025-06-03,South,Store,Credit Card
O00328,C1000,2025-07-12,North,Store,Debit Card
O00329,C0182,2025-04-16,North,Store,UPI
O00330,C1493,2025-05-27,South,Store,UPI
O00331,C1499,2025-01-03,East,Online,UPI
O00332,C0929,2025-05-28,North,Online,Credit Card
O00333,C0621,2025-02-23,South,Store,Cash on Delivery
O00334,C0035,2025-02-27,South,Store,Debit Card
O00335,C1816,2025-01-03,West,Online,Cash on Delivery
O00336,C0369,2025-09-27,South,Online,Debit Card
O00337,C1686,2025-12-11,East,Store,UPI
O00338,C1178,2025-09-02,North,Online,Debit Card
O00339,C1371,2025-02-13,South,Online,Debit Card
O00340,C1389,2025-12-28,West,Online,Net Banking
O00341,C1717,2025-12-24,South,Online,Credit Card
O00342,C0067,2025-07-10,West,Online,UPI
O00343,C1983,2025-02-18,South,Online,Debit Card
O00344,C0087,2025-10-05,North,Store,Debit Card
O00345,C1999,2025-12-20,North,Online,Credit Card
O00346,C0523,2025-10-24,East,Store,UPI
O00347,C1692,2025-09-03,South,Online,Credit Card
O00348,C0168,2025-08-29,West,Store,Net Banking
O00349,C0922,2025-12-25,North,Online,UPI
O00350,C1084,2025-02-03,West,Store,Debit Card
O00351,C1909,2025-03-08,West,Online,UPI
O00352,C0248,2025-11-09,East,Online,Credit Card
O00353,C0073,2025-03-06,North,Online,Credit Card
O00354,C1297,2025-06-09,East,Online,UPI
O00355,C0099,2025-05-01,West,Store,Credit Card
O00356,C1555,2025-04-15,West,Online,Debit Card
O00357,C0077,2025-01-12,West,Store,Credit Card
O00358,C1942,2025-08-14,West,Online,UPI
O00359,C1066,2025-06-15,South,Online,Debit Card
O00360,C1897,2025-08-09,North,Store,Credit Card
O00361,C0254,2025-05-10,West,Online,Credit Card
O00362,C0547,2025-12-14,West,Store,Net Banking
O00363,C0910,2025-08-22,East,Online,Credit Card
O00364,C0059,2025-12-20,North,Online,Credit Card
O00365,C0206,2025-05-27,South,Store,UPI
O00366,C0659,2025-01-02,West,Online,Credit Card
O00367,C1475,2025-10-25,West,Store,UPI
O00368,C1417,2025-11-08,South,Online,Net Banking
O00369,C0174,2025-01-27,South,Store,UPI
O00370,C0120,2025-09-03,North,Online,Debit Card
O00371,C1313,2025-09-15,North,Online,Debit Card
O00372,C0720,2025-03-06,East,Online,Credit Card
O00373,C1585,2025-08-09,West,Store,UPI
O00374,C0597,2025-04-15,West,Store,UPI
O00375,C0726,2025-01-08,South,Store,UPI
O00376,C0439,2025-11-21,East,Store,Cash on Delivery
O00377,C0534,2025-07-18,North,Store,UPI
O00378,C1413,2025-10-25,East,Store,Credit Card
O00379,C0943,2025-10-06,West,Online,UPI
O00380,C1319,2025-12-30,South,Online,Debit Card
O00381,C0158,2025-06-29,West,Store,Credit Card
O00382,C1071,2025-06-25,West,Online,Credit Card
O00383,C0918,2025-05-01,South,Store,UPI
O00384,C1822,2025-09-03,South,Online,Cash on Delivery
O00385,C0847,2025-07-16,South,Online,Credit Card
O00386,C0207,2025-10-08,West,Store,UPI
O00387,C1395,2025-05-30,East,Online,Debit Card
O00388,C0300,2025-02-28,North,Store,Net Banking
O00389,C1819,2025-11-19,North,Store,Credit Card
O00390,C0767,2025-11-08,South,Online,Cash on Delivery
O00391,C1570,2025-05-27,North,Store,UPI
O00392,C1312,2025-09-25,West,Online,Net Banking
O00393,C0930,2025-07-19,South,Online,Net Banking
O00394,C1169,2025-10-18,West,Store,Credit Card
O00395,C0366,2025-06-11,South,Online,Credit Card
O00396,C0149,2025-08-03,East,Online,UPI
O00397,C1533,2025-01-27,North,Online,UPI
O00398,C1917,2025-03-18,South,Store,Credit Card
O00399,C1724,2025-10-25,West,Store,Cash on Delivery
O00400,C0611,2025-06-08,West,Online,UPI
O00401,C0717,2025-01-17,South,Online,Credit Card
O00402,C0718,2025-03-15,North,Store,UPI
O00403,C1406,2025-06-19,North,Online,UPI
O00404,C1248,2025-10-04,North,Online,Credit Card
O00405,C1593,2025-06-01,South,Online,Cash on Delivery
O00406,C1891,2025-10-13,West,Store,UPI
O00407,C0785,2025-11-18,South,Online,UPI
O00408,C1326,2025-05-24,South,Online,UPI
O00409,C1001,2025-10-31,South,Online,Credit Card
O00410,C1910,2025-02-26,South,Online,Credit Card
O00411,C0709,2025-06-21,South,Store,UPI
O00412,C0376,2025-02-13,West,Store,UPI
O00413,C0758,2025-01-24,North,Store,UPI
O00414,C1238,2025-01-30,South,Online,UPI
O00415,C1907,2025-02-17,South,Online,Net Banking
O00416,C1658,2025-11-11,East,Online,Net Banking
O00417,C0037,2025-08-06,East,Online,Credit Card
O00418,C1019,2025-12-16,South,Store,Credit Card
O00419,C0319,2025-08-04,West,Online,Credit Card
O00420,C0725,2025-09-04,South,Store,UPI
O00421,C1888,2025-03-22,East,Online,Credit Card
O00422,C1970,2025-08-05,West,Online,Debit Card
O00423,C0308,2025-06-09,South,Online,Credit Card
O00424,C0282,2025-12-11,North,Online,UPI
O00425,C1393,2025-12-11,North,Online,UPI
O00426,C0822,2025-03-28,South,Online,Credit Card
O00427,C0866,2025-09-01,South,Store,Credit Card
O00428,C1747,2025-09-07,West,Online,Debit Card
O00429,C1842,2025-08-12,South,Online,UPI
O00430,C1801,2025-02-25,South,Online,Debit Card
O00431,C1566,2025-09-13,North,Online,Cash on Delivery
O00432,C1961,2025-10-30,North,Store,UPI
O00433,C1440,2025-05-25,North,Online,Credit Card
O00434,C1770,2025-07-27,North,Store,Credit Card
O00435,C1081,2025-02-22,West,Store,Debit Card
O00436,C0102,2025-12-10,West,Online,Net Banking
O00437,C1633,2025-02-19,North,Online,Net Banking
O00438,C1860,2025-04-01,South,Online,Credit Card
O00439,C0625,2025-05-07,South,Online,Debit Card
O00440,C0857,2025-11-08,South,Online,Credit Card
O00441,C1145,2025-09-28,North,Online,Net Banking
O00442,C1304,2025-01-04,West,Store,Net Banking
O00443,C1350,2025-03-22,West,Online,Debit Card
O00444,C0789,2025-10-14,West,Online,UPI
O00445,C1709,2025-06-16,North,Store,UPI
O00446,C1628,2025-01-13,South,Online,Net Banking
O00447,C1885,2025-12-21,West,Online,UPI
O00448,C1152,2025-03-08,North,Online,Credit Card
O00449,C0155,2025-07-25,North,Online,Debit Card
O00450,C1692,2025-04-17,West,Online,Net Banking
O00451,C0159,2025-10-10,South,Online,Net Banking
O00452,C0388,2025-10-23,East,Store,UPI
O00453,C0571,2025-06-14,West,Online,Debit Card
O00454,C0370,2025-09-14,East,Store,Net Banking
O00455,C1448,2025-12-04,North,Online,UPI
O00456,C0881,2025-11-04,East,Online,Credit Card
O00457,C0439,2025-06-20,South,Online,Debit Card
O00458,C0010,2025-06-30,West,Online,Credit Card
O00459,C0433,2025-11-27,South,Online,Credit Card
O00460,C1386,2025-01-16,South,Online,UPI
O00461,C1589,2025-01-11,South,Online,Net Banking
O00462,C0593,2025-03-31,West,Online,UPI
O00463,C0147,2025-11-08,West,Online,Credit Card
O00464,C1115,2025-03-09,North,Online,Credit Card
O00465,C1566,2025-05-02,South,Online,UPI
O00466,C0141,2025-09-04,South,Online,Credit Card
O00467,C1592,2025-03-22,West,Online,UPI
O00468,C0342,2025-05-09,North,Online,UPI
O00469,C0516,2025-07-10,South,Online,Credit Card
O00470,C1246,2025-04-09,North,Store,Credit Card
O00471,C0103,2025-12-29,South,Store,Credit Card
O00472,C0612,2025-03-14,West,Online,UPI
O00473,C0278,2025-11-15,North,Online,Credit Card
O00474,C0430,2025-07-11,West,Store,UPI
O00475,C1547,2025-02-27,North,Online,UPI
O00476,C0458,2025-02-22,East,Online,UPI
O00477,C0087,2025-07-22,South,Store,UPI
O00478,C0430,2025-05-28,South,Online,Credit Card
O00479,C0174,2025-04-12,East,Online,Cash on Delivery
O00480,C1246,2025-12-19,North,Online,UPI
O00481,C1946,2025-07-08,West,Online,Debit Card
O00482,C0336,2025-12-10,South,Online,UPI
O00483,C1458,2025-03-14,South,Online,Credit Card
O00484,C0726,2025-03-22,East,Store,Credit Card
O00485,C0144,2025-08-24,North,Online,UPI
O00486,C1376,2025-04-26,South,Online,Debit Card
O00487,C0420,2025-03-23,South,Online,UPI
O00488,C1028,2025-02-12,North,Store,Net Banking
O00489,C1015,2025-02-04,West,Online,Debit Card
O00490,C1195,2025-10-15,East,Online,Debit Card
O00491,C0270,2025-05-01,West,Online,UPI
O00492,C0502,2025-12-25,South,Online,UPI
O00493,C1475,2025-03-22,South,Online,Debit Card
O00494,C1866,2025-05-29,West,Online,Credit Card
O00495,C0024,2025-06-06,South,Store,Debit Card
O00496,C0828,2025-07-21,South,Online,Credit Card
O00497,C1763,2025-11-22,South,Online,Debit Card
O00498,C0574,2025-11-11,South,Store,Debit Card
O00499,C0896,2025-01-05,North,Online,UPI
O00500,C1809,2025-06-18,South,Online,Net Banking
O00501,C1938,2025-11-08,West,Online,Debit Card
O00502,C1311,2025-01-01,North,Online,UPI
O00503,C1389,2025-08-02,South,Online,UPI
O00504,C1228,2025-04-22,West,Store,Debit Card
O00505,C0568,2025-06-20,North,Online,Debit Card
O00506,C1774,2025-06-22,West,Online,Cash on Delivery
O00507,C0069,2025-06-12,West,Online,Debit Card
O00508,C0118,2025-11-29,North,Online,UPI
O00509,C1204,2025-08-03,East,Store,UPI
O00510,C1676,2025-12-02,North,Online,Credit Card
O00511,C1629,2025-10-07,West,Online,Credit Card
O00512,C1356,2025-05-28,West,Online,Cash on Delivery
O00513,C0753,2025-07-19,West,Store,Debit Card
O00514,C0720,2025-06-11,South,Online,Cash on Delivery
O00515,C0852,2025-11-09,West,Online,Debit Card
O00516,C0513,2025-03-24,North,Store,Debit Card
O00517,C0839,2025-12-12,South,Online,Credit Card
O00518,C0210,2025-08-19,East,Online,Credit Card
O00519,C0640,2025-08-29,East,Store,Credit Card
O00520,C1883,2025-07-27,South,Store,Net Banking
O00521,C1414,2025-08-10,South,Store,UPI
O00522,C0284,2025-09-17,East,Store,Cash on Delivery
O00523,C0573,2025-09-13,South,Online,Credit Card
O00524,C0519,2025-04-04,North,Store,Credit Card
O00525,C0564,2025-08-19,South,Store,UPI
O00526,C1383,2025-05-29,South,Online,UPI
O00527,C1791,2025-09-07,South,Store,Credit Card
O00528,C1421,2025-08-07,South,Store,UPI
O00529,C0977,2025-03-20,East,Store,UPI
O00530,C0322,2025-10-09,South,Online,UPI
O00531,C0286,2025-07-06,South,Online,UPI
O00532,C1629,2025-08-09,North,Store,Cash on Delivery
O00533,C1356,2025-09-19,East,Store,Credit Card
O00534,C1021,2025-09-12,West,Online,Credit Card
O00535,C1155,2025-10-14,North,Online,Cash on Delivery
O00536,C1697,2025-04-01,South,Online,Credit Card
O00537,C1628,2025-02-19,North,Online,Cash on Delivery
O00538,C0175,2025-09-18,North,Online,Cash on Delivery
O00539,C0791,2025-04-12,East,Store,Debit Card
O00540,C0086,2025-02-21,North,Online,Credit Card
O00541,C0770,2025-02-28,East,Store,Net Banking
O00542,C1274,2025-05-13,West,Online,Credit Card
O00543,C0417,2025-12-29,North,Online,Credit Card
O00544,C0301,2025-03-11,North,Online,UPI
O00545,C0982,2025-05-07,South,Online,UPI
O00546,C1050,2025-12-07,East,Store,UPI
O00547,C1429,2025-12-20,North,Online,Net Banking
O00548,C0029,2025-04-10,East,Store,UPI
O00549,C0496,2025-11-25,West,Online,Credit Card
O00550,C1560,2025-03-03,North,Store,Credit Card
O00551,C1364,2025-10-18,South,Online,Credit Card
O00552,C1800,2025-01-07,East,Online,Net Banking
O00553,C1630,2025-06-17,South,Online,Net Banking
O00554,C1678,2025-04-17,West,Online,Debit Card
O00555,C1022,2025-09-29,South,Online,Debit Card
O00556,C1917,2025-01-08,North,Store,Net Banking
O00557,C0832,2025-07-09,West,Store,Credit Card
O00558,C1807,2025-09-27,East,Online,Credit Card
O00559,C0784,2025-01-22,East,Online,UPI
O00560,C0889,2025-11-30,West,Online,UPI
O00561,C1372,2025-05-31,North,Store,Cash on Delivery
O00562,C0797,2025-03-14,North,Store,Debit Card
O00563,C0295,2025-04-08,West,Online,Credit Card
O00564,C1793,2025-05-23,South,Online,UPI
O00565,C0906,2025-03-28,South,Online,Debit Card
O00566,C1854,2025-07-25,South,Online,Cash on Delivery
O00567,C0799,2025-09-06,West,Online,Cash on Delivery
O00568,C1946,2025-06-27,West,Online,Debit Card
O00569,C1206,2025-06-25,West,Store,Debit Card
O00570,C1537,2025-10-25,East,Online,UPI
O00571,C1512,2025-05-08,South,Store,UPI
O00572,C0404,2025-09-02,East,Store,UPI
O00573,C1631,2025-11-29,North,Online,Credit Card
O00574,C1890,2025-04-07,North,Online,Cash on Delivery
O00575,C1323,2025-09-01,West,Online,Net Banking
O00576,C1895,2025-12-16,South,Store,UPI
O00577,C1693,2025-08-01,East,Online,Credit Card
O00578,C1333,2025-12-25,North,Store,UPI
O00579,C0955,2025-05-12,North,Store,Credit Card
O00580,C1715,2025-08-13,South,Online,Net Banking
O00581,C0371,2025-05-12,West,Online,Net Banking
O00582,C1123,2025-01-02,West,Online,Net Banking
O00583,C1632,2025-12-31,North,Online,Credit Card
O00584,C1889,2025-04-14,North,Online,Debit Card
O00585,C0535,2025-12-23,South,Store,Cash on Delivery
O00586,C0188,2025-09-12,South,Online,Debit Card
O00587,C0667,2025-12-02,South,Online,UPI
O00588,C1728,2025-12-22,South,Store,Credit Card
O00589,C1048,2025-08-14,South,Online,UPI
O00590,C0112,2025-12-31,South,Online,UPI
O00591,C0239,2025-10-20,West,Online,Credit Card
O00592,C0679,2025-07-30,North,Store,Debit Card
O00593,C0686,2025-09-13,North,Online,UPI
O00594,C0271,2025-03-26,South,Online,Credit Card
O00595,C0989,2025-01-06,South,Store,Credit Card
O00596,C0959,2025-04-21,North,Store,Net Banking
O00597,C0399,2025-06-28,West,Online,UPI
O00598,C0465,2025-04-09,South,Online,UPI
O00599,C1329,2025-07-26,West,Store,Debit Card
O00600,C1905,2025-09-14,East,Online,Credit Card
O00601,C1993,2025-09-13,West,Store,UPI
O00602,C1119,2025-11-29,East,Online,Debit Card
O00603,C0077,2025-12-21,South,Store,Credit Card
O00604,C1796,2025-11-28,South,Store,Credit Card
O00605,C1902,2025-09-01,South,Online,Debit Card
O00606,C0557,2025-03-31,North,Online,UPI
O00607,C0801,2025-12-14,West,Online,UPI
O00608,C0052,2025-03-18,West,Store,Credit Card
O00609,C1603,2025-03-09,East,Store,UPI
O00610,C1552,2025-05-15,West,Store,UPI
O00611,C0042,2025-08-16,South,Online,Credit Card
O00612,C1405,2025-09-22,North,Store,Credit Card
O00613,C0824,2025-01-07,South,Store,Net Banking
O00614,C1091,2025-10-24,West,Online,Debit Card
O00615,C0437,2025-03-18,East,Store,Cash on Delivery
O00616,C1631,2025-05-06,West,Online,Credit Card
O00617,C0809,2025-05-16,South,Store,Credit Card
O00618,C1681,2025-05-20,West,Store,UPI
O00619,C0297,2025-10-18,South,Online,UPI
O00620,C1176,2025-01-19,South,Online,UPI
O00621,C0621,2025-03-27,West,Store,UPI
O00622,C1932,2025-01-11,South,Online,Debit Card
O00623,C1114,2025-10-24,South,Online,Credit Card
O00624,C1440,2025-12-27,West,Online,UPI
O00625,C0173,2025-09-15,West,Online,Debit Card
O00626,C1354,2025-08-22,West,Online,UPI
O00627,C0203,2025-12-04,East,Online,Net Banking
O00628,C0723,2025-04-20,South,Store,Net Banking
O00629,C0445,2025-01-31,South,Store,UPI
O00630,C0005,2025-07-25,East,Store,UPI
O00631,C1173,2025-04-22,South,Online,Cash on Delivery
O00632,C0482,2025-07-04,East,Store,Net Banking
O00633,C1026,2025-07-06,North,Online,Cash on Delivery
O00634,C1528,2025-05-15,West,Store,UPI
O00635,C0357,2025-07-17,South,Store,Debit Card
O00636,C1420,2025-06-08,West,Online,UPI
O00637,C0595,2025-02-20,North,Store,Credit Card
O00638,C0663,2025-11-21,South,Store,UPI
O00639,C1154,2025-09-28,North,Online,Debit Card
O00640,C1252,2025-01-19,North,Store,Credit Card
O00641,C1311,2025-02-21,North,Store,Net Banking
O00642,C0391,2025-02-13,South,Online,UPI
O00643,C1160,2025-01-29,North,Online,Cash on Delivery
O00644,C0528,2025-01-27,North,Store,Credit Card
O00645,C0554,2025-03-11,South,Store,Cash on Delivery
O00646,C1895,2025-11-15,East,Online,Debit Card
O00647,C0202,2025-11-09,South,Online,UPI
O00648,C0827,2025-10-25,East,Online,Net Banking
O00649,C0879,2025-08-30,South,Online,Credit Card
O00650,C0490,2025-10-06,South,Online,UPI
O00651,C1571,2025-10-11,North,Online,UPI
O00652,C0975,2025-11-28,South,Store,Cash on Delivery
O00653,C1439,2025-10-09,South,Online,Cash on Delivery
O00654,C0775,2025-10-10,South,Store,Credit Card
O00655,C1794,2025-11-01,North,Store,UPI
O00656,C1460,2025-08-10,South,Store,Credit Card
O00657,C0667,2025-04-03,North,Store,UPI
O00658,C1925,2025-02-08,West,Store,Debit Card
O00659,C1731,2025-06-22,West,Online,Credit Card
O00660,C1184,2025-02-11,West,Online,Credit Card
O00661,C0033,2025-03-16,South,Online,Net Banking
O00662,C1183,2025-01-11,East,Online,Cash on Delivery
O00663,C1382,2025-05-08,North,Online,UPI
O00664,C0730,2025-12-22,East,Online,Credit Card
O00665,C0288,2025-06-07,North,Online,Credit Card
O00666,C1130,2025-04-14,North,Online,UPI
O00667,C1604,2025-06-16,East,Online,Credit Card
O00668,C0639,2025-05-08,West,Store,UPI
O00669,C0913,2025-09-19,East,Online,UPI
O00670,C0003,2025-09-06,South,Online,Net Banking
O00671,C1408,2025-01-13,South,Online,Credit Card
O00672,C1733,2025-07-25,West,Online,Debit Card
O00673,C1553,2025-01-17,West,Store,UPI
O00674,C0859,2025-09-21,West,Online,Debit Card
O00675,C0091,2025-12-12,West,Online,Debit Card
O00676,C0985,2025-12-03,West,Store,Net Banking
O00677,C1881,2025-03-31,East,Online,UPI
O00678,C0168,2025-10-12,South,Online,Credit Card
O00679,C0428,2025-10-28,South,Online,Cash on Delivery
O00680,C1675,2025-11-20,North,Online,UPI
O00681,C1137,2025-04-22,North,Online,UPI
O00682,C0341,2025-07-04,North,Store,Credit Card
O00683,C0049,2025-04-07,South,Online,Cash on Delivery
O00684,C0822,2025-01-12,South,Online,UPI
O00685,C1190,2025-09-14,East,Online,UPI
O00686,C1681,2025-06-27,South,Online,Cash on Delivery
O00687,C1768,2025-04-17,North,Online,Credit Card
O00688,C0916,2025-11-14,South,Store,UPI
O00689,C0845,2025-07-20,West,Store,Credit Card
O00690,C1863,2025-12-30,North,Store,UPI
O00691,C1554,2025-10-28,West,Online,Credit Card
O00692,C0419,2025-11-21,South,Online,UPI
O00693,C1363,2025-10-22,North,Online,Credit Card
O00694,C1431,2025-02-17,South,Online,Debit Card
O00695,C0468,2025-01-30,South,Online,UPI
O00696,C1956,2025-12-06,West,Online,Credit Card
O00697,C0594,2025-03-03,West,Store,Cash on Delivery
O00698,C1100,2025-06-12,North,Store,Credit Card
O00699,C0988,2025-08-29,West,Online,Cash on Delivery
O00700,C1385,2025-04-03,West,Online,Cash on Delivery
O00701,C1804,2025-04-08,South,Online,UPI
O00702,C0787,2025-07-09,East,Store,Credit Card
O00703,C0770,2025-05-31,South,Online,Net Banking
O00704,C1503,2025-09-20,East,Store,Debit Card
O00705,C1905,2025-02-04,West,Online,Debit Card
O00706,C1818,2025-07-17,West,Store,UPI
O00707,C1506,2025-03-18,North,Store,Cash on Delivery
O00708,C1407,2025-08-28,West,Online,UPI
O00709,C1538,2025-02-22,West,Store,Debit Card
O00710,C1872,2025-03-28,East,Store,Net Banking
O00711,C0022,2025-11-01,North,Online,Credit Card
O00712,C1178,2025-04-12,West,Online,Credit Card
O00713,C0069,2025-10-10,North,Online,Debit Card
O00714,C1155,2025-04-27,West,Online,Cash on Delivery
O00715,C0790,2025-04-12,North,Store,Credit Card
O00716,C0610,2025-05-07,South,Online,Debit Card
O00717,C1782,2025-11-25,South,Store,UPI
O00718,C1420,2025-06-14,West,Online,UPI
O00719,C1135,2025-04-16,South,Online,UPI
O00720,C1764,2025-08-03,North,Online,Credit Card
O00721,C0196,2025-06-10,South,Store,Credit Card
O00722,C1293,2025-10-27,South,Online,UPI
O00723,C0313,2025-12-29,North,Online,UPI
O00724,C0467,2025-07-31,West,Store,UPI
O00725,C0371,2025-07-04,East,Online,Net Banking
O00726,C1089,2025-05-24,South,Store,UPI
O00727,C1259,2025-12-23,South,Online,Credit Card
O00728,C1512,2025-07-15,South,Store,Net Banking
O00729,C0882,2025-03-20,West,Online,Net Banking
O00730,C1879,2025-12-22,South,Online,Debit Card
O00731,C0748,2025-12-20,North,Online,UPI
O00732,C0314,2025-06-28,South,Online,UPI
O00733,C0074,2025-05-26,East,Store,UPI
O00734,C0255,2025-09-22,West,Online,Net Banking
O00735,C0891,2025-11-09,North,Online,UPI
O00736,C0826,2025-07-21,South,Online,Credit Card
O00737,C1709,2025-05-20,South,Store,UPI
O00738,C0252,2025-05-08,West,Online,Credit Card
O00739,C0525,2025-05-18,West,Store,Credit Card
O00740,C1961,2025-02-22,West,Store,Credit Card
O00741,C0058,2025-10-24,South,Online,UPI
O00742,C0849,2025-02-17,South,Store,Credit Card
O00743,C0397,2025-06-14,East,Online,UPI
O00744,C1068,2025-11-11,South,Store,Credit Card
O00745,C1948,2025-06-16,South,Store,Debit Card
O00746,C0455,2025-05-06,West,Online,Credit Card
O00747,C0741,2025-12-16,South,Online,UPI
O00748,C0899,2025-02-26,West,Online,Debit Card
O00749,C1597,2025-11-26,North,Online,Credit Card
O00750,C1970,2025-01-29,West,Online,Credit Card
O00751,C0194,2025-06-20,North,Store,UPI
O00752,C0978,2025-09-05,South,Online,Cash on Delivery
O00753,C1506,2025-06-04,South,Online,Credit Card
O00754,C0018,2025-08-03,North,Online,Credit Card
O00755,C1613,2025-03-30,South,Online,UPI
O00756,C0486,2025-08-15,South,Online,Debit Card
O00757,C1037,2025-03-01,West,Online,UPI
O00758,C1957,2025-10-29,North,Online,Debit Card
O00759,C1271,2025-08-20,South,Online,UPI
O00760,C1979,2025-07-15,East,Store,UPI
O00761,C1207,2025-01-25,South,Store,Debit Card
O00762,C0421,2025-07-21,East,Online,Credit Card
O00763,C1386,2025-08-13,South,Online,UPI
O00764,C1231,2025-04-24,North,Online,Net Banking
O00765,C0622,2025-09-21,West,Online,Cash on Delivery
O00766,C0154,2025-02-04,North,Store,Credit Card
O00767,C1297,2025-04-01,West,Online,Debit Card
O00768,C1155,2025-10-10,East,Online,Credit Card
O00769,C1548,2025-03-07,North,Store,Credit Card
O00770,C0252,2025-04-16,West,Store,Debit Card
O00771,C1078,2025-09-12,South,Online,Debit Card
O00772,C1638,2025-10-08,South,Online,UPI
O00773,C1783,2025-01-24,East,Online,UPI
O00774,C1880,2025-02-26,East,Store,Credit Card
O00775,C0424,2025-07-02,South,Online,Debit Card
O00776,C0346,2025-08-23,South,Online,Credit Card
O00777,C1153,2025-07-05,South,Online,UPI
O00778,C0926,2025-09-10,South,Online,Credit Card
O00779,C0469,2025-10-16,South,Online,Debit Card
O00780,C0205,2025-12-16,North,Store,UPI
O00781,C0288,2025-05-27,South,Online,Net Banking
O00782,C0679,2025-03-13,East,Store,Credit Card
O00783,C1479,2025-04-24,East,Online,Net Banking
O00784,C0131,2025-03-07,South,Store,Credit Card
O00785,C0211,2025-06-13,West,Online,Credit Card
O00786,C0530,2025-11-22,West,Online,Cash on Delivery
O00787,C1748,2025-05-26,South,Online,Credit Card
O00788,C1981,2025-03-07,North,Online,UPI
O00789,C0881,2025-07-29,West,Online,Cash on Delivery
O00790,C0090,2025-12-29,South,Store,Credit Card
O00791,C0024,2025-03-24,East,Online,Debit Card
O00792,C1718,2025-10-23,South,Online,UPI
O00793,C0890,2025-11-07,South,Online,Net Banking
O00794,C0155,2025-06-15,East,Store,Cash on Delivery
O00795,C1667,2025-09-01,South,Online,Credit Card
O00796,C1058,2025-06-27,South,Online,UPI
O00797,C0700,2025-04-23,South,Online,Credit Card
O00798,C0905,2025-06-25,South,Store,UPI
O00799,C0451,2025-02-12,West,Store,Credit Card
O00800,C1864,2025-09-30,North,Online,Debit Card
O00801,C1576,2025-11-09,West,Online,UPI
O00802,C0399,2025-05-11,West,Online,Cash on Delivery
O00803,C1470,2025-08-14,South,Online,Debit Card
O00804,C0360,2025-04-11,West,Store,Credit Card
O00805,C0907,2025-02-26,East,Store,Credit Card
O00806,C1498,2025-09-16,North,Online,Net Banking
O00807,C0073,2025-03-01,North,Store,Credit Card
O00808,C1452,2025-10-25,South,Online,Cash on Delivery
O00809,C0452,2025-04-27,West,Store,UPI
O00810,C1399,2025-11-05,North,Store,UPI
O00811,C0999,2025-06-03,East,Store,Credit Card
O00812,C0053,2025-06-03,North,Online,UPI
O00813,C1524,2025-10-15,West,Online,Credit Card
O00814,C0520,2025-07-25,South,Online,Credit Card
O00815,C1905,2025-03-29,South,Online,UPI
O00816,C1680,2025-11-16,South,Online,UPI
O00817,C0386,2025-05-23,West,Store,UPI
O00818,C1202,2025-02-16,South,Online,UPI
O00819,C0725,2025-06-21,West,Online,UPI
O00820,C1205,2025-08-16,West,Store,UPI
O00821,C1115,2025-08-29,West,Online,Cash on Delivery
O00822,C0592,2025-11-11,West,Online,UPI
O00823,C1303,2025-08-05,South,Online,UPI
O00824,C0521,2025-04-07,West,Store,Cash on Delivery
O00825,C1815,2025-04-23,East,Online,Debit Card
O00826,C1894,2025-02-15,West,Online,UPI
O00827,C0332,2025-10-10,East,Online,Net Banking
O00828,C1456,2025-02-17,West,Online,Net Banking
O00829,C1859,2025-08-27,North,Store,Debit Card
O00830,C0254,2025-08-24,West,Store,Debit Card
O00831,C1480,2025-10-26,North,Online,Credit Card
O00832,C1876,2025-02-03,East,Online,Cash on Delivery
O00833,C0451,2025-03-30,West,Online,Credit Card
O00834,C1165,2025-12-04,North,Store,Net Banking
O00835,C1596,2025-08-16,East,Online,UPI
O00836,C0667,2025-07-06,North,Online,Debit Card
O00837,C0476,2025-10-14,South,Online,Cash on Delivery
O00838,C0795,2025-12-02,South,Online,UPI
O00839,C0671,2025-04-23,East,Store,UPI
O00840,C1451,2025-12-01,North,Online,Net Banking
O00841,C0742,2025-02-18,East,Store,Debit Card
O00842,C0753,2025-12-25,South,Online,Debit Card
O00843,C1890,2025-03-14,North,Online,Cash on Delivery
O00844,C1158,2025-04-25,North,Store,UPI
O00845,C1859,2025-02-13,East,Online,Debit Card
O00846,C1421,2025-11-01,North,Store,Debit Card
O00847,C1771,2025-12-27,South,Online,UPI
O00848,C0391,2025-05-07,North,Online,UPI
O00849,C1877,2025-05-18,West,Online,Debit Card
O00850,C1889,2025-04-30,South,Store,Debit Card
O00851,C0082,2025-03-10,South,Store,Debit Card
O00852,C0713,2025-10-27,East,Online,Credit Card
O00853,C0827,2025-01-28,South,Store,Debit Card
O00854,C0839,2025-12-22,West,Online,Credit Card
O00855,C1557,2025-12-09,North,Store,UPI
O00856,C1398,2025-02-22,East,Online,Debit Card
O00857,C0426,2025-08-01,North,Store,Debit Card
O00858,C1218,2025-12-29,South,Store,Net Banking
O00859,C1950,2025-11-16,South,Online,Credit Card
O00860,C0881,2025-10-03,South,Store,Debit Card
O00861,C1857,2025-01-11,South,Store,Cash on Delivery
O00862,C1300,2025-02-01,North,Online,Credit Card
O00863,C1850,2025-10-29,West,Store,Credit Card
O00864,C1806,2025-06-06,South,Online,Cash on Delivery
O00865,C0034,2025-09-18,East,Store,UPI
O00866,C1601,2025-10-11,South,Store,Debit Card
O00867,C0379,2025-06-23,South,Online,Credit Card
O00868,C1649,2025-03-05,West,Online,Credit Card
O00869,C1617,2025-06-10,South,Online,Net Banking
O00870,C0517,2025-11-22,South,Store,UPI
O00871,C0133,2025-05-20,East,Store,UPI
O00872,C0839,2025-01-29,North,Store,UPI
O00873,C0606,2025-12-19,North,Store,Net Banking
O00874,C1108,2025-09-22,North,Online,Credit Card
O00875,C0165,2025-08-05,South,Online,Debit Card
O00876,C0089,2025-11-09,North,Store,UPI
O00877,C0875,2025-06-19,West,Online,Credit Card
O00878,C1540,2025-12-27,South,Online,Credit Card
O00879,C0630,2025-11-18,South,Online,UPI
O00880,C0647,2025-04-30,West,Online,Credit Card
O00881,C0329,2025-06-04,South,Online,UPI
O00882,C0566,2025-04-28,South,Online,UPI
O00883,C0598,2025-09-15,South,Online,Credit Card
O00884,C0519,2025-09-08,West,Online,Credit Card
O00885,C0688,2025-07-29,South,Online,UPI
O00886,C0567,2025-12-21,West,Online,Credit Card
O00887,C1362,2025-07-11,South,Store,Credit Card
O00888,C0677,2025-10-25,West,Online,Cash on Delivery
O00889,C1510,2025-09-14,South,Store,Debit Card
O00890,C1210,2025-07-28,West,Online,Cash on Delivery
O00891,C1281,2025-01-20,North,Online,Credit Card
O00892,C1168,2025-09-14,North,Store,Net Banking
O00893,C1846,2025-09-09,South,Online,UPI
O00894,C0512,2025-02-25,West,Online,Credit Card
O00895,C1965,2025-10-29,North,Online,Credit Card
O00896,C0413,2025-07-10,South,Store,Debit Card
O00897,C0277,2025-05-17,West,Store,Net Banking
O00898,C1653,2025-11-07,West,Online,Debit Card
O00899,C1792,2025-05-25,North,Store,UPI
O00900,C0186,2025-09-02,West,Online,Debit Card
O00901,C1200,2025-09-01,East,Store,Debit Card
O00902,C1026,2025-01-25,North,Store,UPI
O00903,C0441,2025-06-23,West,Online,UPI
O00904,C1042,2025-04-07,South,Online,Debit Card
O00905,C1372,2025-03-29,West,Store,UPI
O00906,C1149,2025-09-13,South,Online,UPI
O00907,C1040,2025-01-06,West,Store,Net Banking
O00908,C1772,2025-12-22,South,Online,Cash on Delivery
O00909,C0452,2025-06-13,North,Store,Credit Card
O00910,C1248,2025-05-07,North,Online,Cash on Delivery
O00911,C0634,2025-12-07,East,Store,Net Banking
O00912,C1948,2025-07-17,South,Online,Credit Card
O00913,C0504,2025-08-30,East,Store,Debit Card
O00914,C1743,2025-09-27,North,Store,Cash on Delivery
O00915,C1265,2025-11-22,East,Store,Debit Card
O00916,C0430,2025-02-27,North,Store,Credit Card
O00917,C1518,2025-02-06,South,Online,UPI
O00918,C0483,2025-12-30,East,Online,Credit Card
O00919,C0525,2025-01-05,West,Online,UPI
O00920,C0690,2025-10-01,North,Online,UPI
O00921,C1364,2025-08-29,South,Online,Credit Card
O00922,C0784,2025-08-09,South,Store,Credit Card
O00923,C1139,2025-10-26,South,Store,UPI
O00924,C1106,2025-12-29,West,Online,Net Banking
O00925,C0394,2025-01-22,West,Online,UPI
O00926,C0466,2025-08-30,East,Online,Debit Card
O00927,C0614,2025-10-04,South,Store,Credit Card
O00928,C0445,2025-05-10,South,Store,Cash on Delivery
O00929,C1838,2025-11-29,South,Online,UPI
O00930,C0763,2025-07-06,South,Online,UPI
O00931,C0810,2025-03-14,West,Store,Debit Card
O00932,C1345,2025-11-17,North,Online,Credit Card
O00933,C1577,2025-12-14,East,Store,Net Banking
O00934,C1377,2025-02-14,South,Online,UPI
O00935,C1103,2025-10-15,South,Store,UPI
O00936,C1953,2025-04-04,North,Store,UPI
O00937,C1800,2025-01-04,South,Online,Debit Card
O00938,C0405,2025-04-22,North,Online,Credit Card
O00939,C0321,2025-11-17,West,Online,UPI
O00940,C0786,2025-03-04,East,Online,Debit Card
O00941,C1671,2025-02-28,South,Online,UPI
O00942,C1930,2025-10-11,East,Online,UPI
O00943,C1406,2025-06-17,East,Store,UPI
O00944,C1381,2025-03-07,South,Online,Net Banking
O00945,C0468,2025-04-10,West,Online,Debit Card
O00946,C1185,2025-10-29,West,Store,Credit Card
O00947,C0369,2025-09-02,South,Online,Credit Card
O00948,C1080,2025-10-18,East,Online,Cash on Delivery
O00949,C0388,2025-02-14,South,Store,UPI
O00950,C0152,2025-07-06,South,Store,UPI
O00951,C1935,2025-10-30,South,Online,Net Banking
O00952,C1787,2025-04-24,West,Store,Credit Card
O00953,C1371,2025-03-16,East,Online,Cash on Delivery
O00954,C1252,2025-06-08,North,Online,Debit Card
O00955,C0480,2025-05-21,North,Online,Debit Card
O00956,C1144,2025-03-23,South,Online,Credit Card
O00957,C1497,2025-12-18,North,Online,UPI
O00958,C1080,2025-07-15,West,Online,Cash on Delivery
O00959,C0564,2025-08-28,West,Store,Credit Card
O00960,C0784,2025-02-24,West,Online,UPI
O00961,C1682,2025-08-29,East,Store,UPI
O00962,C0510,2025-08-10,North,Online,Credit Card
O00963,C1923,2025-12-11,North,Store,UPI
O00964,C1511,2025-06-20,West,Online,UPI
O00965,C1781,2025-10-25,South,Online,UPI
O00966,C1020,2025-05-09,West,Store,Net Banking
O00967,C0448,2025-08-18,North,Online,Credit Card
O00968,C0068,2025-12-09,North,Store,Credit Card
O00969,C1070,2025-09-03,West,Store,UPI
O00970,C0799,2025-10-02,South,Store,Debit Card
O00971,C0228,2025-11-24,South,Online,Debit Card
O00972,C1858,2025-12-09,South,Store,UPI
O00973,C1941,2025-04-01,North,Online,Cash on Delivery
O00974,C0748,2025-03-27,East,Store,UPI
O00975,C1337,2025-08-08,West,Online,UPI
O00976,C0827,2025-12-30,North,Online,UPI
O00977,C0994,2025-07-18,North,Store,Cash on Delivery
O00978,C1248,2025-05-20,South,Online,Net Banking
O00979,C0833,2025-08-04,South,Store,Debit Card
O00980,C1604,2025-01-30,South,Online,Credit Card
O00981,C0379,2025-03-19,East,Store,Credit Card
O00982,C1337,2025-03-07,South,Online,Credit Card
O00983,C1967,2025-01-13,West,Online,Credit Card
O00984,C1701,2025-10-05,West,Online,Net Banking
O00985,C0092,2025-05-18,North,Online,Debit Card
O00986,C0228,2025-03-16,South,Store,Credit Card
O00987,C1258,2025-07-26,East,Store,Cash on Delivery
O00988,C1850,2025-05-17,South,Store,UPI
O00989,C1689,2025-06-12,East,Store,UPI
O00990,C1808,2025-05-14,West,Store,Credit Card
O00991,C0300,2025-01-02,West,Online,Cash on Delivery
O00992,C1039,2025-09-24,North,Online,UPI
O00993,C1452,2025-02-19,West,Store,UPI
O00994,C1250,2025-04-06,South,Store,Credit Card
O00995,C1555,2025-03-25,North,Online,Cash on Delivery
O00996,C0426,2025-05-20,West,Online,Credit Card
O00997,C0915,2025-03-12,West,Online,Debit Card
O00998,C0896,2025-05-26,North,Store,Net Banking
O00999,C1880,2025-04-15,North,Online,Debit Card
O01000,C0406,2025-01-28,West,Store,UPI
O01001,C0653,2025-11-22,South,Store,UPI
O01002,C0044,2025-05-10,South,Store,UPI
O01003,C0304,2025-02-12,West,Online,Net Banking
O01004,C1962,2025-07-29,South,Store,Net Banking
O01005,C1696,2025-02-25,South,Store,UPI
O01006,C0519,2025-10-22,North,Online,Credit Card
O01007,C1405,2025-01-29,South,Online,UPI
O01008,C1187,2025-07-09,South,Online,Credit Card
O01009,C1814,2025-12-14,North,Online,Credit Card
O01010,C0601,2025-03-12,North,Online,Cash on Delivery
O01011,C1989,2025-03-29,North,Online,Credit Card
O01012,C0742,2025-08-26,West,Store,UPI
O01013,C1434,2025-12-25,West,Online,Credit Card
O01014,C0796,2025-06-10,East,Online,Cash on Delivery
O01015,C1344,2025-09-11,South,Online,Credit Card
O01016,C0671,2025-03-09,South,Store,Net Banking
O01017,C1687,2025-09-08,South,Store,Credit Card
O01018,C1275,2025-04-19,East,Store,Credit Card
O01019,C0578,2025-08-30,South,Store,Credit Card
O01020,C1922,2025-02-10,West,Online,Net Banking
O01021,C1419,2025-07-30,West,Online,Credit Card
O01022,C0858,2025-04-13,East,Online,Credit Card
O01023,C0272,2025-09-22,South,Store,Debit Card
O01024,C1947,2025-10-14,West,Online,UPI
O01025,C1510,2025-11-15,East,Online,UPI
O01026,C1336,2025-12-29,South,Online,UPI
O01027,C1667,2025-07-07,West,Store,Credit Card
O01028,C1215,2025-09-18,South,Online,Net Banking
O01029,C0465,2025-01-09,South,Store,Credit Card
O01030,C0475,2025-12-03,South,Store,Credit Card
O01031,C0159,2025-08-31,South,Online,UPI
O01032,C0126,2025-06-23,South,Store,Cash on Delivery
O01033,C1458,2025-06-28,North,Online,UPI
O01034,C1704,2025-10-17,West,Online,UPI
O01035,C0328,2025-11-10,West,Online,Net Banking
O01036,C1148,2025-11-02,North,Online,Net Banking
O01037,C0248,2025-07-25,East,Online,UPI
O01038,C0829,2025-06-04,South,Store,Credit Card
O01039,C1582,2025-12-15,South,Store,Net Banking
O01040,C1624,2025-09-06,South,Online,UPI
O01041,C1898,2025-08-06,East,Online,Cash on Delivery
O01042,C0622,2025-08-25,North,Online,Credit Card
O01043,C1898,2025-09-05,West,Online,Credit Card
O01044,C1568,2025-10-02,South,Store,UPI
O01045,C0678,2025-08-09,West,Online,UPI
O01046,C0656,2025-11-23,North,Store,UPI
O01047,C0216,2025-11-18,South,Store,Credit Card
O01048,C1842,2025-07-01,South,Online,Cash on Delivery
O01049,C0407,2025-03-16,South,Online,Credit Card
O01050,C0536,2025-08-17,North,Store,Credit Card
O01051,C0826,2025-09-01,East,Online,Credit Card
O01052,C0276,2025-07-30,South,Online,UPI
O01053,C1612,2025-11-28,East,Store,Debit Card
O01054,C1397,2025-02-11,West,Store,Credit Card
O01055,C0314,2025-05-03,North,Store,Credit Card
O01056,C0326,2025-11-20,East,Store,Debit Card
O01057,C0044,2025-12-13,West,Store,Credit Card
O01058,C1899,2025-06-25,South,Online,Net Banking
O01059,C0872,2025-03-26,South,Online,Debit Card
O01060,C1312,2025-06-22,North,Store,UPI
O01061,C0300,2025-07-06,West,Online,UPI
O01062,C0462,2025-07-28,South,Store,UPI
O01063,C1083,2025-04-28,West,Online,Cash on Delivery
O01064,C0418,2025-05-13,South,Store,Net Banking
O01065,C1226,2025-09-13,South,Store,Cash on Delivery
O01066,C1848,2025-09-02,North,Store,Debit Card
O01067,C0611,2025-09-15,West,Online,Cash on Delivery
O01068,C1216,2025-06-06,South,Online,Credit Card
O01069,C1832,2025-05-22,West,Online,Debit Card
O01070,C1788,2025-05-28,East,Online,Credit Card
O01071,C0016,2025-12-17,South,Online,Net Banking
O01072,C0221,2025-06-13,South,Store,Cash on Delivery
O01073,C1973,2025-08-27,West,Store,Debit Card
O01074,C1851,2025-07-30,South,Online,Net Banking
O01075,C0644,2025-11-24,South,Store,Net Banking
O01076,C1041,2025-06-03,South,Online,UPI
O01077,C1146,2025-06-28,South,Online,Credit Card
O01078,C1337,2025-11-13,North,Store,Debit Card
O01079,C1501,2025-03-13,South,Store,Debit Card
O01080,C0746,2025-08-23,West,Store,Credit Card
O01081,C1780,2025-06-15,North,Online,Credit Card
O01082,C0119,2025-12-27,South,Online,UPI
O01083,C0065,2025-10-05,South,Online,Cash on Delivery
O01084,C1916,2025-01-05,East,Store,Debit Card
O01085,C0355,2025-11-12,West,Online,Debit Card
O01086,C1990,2025-09-29,North,Online,UPI
O01087,C0572,2025-08-12,West,Online,UPI
O01088,C0730,2025-04-12,East,Online,Credit Card
O01089,C0056,2025-03-08,South,Online,UPI
O01090,C1888,2025-09-04,South,Store,UPI
O01091,C0719,2025-06-30,North,Online,UPI
O01092,C0336,2025-11-19,South,Online,UPI
O01093,C0967,2025-04-23,West,Store,UPI
O01094,C0310,2025-09-07,South,Online,Debit Card
O01095,C1580,2025-04-18,South,Online,Debit Card
O01096,C0147,2025-09-07,North,Store,Credit Card
O01097,C0999,2025-01-23,West,Online,Cash on Delivery
O01098,C0783,2025-06-12,West,Store,Credit Card
O01099,C0075,2025-03-17,South,Online,Net Banking
O01100,C0105,2025-08-27,South,Store,UPI
O01101,C1038,2025-05-14,North,Online,UPI
O01102,C0790,2025-10-21,South,Online,Credit Card
O01103,C0260,2025-02-21,West,Online,Cash on Delivery
O01104,C0277,2025-08-10,West,Online,Cash on Delivery
O01105,C1610,2025-08-23,South,Online,Credit Card
O01106,C1462,2025-01-11,South,Online,Net Banking
O01107,C1216,2025-01-17,North,Online,UPI
O01108,C1667,2025-05-11,West,Online,Debit Card
O01109,C0139,2025-08-28,South,Online,UPI
O01110,C1376,2025-12-20,East,Online,Credit Card
O01111,C1506,2025-02-10,South,Online,UPI
O01112,C0401,2025-09-29,North,Store,Credit Card
O01113,C1073,2025-09-26,South,Store,Credit Card
O01114,C1534,2025-09-18,West,Online,Credit Card
O01115,C1207,2025-07-27,West,Store,UPI
O01116,C0500,2025-12-21,South,Store,Credit Card
O01117,C1330,2025-07-22,North,Store,UPI
O01118,C1519,2025-11-12,South,Online,UPI
O01119,C0020,2025-04-23,West,Online,Credit Card
O01120,C1135,2025-11-02,North,Store,UPI
O01121,C1010,2025-12-30,West,Online,Credit Card
O01122,C0734,2025-12-04,West,Store,Credit Card
O01123,C0089,2025-05-09,South,Store,Credit Card
O01124,C0167,2025-11-14,South,Online,Credit Card
O01125,C1501,2025-02-12,East,Online,UPI
O01126,C1656,2025-09-21,West,Online,UPI
O01127,C0839,2025-05-24,North,Store,Credit Card
O01128,C1880,2025-09-14,West,Store,Net Banking
O01129,C1856,2025-06-20,West,Store,UPI
O01130,C1332,2025-01-05,South,Online,UPI
O01131,C1162,2025-04-11,South,Store,Net Banking
O01132,C1930,2025-01-20,West,Online,Credit Card
O01133,C1220,2025-06-25,South,Online,UPI
O01134,C1869,2025-11-12,South,Online,UPI
O01135,C1958,2025-10-11,West,Online,Cash on Delivery
O01136,C0390,2025-10-27,West,Online,Credit Card
O01137,C1322,2025-11-02,West,Online,UPI
O01138,C1463,2025-06-04,North,Online,Credit Card
O01139,C1641,2025-07-24,West,Online,UPI
O01140,C0699,2025-07-24,South,Online,UPI
O01141,C1724,2025-02-20,North,Store,Cash on Delivery
O01142,C0976,2025-08-25,West,Online,Credit Card
O01143,C0774,2025-10-05,West,Online,Debit Card
O01144,C0314,2025-08-29,East,Online,Net Banking
O01145,C0643,2025-10-13,South,Online,UPI
O01146,C1950,2025-02-23,West,Online,UPI
O01147,C1433,2025-10-18,South,Online,UPI
O01148,C1453,2025-04-01,South,Store,Debit Card
O01149,C1792,2025-11-24,West,Online,Credit Card
O01150,C0534,2025-04-16,South,Online,Credit Card
O01151,C1324,2025-07-19,South,Store,UPI
O01152,C0743,2025-07-17,West,Online,UPI
O01153,C1696,2025-04-26,South,Online,Credit Card
O01154,C0845,2025-06-01,West,Online,UPI
O01155,C1710,2025-03-23,South,Store,Net Banking
O01156,C1496,2025-08-15,West,Online,Cash on Delivery
O01157,C1544,2025-12-05,West,Online,Cash on Delivery
O01158,C1852,2025-05-14,West,Online,Credit Card
O01159,C1582,2025-07-24,North,Online,UPI
O01160,C0643,2025-11-19,East,Online,Credit Card
O01161,C1044,2025-07-04,South,Online,UPI
O01162,C0946,2025-11-09,West,Online,Cash on Delivery
O01163,C0130,2025-07-02,East,Online,Debit Card
O01164,C1187,2025-06-30,North,Store,UPI
O01165,C0875,2025-03-11,East,Online,Debit Card
O01166,C0787,2025-02-25,North,Online,UPI
O01167,C0220,2025-08-29,North,Online,Debit Card
O01168,C1009,2025-11-08,South,Store,Credit Card
O01169,C1159,2025-03-02,South,Store,Net Banking
O01170,C0212,2025-12-04,West,Online,Cash on Delivery
O01171,C1270,2025-05-30,West,Online,Credit Card
O01172,C0336,2025-06-24,North,Online,Credit Card
O01173,C0291,2025-11-29,East,Online,UPI
O01174,C0803,2025-11-30,South,Online,Net Banking
O01175,C0779,2025-07-30,West,Online,Credit Card
O01176,C1830,2025-04-29,East,Store,Cash on Delivery
O01177,C0136,2025-03-17,North,Online,Net Banking
O01178,C0699,2025-04-27,North,Online,UPI
O01179,C1470,2025-10-24,North,Online,UPI
O01180,C0500,2025-05-17,East,Online,Debit Card
O01181,C1964,2025-09-26,West,Online,UPI
O01182,C1486,2025-03-27,South,Store,UPI
O01183,C1893,2025-07-14,South,Online,Credit Card
O01184,C1899,2025-05-28,West,Online,Credit Card
O01185,C0219,2025-07-23,North,Online,Credit Card
O01186,C0919,2025-08-15,West,Store,UPI
O01187,C1490,2025-12-29,West,Store,UPI
O01188,C0018,2025-12-01,West,Online,UPI
O01189,C0905,2025-09-27,North,Store,Debit Card
O01190,C1377,2025-03-10,South,Online,Credit Card
O01191,C1586,2025-12-07,West,Online,Credit Card
O01192,C0831,2025-11-29,South,Online,Cash on Delivery
O01193,C1727,2025-11-27,West,Store,Cash on Delivery
O01194,C1348,2025-07-14,West,Store,UPI
O01195,C0091,2025-03-17,West,Store,Net Banking
O01196,C0556,2025-10-16,West,Store,UPI
O01197,C1876,2025-06-11,East,Online,Debit Card
O01198,C0005,2025-05-25,East,Store,UPI
O01199,C0217,2025-06-12,South,Online,UPI
O01200,C0689,2025-08-11,South,Store,Cash on Delivery
O01201,C1988,2025-05-21,South,Online,Credit Card
O01202,C1410,2025-09-25,South,Online,Credit Card
O01203,C0296,2025-09-11,South,Online,Net Banking
O01204,C0787,2025-07-25,East,Online,UPI
O01205,C1880,2025-01-25,East,Online,UPI
O01206,C0439,2025-12-12,South,Store,Credit Card
O01207,C1151,2025-06-19,North,Store,Debit Card
O01208,C0929,2025-07-03,North,Online,Debit Card
O01209,C1521,2025-07-06,West,Online,Credit Card
O01210,C1505,2025-06-02,East,Online,Credit Card
O01211,C1667,2025-09-20,East,Online,Credit Card
O01212,C0239,2025-01-07,East,Online,Credit Card
O01213,C0908,2025-11-23,North,Store,UPI
O01214,C1384,2025-02-16,West,Store,UPI
O01215,C0838,2025-12-31,South,Online,Debit Card
O01216,C1335,2025-09-04,East,Store,Net Banking
O01217,C1272,2025-01-31,South,Online,Credit Card
O01218,C0742,2025-08-12,West,Store,Credit Card
O01219,C0201,2025-05-20,South,Store,Debit Card
O01220,C1941,2025-12-17,West,Online,UPI
O01221,C1652,2025-10-16,South,Online,Credit Card
O01222,C1790,2025-07-24,North,Store,Credit Card
O01223,C0600,2025-06-26,West,Online,Credit Card
O01224,C0633,2025-12-30,West,Online,UPI
O01225,C0647,2025-09-17,West,Online,Cash on Delivery
O01226,C0063,2025-07-26,West,Online,UPI
O01227,C0340,2025-06-14,North,Online,UPI
O01228,C0617,2025-05-17,East,Online,Credit Card
O01229,C1975,2025-09-30,North,Online,Net Banking
O01230,C0410,2025-08-21,West,Online,Debit Card
O01231,C1016,2025-11-15,North,Store,Credit Card
O01232,C1095,2025-08-09,West,Online,Credit Card
O01233,C0720,2025-08-19,North,Store,Credit Card
O01234,C1838,2025-07-13,North,Online,UPI
O01235,C0187,2025-10-19,West,Online,UPI
O01236,C1741,2025-06-21,West,Online,Credit Card
O01237,C1488,2025-11-16,North,Store,Credit Card
O01238,C0612,2025-05-18,South,Online,Debit Card
O01239,C1536,2025-09-26,North,Online,Cash on Delivery
O01240,C0858,2025-11-29,West,Store,Credit Card
O01241,C1942,2025-10-21,West,Online,Debit Card
O01242,C0074,2025-05-24,North,Online,Cash on Delivery
O01243,C0060,2025-09-30,South,Store,UPI
O01244,C1089,2025-04-01,South,Online,Credit Card
O01245,C1863,2025-01-27,West,Store,Debit Card
O01246,C0127,2025-10-28,South,Store,Credit Card
O01247,C1556,2025-11-02,South,Store,Net Banking
O01248,C1878,2025-01-11,North,Online,Credit Card
O01249,C0973,2025-12-16,South,Online,Cash on Delivery
O01250,C1734,2025-07-02,West,Store,UPI
O01251,C1514,2025-12-03,South,Online,Net Banking
O01252,C0429,2025-10-27,South,Online,UPI
O01253,C1709,2025-12-01,West,Store,UPI
O01254,C1399,2025-11-10,East,Store,UPI
O01255,C0026,2025-12-24,West,Online,Credit Card
O01256,C1137,2025-09-04,South,Store,UPI
O01257,C1309,2025-04-09,West,Online,UPI
O01258,C1603,2025-06-11,West,Store,Debit Card
O01259,C1543,2025-10-15,West,Online,Credit Card
O01260,C0952,2025-03-11,South,Online,Credit Card
O01261,C0598,2025-12-10,South,Online,Credit Card
O01262,C0384,2025-03-31,West,Online,Net Banking
O01263,C0179,2025-11-24,North,Online,Debit Card
O01264,C1280,2025-07-16,North,Store,Credit Card
O01265,C1920,2025-11-12,West,Online,Net Banking
O01266,C0161,2025-12-19,North,Store,Net Banking
O01267,C1406,2025-06-23,West,Online,Credit Card
O01268,C1170,2025-09-27,West,Online,UPI
O01269,C0344,2025-04-09,North,Online,UPI
O01270,C0426,2025-10-31,South,Store,Debit Card
O01271,C0569,2025-11-06,East,Online,Cash on Delivery
O01272,C1370,2025-05-06,South,Online,UPI
O01273,C0598,2025-01-12,West,Online,Credit Card
O01274,C1657,2025-06-26,West,Store,UPI
O01275,C0740,2025-03-16,East,Store,Credit Card
O01276,C0220,2025-11-05,South,Store,Net Banking
O01277,C0191,2025-04-22,East,Store,Net Banking
O01278,C0801,2025-12-14,South,Store,Cash on Delivery
O01279,C0816,2025-12-23,South,Store,Credit Card
O01280,C1468,2025-12-04,East,Store,Debit Card
O01281,C0958,2025-08-25,South,Online,Net Banking
O01282,C0328,2025-04-25,West,Online,Debit Card
O01283,C0427,2025-11-02,West,Store,Cash on Delivery
O01284,C1134,2025-09-29,East,Store,UPI
O01285,C0669,2025-12-25,North,Store,UPI
O01286,C1344,2025-06-06,South,Online,UPI
O01287,C1847,2025-01-27,North,Store,Net Banking
O01288,C0710,2025-12-31,South,Online,UPI
O01289,C1104,2025-11-12,West,Online,Net Banking
O01290,C1664,2025-04-07,North,Online,Credit Card
O01291,C0421,2025-10-06,North,Online,Debit Card
O01292,C1022,2025-01-01,North,Online,Debit Card
O01293,C0611,2025-08-11,North,Online,Credit Card
O01294,C1254,2025-06-01,West,Store,UPI
O01295,C1487,2025-06-08,East,Online,Debit Card
O01296,C0282,2025-04-16,South,Online,Cash on Delivery
O01297,C0375,2025-04-28,West,Store,UPI
O01298,C0047,2025-07-05,North,Store,UPI
O01299,C0025,2025-04-17,South,Store,Net Banking
O01300,C0102,2025-07-09,West,Online,UPI
O01301,C1414,2025-08-18,North,Online,UPI
O01302,C1808,2025-10-02,West,Store,Net Banking
O01303,C0820,2025-09-20,South,Online,Debit Card
O01304,C1766,2025-04-15,South,Store,UPI
O01305,C1460,2025-01-18,South,Online,Cash on Delivery
O01306,C1616,2025-11-10,South,Store,Debit Card
O01307,C1480,2025-11-22,South,Online,UPI
O01308,C0400,2025-12-25,North,Online,Credit Card
O01309,C1047,2025-12-19,South,Online,Net Banking
O01310,C1051,2025-09-06,North,Online,Debit Card
O01311,C1284,2025-11-29,East,Online,Credit Card
O01312,C1593,2025-07-03,South,Online,Credit Card
O01313,C0226,2025-10-27,East,Online,UPI
O01314,C1350,2025-12-18,South,Online,Debit Card
O01315,C1667,2025-10-29,North,Online,UPI
O01316,C0232,2025-06-21,East,Online,Net Banking
O01317,C0830,2025-06-07,North,Store,UPI
O01318,C1792,2025-05-05,South,Online,UPI
O01319,C0049,2025-06-03,South,Store,UPI
O01320,C0322,2025-11-06,South,Online,Net Banking
O01321,C1608,2025-09-29,East,Online,Credit Card
O01322,C0344,2025-04-18,South,Store,Credit Card
O01323,C1404,2025-10-02,West,Store,Credit Card
O01324,C1803,2025-06-07,South,Store,Credit Card
O01325,C0998,2025-08-11,West,Online,Net Banking
O01326,C0970,2025-06-04,West,Online,Credit Card
O01327,C0858,2025-07-29,South,Online,UPI
O01328,C0746,2025-10-08,West,Online,Net Banking
O01329,C0761,2025-10-08,West,Store,Credit Card
O01330,C1108,2025-10-15,West,Online,Credit Card
O01331,C1792,2025-06-12,West,Online,UPI
O01332,C1963,2025-09-25,West,Online,Net Banking
O01333,C1732,2025-04-14,North,Online,Cash on Delivery
O01334,C0240,2025-07-13,West,Online,Credit Card
O01335,C0614,2025-08-20,West,Online,UPI
O01336,C1514,2025-09-24,South,Store,UPI
O01337,C1092,2025-12-05,South,Online,UPI
O01338,C0669,2025-05-10,North,Online,Credit Card
O01339,C0623,2025-11-14,East,Online,Credit Card
O01340,C0235,2025-05-12,South,Online,Credit Card
O01341,C0665,2025-08-09,West,Online,UPI
O01342,C0844,2025-11-08,West,Store,UPI
O01343,C0832,2025-10-06,North,Online,Cash on Delivery
O01344,C1098,2025-11-19,South,Online,UPI
O01345,C0546,2025-11-04,East,Store,Cash on Delivery
O01346,C0412,2025-04-29,South,Online,Credit Card
O01347,C1776,2025-12-29,East,Online,UPI
O01348,C0811,2025-12-12,South,Online,Debit Card
O01349,C0510,2025-06-26,South,Online,Cash on Delivery
O01350,C1272,2025-01-22,South,Online,Net Banking
O01351,C1085,2025-05-09,South,Store,UPI
O01352,C1153,2025-11-11,East,Store,UPI
O01353,C0444,2025-12-17,West,Online,Credit Card
O01354,C1447,2025-11-10,South,Store,UPI
O01355,C0385,2025-06-14,East,Online,UPI
O01356,C1673,2025-01-26,South,Store,Cash on Delivery
O01357,C0849,2025-07-28,South,Online,Debit Card
O01358,C0819,2025-06-06,South,Online,Net Banking
O01359,C0777,2025-02-24,West,Store,Credit Card
O01360,C0846,2025-02-17,East,Online,UPI
O01361,C1331,2025-03-09,South,Store,UPI
O01362,C0994,2025-03-31,North,Online,Debit Card
O01363,C0254,2025-10-16,South,Store,Credit Card
O01364,C1133,2025-06-08,South,Online,Credit Card
O01365,C0535,2025-06-29,North,Online,UPI
O01366,C0217,2025-08-25,North,Online,Credit Card
O01367,C1680,2025-12-19,West,Online,UPI
O01368,C0626,2025-10-17,South,Online,UPI
O01369,C1191,2025-09-10,South,Store,Net Banking
O01370,C0344,2025-10-12,North,Store,Debit Card
O01371,C0679,2025-10-04,West,Online,Net Banking
O01372,C0772,2025-09-25,West,Online,Net Banking
O01373,C0268,2025-07-20,South,Online,Credit Card
O01374,C1947,2025-08-14,North,Store,UPI
O01375,C0624,2025-07-08,South,Store,Credit Card
O01376,C1166,2025-06-13,North,Online,UPI
O01377,C1132,2025-04-26,North,Online,Net Banking
O01378,C0859,2025-05-29,South,Online,Net Banking
O01379,C1172,2025-06-26,West,Online,Credit Card
O01380,C1132,2025-08-18,West,Online,Credit Card
O01381,C0161,2025-07-21,West,Online,UPI
O01382,C1339,2025-02-18,East,Store,UPI
O01383,C0229,2025-05-23,West,Online,Credit Card
O01384,C0870,2025-06-06,South,Online,Cash on Delivery
O01385,C0730,2025-09-30,South,Online,UPI
O01386,C0896,2025-05-21,North,Online,Cash on Delivery
O01387,C0144,2025-01-04,South,Store,Credit Card
O01388,C1403,2025-02-08,North,Store,Credit Card
O01389,C0838,2025-07-20,South,Online,UPI
O01390,C0122,2025-03-24,South,Online,UPI
O01391,C0008,2025-07-19,South,Store,Credit Card
O01392,C1081,2025-08-16,East,Store,Debit Card
O01393,C1333,2025-12-11,North,Store,Credit Card
O01394,C1095,2025-09-13,West,Online,UPI
O01395,C1441,2025-01-15,South,Online,UPI
O01396,C1514,2025-06-08,East,Online,UPI
O01397,C1744,2025-10-28,East,Online,Debit Card
O01398,C1966,2025-04-22,West,Store,Debit Card
O01399,C1770,2025-12-09,North,Online,UPI
O01400,C1592,2025-08-01,East,Online,Net Banking
O01401,C0862,2025-02-11,South,Online,UPI
O01402,C1008,2025-04-15,South,Online,Net Banking
O01403,C1233,2025-12-03,West,Store,Credit Card
O01404,C0339,2025-12-29,West,Online,Debit Card
O01405,C1356,2025-11-19,North,Online,UPI
O01406,C1177,2025-05-16,West,Store,Debit Card
O01407,C1041,2025-10-21,South,Online,Debit Card
O01408,C1669,2025-04-07,West,Online,UPI
O01409,C1375,2025-06-09,North,Online,UPI
O01410,C1865,2025-09-27,South,Online,Debit Card
O01411,C1954,2025-12-22,South,Online,Credit Card
O01412,C1651,2025-06-29,South,Online,Debit Card
O01413,C0596,2025-07-20,North,Online,UPI
O01414,C0378,2025-04-06,South,Store,UPI
O01415,C0599,2025-06-16,South,Store,Debit Card
O01416,C1426,2025-01-29,North,Online,UPI
O01417,C1729,2025-11-18,South,Online,UPI
O01418,C1761,2025-01-11,North,Online,UPI
O01419,C1368,2025-09-23,West,Online,Net Banking
O01420,C1363,2025-04-27,North,Online,Credit Card
O01421,C1904,2025-07-13,South,Online,Credit Card
O01422,C1372,2025-05-01,South,Online,Credit Card
O01423,C0282,2025-06-15,South,Online,Credit Card
O01424,C1001,2025-08-07,East,Online,UPI
O01425,C0718,2025-09-08,North,Store,UPI
O01426,C1274,2025-12-13,South,Online,UPI
O01427,C1272,2025-05-20,South,Store,Cash on Delivery
O01428,C0589,2025-08-20,South,Online,Debit Card
O01429,C0600,2025-12-02,South,Online,Net Banking
O01430,C0178,2025-05-04,South,Store,Net Banking
O01431,C0587,2025-11-20,East,Online,UPI
O01432,C1656,2025-12-19,South,Store,Debit Card
O01433,C1311,2025-11-15,East,Online,Credit Card
O01434,C1887,2025-08-15,South,Online,Net Banking
O01435,C1853,2025-10-05,North,Online,Cash on Delivery
O01436,C1714,2025-07-15,West,Online,Credit Card
O01437,C0360,2025-08-24,South,Store,Debit Card
O01438,C0668,2025-12-24,North,Online,UPI
O01439,C0115,2025-04-19,South,Online,Net Banking
O01440,C0188,2025-10-28,East,Online,UPI
O01441,C0463,2025-07-24,North,Online,Credit Card
O01442,C0561,2025-03-19,East,Online,Net Banking
O01443,C0031,2025-09-09,North,Online,UPI
O01444,C1686,2025-10-28,South,Online,Credit Card
O01445,C1055,2025-08-15,West,Store,Credit Card
O01446,C1312,2025-11-11,North,Online,Credit Card
O01447,C1308,2025-06-02,South,Store,UPI
O01448,C1934,2025-12-05,West,Store,UPI
O01449,C0295,2025-09-11,South,Online,Credit Card
O01450,C0686,2025-11-01,North,Store,Credit Card
O01451,C0617,2025-04-27,South,Online,Cash on Delivery
O01452,C1103,2025-07-02,South,Online,Debit Card
O01453,C1053,2025-12-04,East,Store,Debit Card
O01454,C1581,2025-01-24,North,Online,UPI
O01455,C1122,2025-06-16,South,Store,Cash on Delivery
O01456,C0468,2025-10-24,South,Store,UPI
O01457,C1130,2025-10-12,North,Store,Cash on Delivery
O01458,C1929,2025-11-16,South,Online,Cash on Delivery
O01459,C1158,2025-10-11,West,Online,Cash on Delivery
O01460,C1185,2025-12-15,North,Online,UPI
O01461,C0352,2025-07-21,South,Online,UPI
O01462,C0016,2025-09-03,South,Store,Debit Card
O01463,C0420,2025-11-15,South,Online,Credit Card
O01464,C0051,2025-09-29,South,Online,Credit Card
O01465,C0905,2025-02-15,West,Store,Credit Card
O01466,C1765,2025-06-03,South,Online,Debit Card
O01467,C0894,2025-08-09,East,Store,Credit Card
O01468,C1291,2025-10-16,North,Online,Credit Card
O01469,C1712,2025-08-06,South,Online,Debit Card
O01470,C1527,2025-10-23,West,Online,UPI
O01471,C1302,2025-11-12,West,Online,Debit Card
O01472,C1569,2025-04-24,West,Store,Net Banking
O01473,C0562,2025-08-31,West,Online,Net Banking
O01474,C0841,2025-08-11,South,Online,Debit Card
O01475,C0798,2025-04-09,South,Store,Credit Card
O01476,C1598,2025-07-18,South,Online,Net Banking
O01477,C0818,2025-08-08,South,Online,Credit Card
O01478,C1876,2025-11-05,North,Online,Net Banking
O01479,C0374,2025-07-07,East,Store,UPI
O01480,C0345,2025-02-06,North,Store,Debit Card
O01481,C1433,2025-07-17,East,Online,UPI
O01482,C1529,2025-11-12,West,Online,UPI
O01483,C1359,2025-08-15,South,Store,Credit Card
O01484,C0616,2025-05-15,East,Store,UPI
O01485,C0019,2025-12-07,South,Online,Credit Card
O01486,C0643,2025-03-10,South,Store,Net Banking
O01487,C0934,2025-05-18,East,Online,Credit Card
O01488,C0826,2025-06-29,North,Online,Debit Card
O01489,C1845,2025-10-11,East,Store,Net Banking
O01490,C1728,2025-11-11,South,Store,Credit Card
O01491,C1551,2025-01-27,North,Online,Cash on Delivery
O01492,C0045,2025-10-28,South,Store,UPI
O01493,C0255,2025-10-05,South,Online,UPI
O01494,C0868,2025-11-29,East,Store,UPI
O01495,C1244,2025-12-01,West,Online,Debit Card
O01496,C1361,2025-10-23,North,Store,UPI
O01497,C0593,2025-03-25,East,Online,Credit Card
O01498,C0221,2025-05-13,East,Online,Credit Card
O01499,C0657,2025-12-12,South,Online,Net Banking
O01500,C1585,2025-08-25,South,Online,Net Banking
O01501,C1974,2025-08-04,East,Online,UPI
O01502,C1884,2025-12-06,West,Store,UPI
O01503,C1187,2025-11-23,West,Online,Debit Card
O01504,C0182,2025-10-07,South,Store,Net Banking
O01505,C1936,2025-11-26,South,Online,UPI
O01506,C0306,2025-02-20,East,Online,Debit Card
O01507,C0537,2025-10-17,West,Online,UPI
O01508,C1949,2025-12-21,North,Online,UPI
O01509,C1008,2025-01-23,South,Online,Credit Card
O01510,C0396,2025-04-07,South,Online,Net Banking
O01511,C1005,2025-10-29,West,Online,Debit Card
O01512,C0158,2025-07-29,East,Online,Credit Card
O01513,C0632,2025-02-09,South,Online,Debit Card
O01514,C1905,2025-04-25,South,Online,Credit Card
O01515,C0598,2025-05-17,West,Online,UPI
O01516,C1786,2025-05-16,South,Online,Net Banking
O01517,C1086,2025-11-24,West,Store,UPI
O01518,C1312,2025-09-15,West,Online,Cash on Delivery
O01519,C1406,2025-10-10,South,Store,Net Banking
O01520,C1103,2025-01-07,North,Online,Debit Card
O01521,C0069,2025-06-25,South,Store,Credit Card
O01522,C1839,2025-05-15,North,Online,Net Banking
O01523,C0951,2025-11-16,North,Online,UPI
O01524,C1312,2025-12-18,North,Online,Debit Card
O01525,C1108,2025-06-24,North,Store,UPI
O01526,C1317,2025-12-23,West,Online,Debit Card
O01527,C0710,2025-01-07,South,Store,Debit Card
O01528,C1688,2025-05-18,West,Online,UPI
O01529,C0449,2025-10-23,South,Online,UPI
O01530,C1307,2025-05-31,North,Store,Credit Card
O01531,C1156,2025-12-07,South,Online,Cash on Delivery
O01532,C1008,2025-04-05,West,Store,Debit Card
O01533,C0044,2025-10-29,West,Store,Credit Card
O01534,C0780,2025-03-29,North,Online,Cash on Delivery
O01535,C0096,2025-03-28,South,Online,Net Banking
O01536,C1007,2025-07-02,West,Online,Debit Card
O01537,C1376,2025-12-15,West,Store,Credit Card
O01538,C1045,2025-08-20,East,Online,Credit Card
O01539,C1515,2025-09-06,North,Store,UPI
O01540,C0722,2025-01-05,South,Online,Net Banking
O01541,C0613,2025-01-26,North,Store,UPI
O01542,C0897,2025-01-31,South,Online,Debit Card
O01543,C0459,2025-11-06,South,Online,Net Banking
O01544,C1604,2025-04-13,South,Store,Credit Card
O01545,C1620,2025-05-19,West,Store,UPI
O01546,C0834,2025-08-29,North,Online,UPI
O01547,C1586,2025-08-20,West,Online,Debit Card
O01548,C0052,2025-06-19,North,Online,UPI
O01549,C0310,2025-01-02,West,Online,UPI
O01550,C0567,2025-07-03,South,Online,Credit Card
O01551,C0776,2025-10-11,West,Online,Credit Card
O01552,C0464,2025-04-12,North,Online,Credit Card
O01553,C1025,2025-10-01,West,Online,UPI
O01554,C1588,2025-01-08,West,Online,Debit Card
O01555,C0913,2025-12-03,West,Online,Credit Card
O01556,C0899,2025-12-16,West,Online,Credit Card
O01557,C0120,2025-01-02,South,Online,Net Banking
O01558,C0561,2025-07-06,East,Online,UPI
O01559,C1615,2025-06-20,South,Store,Credit Card
O01560,C1622,2025-11-13,South,Online,UPI
O01561,C0209,2025-08-05,North,Store,UPI
O01562,C0039,2025-08-29,North,Store,Debit Card
O01563,C1663,2025-03-30,North,Online,Debit Card
O01564,C0349,2025-02-04,West,Store,Debit Card
O01565,C1150,2025-09-26,East,Online,Cash on Delivery
O01566,C1654,2025-09-01,West,Store,Net Banking
O01567,C1575,2025-11-10,West,Online,UPI
O01568,C1102,2025-11-14,West,Store,Debit Card
O01569,C0754,2025-09-05,West,Online,Debit Card
O01570,C1548,2025-08-04,West,Store,Debit Card
O01571,C1390,2025-12-05,East,Online,Credit Card
O01572,C1677,2025-10-31,South,Store,Cash on Delivery
O01573,C1028,2025-11-26,South,Store,Credit Card
O01574,C1884,2025-12-30,West,Store,Net Banking
O01575,C1540,2025-06-16,West,Online,Credit Card
O01576,C0127,2025-10-04,North,Online,Net Banking
O01577,C0588,2025-09-24,East,Store,Credit Card
O01578,C1599,2025-03-18,North,Online,UPI
O01579,C0233,2025-09-07,East,Online,Credit Card
O01580,C1418,2025-06-25,South,Store,Credit Card
O01581,C0682,2025-07-04,South,Store,UPI
O01582,C0415,2025-03-21,South,Online,Debit Card
O01583,C1080,2025-10-13,North,Online,Net Banking
O01584,C1864,2025-09-27,South,Store,Net Banking
O01585,C1796,2025-08-02,South,Online,Credit Card
O01586,C0809,2025-03-11,West,Store,Credit Card
O01587,C0008,2025-08-10,South,Store,Net Banking
O01588,C1776,2025-02-15,North,Online,Cash on Delivery
O01589,C1795,2025-05-23,East,Store,UPI
O01590,C1211,2025-06-05,South,Store,UPI
O01591,C1258,2025-11-26,West,Online,UPI
O01592,C1054,2025-06-21,South,Online,Credit Card
O01593,C0025,2025-08-25,South,Store,Net Banking
O01594,C0320,2025-11-23,South,Online,UPI
O01595,C0287,2025-06-24,West,Store,Debit Card
O01596,C1829,2025-11-26,West,Online,UPI
O01597,C0100,2025-03-02,North,Online,UPI
O01598,C1114,2025-06-02,North,Store,Debit Card
O01599,C0726,2025-02-12,South,Online,Debit Card
O01600,C0013,2025-08-12,North,Online,UPI
O01601,C1839,2025-12-19,North,Online,Credit Card
O01602,C0037,2025-09-14,South,Store,Credit Card
O01603,C1712,2025-09-03,South,Store,Cash on Delivery
O01604,C1556,2025-04-29,South,Online,Net Banking
O01605,C1588,2025-12-11,South,Store,Credit Card
O01606,C0324,2025-07-11,South,Store,Cash on Delivery
O01607,C1763,2025-04-25,South,Online,Credit Card
O01608,C1198,2025-12-28,East,Online,UPI
O01609,C0804,2025-06-24,East,Store,Credit Card
O01610,C1363,2025-06-04,West,Online,Net Banking
O01611,C0683,2025-01-17,North,Online,Debit Card
O01612,C0559,2025-03-20,East,Online,Cash on Delivery
O01613,C0577,2025-11-02,West,Online,Credit Card
O01614,C1139,2025-07-15,West,Online,Cash on Delivery
O01615,C1203,2025-12-18,North,Online,Debit Card
O01616,C0481,2025-02-07,East,Online,Net Banking
O01617,C0492,2025-08-31,North,Store,Cash on Delivery
O01618,C1893,2025-10-05,South,Online,UPI
O01619,C1030,2025-09-02,North,Online,Debit Card
O01620,C1721,2025-08-01,South,Online,UPI
O01621,C0661,2025-08-18,South,Online,Net Banking
O01622,C0577,2025-09-25,West,Store,Credit Card
O01623,C0566,2025-11-20,North,Online,UPI
O01624,C1058,2025-05-22,South,Store,Credit Card
O01625,C1559,2025-07-07,South,Online,UPI
O01626,C1002,2025-09-07,North,Store,Credit Card
O01627,C0590,2025-05-13,South,Store,UPI
O01628,C1921,2025-03-20,North,Online,Cash on Delivery
O01629,C1145,2025-12-21,West,Store,Debit Card
O01630,C0789,2025-03-27,West,Store,Cash on Delivery
O01631,C0020,2025-04-11,South,Store,UPI
O01632,C1125,2025-09-01,East,Store,Credit Card
O01633,C1243,2025-02-05,East,Store,Cash on Delivery
O01634,C1858,2025-01-16,South,Online,Debit Card
O01635,C0462,2025-01-30,North,Online,UPI
O01636,C0326,2025-02-25,North,Store,Net Banking
O01637,C1999,2025-06-26,South,Store,UPI
O01638,C1101,2025-11-09,West,Online,UPI
O01639,C0054,2025-05-24,East,Online,Debit Card
O01640,C0212,2025-06-25,West,Online,Debit Card
O01641,C0951,2025-08-25,East,Online,Debit Card
O01642,C1235,2025-05-09,South,Online,UPI
O01643,C0488,2025-06-27,East,Online,UPI
O01644,C0732,2025-06-10,East,Store,Credit Card
O01645,C1473,2025-05-24,South,Online,Credit Card
O01646,C1936,2025-06-11,West,Online,UPI
O01647,C0983,2025-01-06,North,Online,Debit Card
O01648,C0831,2025-11-27,East,Store,Net Banking
O01649,C0723,2025-12-25,South,Online,Cash on Delivery
O01650,C0273,2025-11-19,South,Online,Net Banking
O01651,C0106,2025-01-03,North,Store,UPI
O01652,C1668,2025-10-15,West,Store,Credit Card
O01653,C0075,2025-08-16,West,Online,Cash on Delivery
O01654,C1642,2025-02-12,West,Online,UPI
O01655,C0495,2025-12-11,East,Store,UPI
O01656,C1390,2025-10-23,South,Online,UPI
O01657,C1904,2025-03-06,East,Online,Debit Card
O01658,C1498,2025-12-21,West,Store,Cash on Delivery
O01659,C1460,2025-02-26,East,Store,Credit Card
O01660,C0530,2025-07-05,South,Online,Credit Card
O01661,C1197,2025-03-12,North,Store,Debit Card
O01662,C1285,2025-03-08,North,Online,Net Banking
O01663,C0851,2025-12-22,North,Store,UPI
O01664,C0077,2025-08-16,South,Store,Debit Card
O01665,C1825,2025-04-22,West,Online,Cash on Delivery
O01666,C0394,2025-10-23,South,Store,Cash on Delivery
O01667,C1947,2025-11-23,South,Store,Credit Card
O01668,C1865,2025-12-06,North,Online,UPI
O01669,C0038,2025-12-11,East,Store,Cash on Delivery
O01670,C1479,2025-12-03,North,Store,Cash on Delivery
O01671,C1269,2025-09-08,South,Online,UPI
O01672,C0462,2025-05-24,South,Online,UPI
O01673,C1626,2025-12-09,West,Online,UPI
O01674,C0223,2025-02-24,South,Store,Debit Card
O01675,C0498,2025-03-16,North,Online,UPI
O01676,C1898,2025-06-27,South,Online,UPI
O01677,C1486,2025-05-01,South,Online,Net Banking
O01678,C0225,2025-08-31,North,Online,UPI
O01679,C0289,2025-12-03,South,Online,Cash on Delivery
O01680,C0515,2025-07-18,West,Online,Credit Card
O01681,C0142,2025-08-09,West,Online,Credit Card
O01682,C0366,2025-06-24,South,Store,Cash on Delivery
O01683,C1144,2025-10-01,West,Online,UPI
O01684,C0015,2025-02-15,West,Online,UPI
O01685,C0575,2025-01-23,North,Online,Credit Card
O01686,C0629,2025-09-08,South,Store,Credit Card
O01687,C1942,2025-08-03,West,Online,Credit Card
O01688,C1949,2025-06-18,North,Online,Cash on Delivery
O01689,C1691,2025-05-21,South,Store,Cash on Delivery
O01690,C0684,2025-01-24,South,Online,UPI
O01691,C1055,2025-09-22,South,Online,UPI
O01692,C1009,2025-06-23,South,Online,Credit Card
O01693,C1721,2025-07-02,South,Store,Cash on Delivery
O01694,C1492,2025-11-29,East,Online,UPI
O01695,C1814,2025-10-10,West,Store,Credit Card
O01696,C1103,2025-04-06,West,Store,UPI
O01697,C1839,2025-09-14,South,Store,Cash on Delivery
O01698,C1488,2025-02-28,South,Online,UPI
O01699,C1478,2025-03-26,North,Store,Credit Card
O01700,C1324,2025-10-03,North,Online,UPI
O01701,C0672,2025-02-26,East,Online,Debit Card
O01702,C1218,2025-04-30,South,Online,Credit Card
O01703,C0714,2025-11-30,South,Online,Credit Card
O01704,C1300,2025-10-11,North,Store,UPI
O01705,C0510,2025-12-10,South,Store,UPI
O01706,C1599,2025-11-25,South,Store,UPI
O01707,C1143,2025-05-13,South,Store,Net Banking
O01708,C1421,2025-09-05,South,Online,Debit Card
O01709,C0444,2025-06-07,North,Store,UPI
O01710,C1584,2025-09-27,East,Online,UPI
O01711,C1606,2025-05-27,North,Online,Credit Card
O01712,C0292,2025-01-01,West,Online,UPI
O01713,C0701,2025-02-12,North,Store,Net Banking
O01714,C1356,2025-10-21,North,Store,Credit Card
O01715,C1748,2025-02-07,North,Store,Debit Card
O01716,C1475,2025-08-25,West,Store,Debit Card
O01717,C0944,2025-11-18,East,Online,Cash on Delivery
O01718,C0600,2025-10-12,South,Online,Debit Card
O01719,C1820,2025-06-20,West,Online,UPI
O01720,C1750,2025-04-01,North,Store,UPI
O01721,C1794,2025-12-08,East,Online,Credit Card
O01722,C0610,2025-08-14,East,Online,UPI
O01723,C0873,2025-06-17,West,Online,Credit Card
O01724,C0488,2025-12-14,North,Store,Cash on Delivery
O01725,C1910,2025-04-04,South,Online,UPI
O01726,C1735,2025-07-01,North,Store,Debit Card
O01727,C0347,2025-02-18,South,Online,UPI
O01728,C0495,2025-02-25,West,Online,UPI
O01729,C1105,2025-06-14,East,Store,UPI
O01730,C0832,2025-09-28,North,Online,UPI
O01731,C0920,2025-05-23,West,Store,UPI
O01732,C0736,2025-09-25,South,Store,Cash on Delivery
O01733,C1348,2025-11-01,West,Online,Debit Card
O01734,C1797,2025-11-24,South,Store,UPI
O01735,C1835,2025-01-21,South,Store,UPI
O01736,C0911,2025-10-22,East,Online,Cash on Delivery
O01737,C1656,2025-03-07,West,Online,UPI
O01738,C1389,2025-09-27,South,Online,UPI
O01739,C0394,2025-06-04,North,Online,Net Banking
O01740,C1589,2025-10-01,South,Online,Credit Card
O01741,C0701,2025-04-03,West,Store,UPI
O01742,C1256,2025-09-10,South,Store,Debit Card
O01743,C1442,2025-02-26,South,Online,Credit Card
O01744,C1888,2025-03-16,West,Store,Credit Card
O01745,C1897,2025-08-30,North,Store,UPI
O01746,C1606,2025-05-22,West,Store,Net Banking
O01747,C1012,2025-09-29,North,Store,Debit Card
O01748,C0801,2025-09-23,East,Online,UPI
O01749,C0883,2025-09-02,North,Online,Credit Card
O01750,C1902,2025-10-08,East,Online,Credit Card
O01751,C0411,2025-10-29,East,Online,Cash on Delivery
O01752,C1050,2025-12-05,North,Online,UPI
O01753,C1360,2025-02-06,South,Online,Credit Card
O01754,C0046,2025-08-16,South,Online,Debit Card
O01755,C1270,2025-10-14,North,Online,UPI
O01756,C0521,2025-04-05,North,Online,UPI
O01757,C0562,2025-04-23,North,Online,Net Banking
O01758,C1244,2025-04-25,North,Online,Debit Card
O01759,C0018,2025-08-16,North,Online,Credit Card
O01760,C0314,2025-06-02,North,Store,Credit Card
O01761,C0910,2025-09-17,North,Store,Credit Card
O01762,C1169,2025-08-29,South,Store,Net Banking
O01763,C0219,2025-09-14,West,Store,Debit Card
O01764,C0724,2025-04-19,South,Store,Debit Card
O01765,C0616,2025-10-20,South,Store,Net Banking
O01766,C1069,2025-09-16,West,Online,UPI
O01767,C0602,2025-02-28,South,Online,Credit Card
O01768,C0004,2025-03-29,East,Store,Debit Card
O01769,C1061,2025-05-08,West,Store,Credit Card
O01770,C1697,2025-12-12,North,Online,Credit Card
O01771,C1170,2025-05-18,South,Online,UPI
O01772,C0724,2025-01-10,North,Online,Debit Card
O01773,C0965,2025-03-04,West,Online,Debit Card
O01774,C0281,2025-01-15,West,Online,Net Banking
O01775,C0474,2025-06-16,North,Online,UPI
O01776,C0876,2025-10-30,West,Online,Net Banking
O01777,C1185,2025-07-04,West,Store,UPI
O01778,C0973,2025-11-12,North,Store,Debit Card
O01779,C1926,2025-01-22,North,Store,Credit Card
O01780,C1275,2025-07-11,South,Online,Credit Card
O01781,C0046,2025-10-26,East,Online,Cash on Delivery
O01782,C1050,2025-09-20,West,Store,Credit Card
O01783,C1166,2025-11-16,South,Online,UPI
O01784,C0088,2025-04-28,South,Store,Credit Card
O01785,C0771,2025-07-22,West,Online,Credit Card
O01786,C1744,2025-09-20,South,Online,Debit Card
O01787,C0714,2025-03-16,North,Online,Credit Card
O01788,C0914,2025-11-05,West,Online,UPI
O01789,C0443,2025-05-12,East,Online,Credit Card
O01790,C0154,2025-02-12,South,Online,Debit Card
O01791,C0637,2025-10-20,West,Online,Credit Card
O01792,C1546,2025-09-30,South,Online,Net Banking
O01793,C1967,2025-11-26,West,Store,UPI
O01794,C1321,2025-11-29,West,Online,Credit Card
O01795,C1662,2025-04-29,North,Store,Cash on Delivery
O01796,C1299,2025-09-08,North,Store,UPI
O01797,C1318,2025-12-31,South,Online,Credit Card
O01798,C0854,2025-04-16,South,Online,Cash on Delivery
O01799,C0123,2025-07-12,West,Online,UPI
O01800,C0821,2025-12-04,South,Online,Credit Card
O01801,C1730,2025-02-16,North,Store,Credit Card
O01802,C1073,2025-12-10,West,Store,UPI
O01803,C1524,2025-07-17,North,Online,Debit Card
O01804,C0102,2025-11-29,East,Online,UPI
O01805,C0403,2025-09-02,West,Store,Net Banking
O01806,C0598,2025-09-19,East,Online,Credit Card
O01807,C0719,2025-10-22,North,Online,UPI
O01808,C1976,2025-01-31,South,Online,UPI
O01809,C0924,2025-09-04,North,Online,Net Banking
O01810,C1325,2025-12-08,West,Online,Credit Card
O01811,C1289,2025-12-18,North,Store,UPI
O01812,C0838,2025-12-22,North,Store,UPI
O01813,C1933,2025-09-10,East,Online,Credit Card
O01814,C0445,2025-09-06,North,Store,UPI
O01815,C0070,2025-08-09,North,Online,Cash on Delivery
O01816,C1491,2025-08-28,South,Online,UPI
O01817,C1308,2025-08-30,East,Store,UPI
O01818,C0521,2025-01-20,North,Store,Credit Card
O01819,C1736,2025-02-10,North,Store,UPI
O01820,C0325,2025-09-01,East,Online,Net Banking
O01821,C0502,2025-05-13,South,Online,Cash on Delivery
O01822,C0310,2025-05-08,South,Store,Debit Card
O01823,C0373,2025-03-26,North,Online,Net Banking
O01824,C1459,2025-10-31,East,Store,Net Banking
O01825,C1407,2025-12-21,North,Store,UPI
O01826,C1286,2025-09-04,West,Online,UPI
O01827,C1722,2025-12-15,South,Store,Debit Card
O01828,C0140,2025-11-26,West,Store,Cash on Delivery
O01829,C1241,2025-04-05,West,Store,Net Banking
O01830,C0231,2025-03-09,East,Online,Debit Card
O01831,C1912,2025-04-03,West,Online,UPI
O01832,C1268,2025-02-13,West,Online,Net Banking
O01833,C1520,2025-08-19,West,Online,Debit Card
O01834,C1143,2025-05-01,East,Store,Cash on Delivery
O01835,C0768,2025-12-05,West,Store,Debit Card
O01836,C1372,2025-08-30,South,Online,UPI
O01837,C1672,2025-05-31,West,Store,Debit Card
O01838,C0357,2025-12-27,West,Store,Credit Card
O01839,C1744,2025-12-17,South,Online,Credit Card
O01840,C1454,2025-10-24,North,Online,Debit Card
O01841,C0172,2025-10-28,South,Online,Net Banking
O01842,C1873,2025-12-25,West,Online,Debit Card
O01843,C0361,2025-08-26,West,Store,UPI
O01844,C1203,2025-11-25,West,Online,UPI
O01845,C0260,2025-01-30,West,Online,Credit Card
O01846,C0393,2025-08-09,North,Store,Debit Card
O01847,C1286,2025-07-22,South,Store,Debit Card
O01848,C1360,2025-01-18,South,Store,Credit Card
O01849,C1374,2025-02-09,North,Store,Credit Card
O01850,C0687,2025-01-11,East,Online,Net Banking
O01851,C1641,2025-05-05,South,Store,UPI
O01852,C0099,2025-01-25,South,Online,Debit Card
O01853,C1709,2025-06-24,East,Online,Net Banking
O01854,C0605,2025-11-04,South,Online,UPI
O01855,C1242,2025-08-30,East,Online,UPI
O01856,C1812,2025-09-19,North,Online,Debit Card
O01857,C0511,2025-01-15,South,Store,UPI
O01858,C0823,2025-11-12,South,Online,Credit Card
O01859,C1657,2025-03-06,East,Online,Cash on Delivery
O01860,C1730,2025-05-09,South,Store,UPI
O01861,C0471,2025-07-27,West,Store,Cash on Delivery
O01862,C1018,2025-12-10,South,Store,UPI
O01863,C0667,2025-12-31,West,Store,Credit Card
O01864,C1034,2025-10-25,North,Online,UPI
O01865,C0759,2025-10-08,North,Online,Debit Card
O01866,C0011,2025-07-31,South,Store,Cash on Delivery
O01867,C1850,2025-09-17,West,Store,UPI
O01868,C1275,2025-03-06,North,Online,Cash on Delivery
O01869,C0924,2025-04-26,South,Online,Debit Card
O01870,C0216,2025-12-27,North,Online,Cash on Delivery
O01871,C0143,2025-12-25,North,Online,Debit Card
O01872,C0958,2025-05-17,South,Online,Debit Card
O01873,C1299,2025-04-14,East,Online,Cash on Delivery
O01874,C0521,2025-04-10,West,Online,Debit Card
O01875,C1489,2025-07-16,South,Online,Net Banking
O01876,C0785,2025-04-07,South,Store,UPI
O01877,C0023,2025-09-11,West,Online,UPI
O01878,C1075,2025-02-03,South,Online,Debit Card
O01879,C0363,2025-02-16,South,Online,UPI
O01880,C0029,2025-04-29,North,Store,Credit Card
O01881,C0261,2025-10-23,North,Online,Net Banking
O01882,C0570,2025-05-17,South,Store,Debit Card
O01883,C1030,2025-07-11,North,Online,Cash on Delivery
O01884,C1980,2025-09-14,North,Store,Credit Card
O01885,C0437,2025-10-27,West,Online,UPI
O01886,C0115,2025-05-11,East,Store,UPI
O01887,C0383,2025-10-08,South,Store,Cash on Delivery
O01888,C0639,2025-05-02,South,Online,Credit Card
O01889,C0411,2025-09-10,South,Online,Cash on Delivery
O01890,C0643,2025-07-04,South,Online,Credit Card
O01891,C1939,2025-12-09,West,Online,UPI
O01892,C0759,2025-12-26,South,Store,Net Banking
O01893,C1270,2025-10-22,West,Online,Debit Card
O01894,C1370,2025-12-06,East,Store,Credit Card
O01895,C0261,2025-03-02,North,Online,Credit Card
O01896,C0496,2025-09-13,North,Online,Credit Card
O01897,C0832,2025-03-28,North,Store,Net Banking
O01898,C0921,2025-04-29,North,Online,UPI
O01899,C0027,2025-07-30,West,Online,UPI
O01900,C1290,2025-10-12,West,Online,UPI
O01901,C0602,2025-10-05,South,Online,Credit Card
O01902,C0645,2025-11-22,South,Store,Net Banking
O01903,C1207,2025-08-11,West,Online,Debit Card
O01904,C1898,2025-12-09,West,Online,Cash on Delivery
O01905,C1730,2025-11-27,South,Online,Debit Card
O01906,C1960,2025-11-15,South,Online,Credit Card
O01907,C0828,2025-04-10,North,Online,Credit Card
O01908,C0240,2025-08-02,South,Online,Net Banking
O01909,C0432,2025-10-10,West,Online,UPI
O01910,C0688,2025-12-24,South,Online,Credit Card
O01911,C0601,2025-01-06,South,Store,Credit Card
O01912,C0416,2025-05-18,North,Online,Cash on Delivery
O01913,C0302,2025-05-24,South,Store,UPI
O01914,C0374,2025-05-03,South,Online,UPI
O01915,C1317,2025-11-05,East,Online,Debit Card
O01916,C0982,2025-01-21,West,Store,Debit Card
O01917,C0076,2025-05-31,West,Online,UPI
O01918,C1128,2025-10-02,North,Online,Credit Card
O01919,C1685,2025-06-17,South,Online,Debit Card
O01920,C0852,2025-03-05,West,Online,Credit Card
O01921,C0638,2025-08-29,West,Online,Credit Card
O01922,C0546,2025-07-29,South,Online,UPI
O01923,C0759,2025-12-26,South,Online,Net Banking
O01924,C0558,2025-10-14,West,Online,Credit Card
O01925,C1849,2025-12-27,South,Online,Debit Card
O01926,C1985,2025-03-23,South,Online,Credit Card
O01927,C0687,2025-10-18,West,Store,UPI
O01928,C1848,2025-08-09,West,Store,Debit Card
O01929,C1708,2025-10-02,West,Online,Credit Card
O01930,C0152,2025-07-10,South,Online,UPI
O01931,C0982,2025-04-03,North,Store,Cash on Delivery
O01932,C1314,2025-01-21,North,Online,Net Banking
O01933,C0845,2025-11-12,West,Store,Debit Card
O01934,C0914,2025-11-04,North,Store,Credit Card
O01935,C0989,2025-03-13,West,Online,Debit Card
O01936,C1378,2025-09-10,South,Store,Credit Card
O01937,C0588,2025-10-10,West,Online,UPI
O01938,C1194,2025-08-11,West,Online,Debit Card
O01939,C0487,2025-05-15,East,Store,Debit Card
O01940,C1779,2025-11-25,South,Store,Credit Card
O01941,C0170,2025-09-09,South,Online,Net Banking
O01942,C0134,2025-10-05,East,Store,Credit Card
O01943,C0076,2025-09-12,South,Online,Credit Card
O01944,C0700,2025-10-05,North,Store,Credit Card
O01945,C1213,2025-03-06,South,Store,Debit Card
O01946,C1971,2025-12-08,East,Store,UPI
O01947,C0910,2025-05-02,South,Online,Credit Card
O01948,C0365,2025-11-11,North,Online,Debit Card
O01949,C0737,2025-11-29,West,Store,Credit Card
O01950,C0255,2025-09-12,East,Online,UPI
O01951,C0944,2025-08-25,East,Store,Debit Card
O01952,C1458,2025-02-18,North,Online,Cash on Delivery
O01953,C0072,2025-06-28,South,Online,Credit Card
O01954,C1555,2025-08-29,West,Online,Debit Card
O01955,C0458,2025-02-07,East,Online,UPI
O01956,C1345,2025-02-19,North,Online,Credit Card
O01957,C1631,2025-12-30,East,Online,UPI
O01958,C1553,2025-05-20,North,Store,Cash on Delivery
O01959,C1340,2025-05-27,South,Online,UPI
O01960,C1388,2025-04-19,South,Online,Cash on Delivery
O01961,C0376,2025-09-10,South,Online,Credit Card
O01962,C0272,2025-07-12,North,Store,Credit Card
O01963,C0763,2025-10-27,West,Online,Credit Card
O01964,C1217,2025-07-26,South,Store,UPI
O01965,C1237,2025-01-08,North,Online,UPI
O01966,C1554,2025-07-15,South,Online,Credit Card
O01967,C0617,2025-01-26,West,Online,Debit Card
O01968,C1732,2025-11-08,West,Online,Debit Card
O01969,C0899,2025-02-20,West,Online,Cash on Delivery
O01970,C0493,2025-04-05,South,Online,UPI
O01971,C1471,2025-07-07,North,Online,Debit Card
O01972,C0255,2025-03-27,North,Store,UPI
O01973,C0811,2025-08-04,North,Online,Credit Card
O01974,C1563,2025-07-07,East,Store,UPI
O01975,C1543,2025-12-17,South,Online,Cash on Delivery
O01976,C0514,2025-02-09,South,Store,Credit Card
O01977,C0334,2025-08-17,South,Store,Credit Card
O01978,C0064,2025-10-05,North,Online,UPI
O01979,C0179,2025-02-26,South,Online,Credit Card
O01980,C1651,2025-09-07,East,Online,UPI
O01981,C1568,2025-11-20,West,Online,Debit Card
O01982,C1012,2025-10-27,North,Online,Credit Card
O01983,C1141,2025-12-12,West,Online,UPI
O01984,C0654,2025-10-05,North,Online,UPI
O01985,C0385,2025-06-13,West,Store,UPI
O01986,C0023,2025-12-07,West,Online,Credit Card
O01987,C1344,2025-04-08,North,Online,UPI
O01988,C0071,2025-08-20,South,Online,UPI
O01989,C0211,2025-10-20,East,Online,UPI
O01990,C1586,2025-11-22,North,Store,UPI
O01991,C1166,2025-12-06,North,Store,Debit Card
O01992,C0980,2025-02-08,South,Store,Debit Card
O01993,C0437,2025-10-07,South,Online,UPI
O01994,C0300,2025-03-30,South,Online,Credit Card
O01995,C0933,2025-10-24,North,Online,Debit Card
O01996,C0718,2025-09-28,South,Online,Credit Card
O01997,C1069,2025-03-21,East,Store,Cash on Delivery
O01998,C0331,2025-11-10,East,Store,Debit Card
O01999,C0463,2025-07-08,South,Store,Credit Card
O02000,C0226,2025-08-06,North,Online,Credit Card
O02001,C0849,2025-12-23,South,Store,Credit Card
O02002,C0553,2025-09-14,South,Store,UPI
O02003,C0447,2025-08-21,South,Online,UPI
O02004,C1100,2025-01-08,North,Online,Net Banking
O02005,C0995,2025-03-28,East,Store,Cash on Delivery
O02006,C0421,2025-01-13,South,Online,Cash on Delivery
O02007,C1399,2025-05-21,South,Online,Credit Card
O02008,C0688,2025-05-25,West,Online,Cash on Delivery
O02009,C0683,2025-08-01,West,Online,Debit Card
O02010,C0956,2025-09-25,South,Store,Credit Card
O02011,C0279,2025-03-20,North,Store,Cash on Delivery
O02012,C0841,2025-08-26,East,Store,Cash on Delivery
O02013,C1165,2025-12-06,West,Online,Credit Card
O02014,C0258,2025-03-23,East,Store,Net Banking
O02015,C1130,2025-09-14,North,Online,Net Banking
O02016,C0078,2025-01-21,West,Online,Debit Card
O02017,C1207,2025-08-01,North,Store,Credit Card
O02018,C0071,2025-10-12,West,Store,UPI
O02019,C0351,2025-01-16,West,Store,Cash on Delivery
O02020,C0701,2025-05-21,South,Online,UPI
O02021,C1230,2025-11-24,North,Online,UPI
O02022,C1438,2025-04-08,South,Store,Credit Card
O02023,C0938,2025-10-06,South,Online,Credit Card
O02024,C0263,2025-08-30,West,Online,UPI
O02025,C0775,2025-03-14,West,Store,UPI
O02026,C1574,2025-10-12,South,Online,Net Banking
O02027,C0181,2025-08-02,South,Online,Credit Card
O02028,C1432,2025-02-20,East,Online,Cash on Delivery
O02029,C0772,2025-12-16,West,Online,Net Banking
O02030,C0008,2025-07-19,West,Online,Credit Card
O02031,C1390,2025-10-13,North,Online,Credit Card
O02032,C0054,2025-04-05,North,Online,UPI
O02033,C0740,2025-03-02,South,Online,Cash on Delivery
O02034,C0391,2025-10-12,West,Online,Debit Card
O02035,C1168,2025-09-19,South,Store,Net Banking
O02036,C0113,2025-04-28,West,Online,Cash on Delivery
O02037,C0183,2025-10-13,North,Store,UPI
O02038,C1063,2025-07-23,South,Store,Cash on Delivery
O02039,C1988,2025-05-27,West,Online,Net Banking
O02040,C0080,2025-10-26,South,Online,Credit Card
O02041,C0922,2025-08-31,West,Store,Cash on Delivery
O02042,C1606,2025-07-24,South,Online,Credit Card
O02043,C0582,2025-10-22,North,Online,Credit Card
O02044,C0986,2025-08-06,West,Online,UPI
O02045,C1678,2025-12-13,South,Store,Debit Card
O02046,C1456,2025-11-05,North,Online,Net Banking
O02047,C0587,2025-05-30,South,Online,UPI
O02048,C1502,2025-07-09,West,Online,Credit Card
O02049,C1352,2025-12-19,West,Store,UPI
O02050,C1014,2025-11-30,South,Online,Credit Card
O02051,C0883,2025-03-25,South,Store,Debit Card
O02052,C1851,2025-04-28,South,Store,Net Banking
O02053,C1749,2025-06-02,North,Online,UPI
O02054,C1981,2025-11-25,North,Online,UPI
O02055,C1351,2025-12-09,South,Store,UPI
O02056,C0719,2025-10-31,South,Online,Cash on Delivery
O02057,C0220,2025-04-28,East,Online,Credit Card
O02058,C0252,2025-11-27,South,Online,UPI
O02059,C1903,2025-01-16,South,Online,UPI
O02060,C0727,2025-06-23,North,Online,UPI
O02061,C0221,2025-06-07,South,Store,Debit Card
O02062,C0447,2025-08-03,East,Store,Credit Card
O02063,C0042,2025-08-12,South,Online,Debit Card
O02064,C1063,2025-04-08,North,Online,UPI
O02065,C1182,2025-03-31,West,Online,Credit Card
O02066,C0757,2025-11-01,South,Store,Debit Card
O02067,C1489,2025-02-04,West,Online,UPI
O02068,C0961,2025-07-19,East,Store,UPI
O02069,C1920,2025-03-25,West,Store,UPI
O02070,C1527,2025-05-15,South,Store,Debit Card
O02071,C0151,2025-04-29,East,Online,Credit Card
O02072,C0549,2025-10-01,South,Online,Credit Card
O02073,C1509,2025-07-06,South,Online,Credit Card
O02074,C1075,2025-05-08,South,Store,UPI
O02075,C1507,2025-11-10,North,Store,Net Banking
O02076,C0671,2025-02-08,South,Store,Debit Card
O02077,C0077,2025-10-20,South,Online,UPI
O02078,C1570,2025-04-17,East,Store,Net Banking
O02079,C1571,2025-12-07,West,Online,Credit Card
O02080,C1280,2025-01-03,South,Online,Credit Card
O02081,C0809,2025-08-10,West,Store,Credit Card
O02082,C0018,2025-09-02,South,Store,Net Banking
O02083,C1456,2025-08-18,West,Store,UPI
O02084,C1321,2025-11-04,South,Store,UPI
O02085,C1336,2025-02-20,North,Online,Cash on Delivery
O02086,C0341,2025-06-21,North,Store,Cash on Delivery
O02087,C1463,2025-11-20,South,Store,Net Banking
O02088,C1449,2025-11-28,South,Online,UPI
O02089,C1715,2025-07-21,West,Online,Debit Card
O02090,C1135,2025-08-11,North,Online,Credit Card
O02091,C1464,2025-10-19,North,Online,UPI
O02092,C0803,2025-10-24,North,Store,UPI
O02093,C1394,2025-11-27,East,Store,Net Banking
O02094,C1389,2025-11-13,North,Store,UPI
O02095,C1560,2025-06-20,East,Online,UPI
O02096,C1714,2025-09-11,North,Online,UPI
O02097,C0007,2025-07-15,South,Online,Credit Card
O02098,C1558,2025-02-22,West,Store,Debit Card
O02099,C1585,2025-11-06,South,Online,UPI
O02100,C1091,2025-08-26,South,Online,Net Banking
O02101,C1040,2025-01-27,South,Store,UPI
O02102,C1446,2025-09-20,West,Online,Credit Card
O02103,C0911,2025-05-01,North,Store,UPI
O02104,C0828,2025-02-01,West,Store,Credit Card
O02105,C1607,2025-08-28,South,Store,Cash on Delivery
O02106,C1579,2025-10-09,East,Store,Debit Card
O02107,C0414,2025-07-28,West,Store,UPI
O02108,C1659,2025-01-03,South,Online,Cash on Delivery
O02109,C0653,2025-08-17,South,Online,Debit Card
O02110,C0275,2025-01-04,South,Online,Credit Card
O02111,C1757,2025-12-09,East,Online,Cash on Delivery
O02112,C0477,2025-04-25,South,Store,Debit Card
O02113,C0406,2025-11-22,East,Online,Debit Card
O02114,C0540,2025-01-06,South,Online,UPI
O02115,C0984,2025-02-13,North,Store,UPI
O02116,C0333,2025-07-04,South,Online,Net Banking
O02117,C0320,2025-10-17,West,Online,Debit Card
O02118,C0786,2025-12-14,West,Store,Net Banking
O02119,C0436,2025-07-29,South,Online,Debit Card
O02120,C0387,2025-05-29,East,Online,Cash on Delivery
O02121,C1825,2025-01-21,North,Online,Credit Card
O02122,C1192,2025-08-20,South,Store,Credit Card
O02123,C0028,2025-06-07,North,Store,UPI
O02124,C0204,2025-12-04,South,Online,UPI
O02125,C1628,2025-07-14,East,Online,Credit Card
O02126,C0540,2025-10-19,West,Store,Credit Card
O02127,C0305,2025-11-15,South,Online,UPI
O02128,C1332,2025-02-14,South,Online,Debit Card
O02129,C1677,2025-06-30,South,Online,Credit Card
O02130,C0798,2025-11-29,East,Online,Credit Card
O02131,C1486,2025-06-24,South,Online,Credit Card
O02132,C0843,2025-08-13,South,Online,UPI
O02133,C0218,2025-11-23,North,Online,Debit Card
O02134,C1596,2025-04-11,South,Online,Credit Card
O02135,C1838,2025-11-29,South,Store,Credit Card
O02136,C1970,2025-06-14,North,Online,Credit Card
O02137,C0201,2025-08-23,South,Store,UPI
O02138,C1131,2025-05-19,North,Online,Net Banking
O02139,C1247,2025-07-31,West,Online,Cash on Delivery
O02140,C0159,2025-01-23,South,Store,UPI
O02141,C1904,2025-01-30,West,Online,UPI
O02142,C0206,2025-06-20,South,Store,Net Banking
O02143,C0538,2025-05-21,West,Store,Debit Card
O02144,C1938,2025-08-31,West,Online,UPI
O02145,C1113,2025-01-18,North,Store,Debit Card
O02146,C1359,2025-03-15,West,Store,Cash on Delivery
O02147,C0988,2025-04-02,North,Store,UPI
O02148,C1505,2025-06-30,South,Online,Debit Card
O02149,C0163,2025-04-17,East,Online,Net Banking
O02150,C1352,2025-03-03,South,Online,UPI
O02151,C0134,2025-08-25,North,Online,Cash on Delivery
O02152,C0360,2025-10-12,West,Online,Cash on Delivery
O02153,C1013,2025-09-23,South,Online,Debit Card
O02154,C0897,2025-04-28,West,Online,Credit Card
O02155,C0306,2025-11-17,East,Store,Debit Card
O02156,C1597,2025-08-29,North,Store,Debit Card
O02157,C0604,2025-08-30,North,Online,UPI
O02158,C1733,2025-04-03,West,Online,UPI
O02159,C0030,2025-04-15,West,Online,UPI
O02160,C0475,2025-07-12,South,Online,Credit Card
O02161,C0594,2025-04-13,North,Online,Debit Card
O02162,C1192,2025-09-24,South,Store,Net Banking
O02163,C0803,2025-05-11,North,Online,Credit Card
O02164,C0315,2025-03-09,North,Online,Debit Card
O02165,C1143,2025-03-09,West,Online,Debit Card
O02166,C1917,2025-02-26,North,Online,Credit Card
O02167,C0268,2025-06-30,South,Store,Debit Card
O02168,C0505,2025-01-02,South,Store,UPI
O02169,C0957,2025-08-05,South,Online,UPI
O02170,C1454,2025-05-07,South,Online,Credit Card
O02171,C0274,2025-08-09,South,Store,Cash on Delivery
O02172,C0463,2025-12-12,North,Store,Cash on Delivery
O02173,C0471,2025-11-21,North,Online,Debit Card
O02174,C1233,2025-08-17,West,Online,Credit Card
O02175,C0165,2025-06-22,East,Online,Debit Card
O02176,C1319,2025-09-28,East,Online,Credit Card
O02177,C0851,2025-12-08,South,Online,UPI
O02178,C0657,2025-07-18,West,Store,UPI
O02179,C1725,2025-02-14,East,Online,UPI
O02180,C1638,2025-10-20,South,Store,Cash on Delivery
O02181,C1606,2025-01-05,West,Store,Debit Card
O02182,C1771,2025-10-19,East,Store,Debit Card
O02183,C0468,2025-02-08,North,Online,Net Banking
O02184,C1711,2025-02-17,North,Online,Debit Card
O02185,C0352,2025-10-25,East,Store,Debit Card
O02186,C0662,2025-09-25,South,Store,Net Banking
O02187,C1112,2025-08-12,North,Online,UPI
O02188,C1489,2025-11-06,North,Store,UPI
O02189,C1156,2025-11-16,South,Store,Credit Card
O02190,C1119,2025-07-06,South,Store,UPI
O02191,C0753,2025-12-30,South,Online,Debit Card
O02192,C1186,2025-05-30,North,Store,Net Banking
O02193,C0951,2025-03-17,North,Online,Net Banking
O02194,C0955,2025-11-14,East,Online,Credit Card
O02195,C1172,2025-06-21,South,Online,UPI
O02196,C1201,2025-11-23,North,Store,Cash on Delivery
O02197,C0660,2025-01-28,South,Online,Cash on Delivery
O02198,C0272,2025-02-19,East,Online,UPI
O02199,C0600,2025-01-19,West,Online,Net Banking
O02200,C0818,2025-08-26,North,Online,Net Banking
O02201,C0322,2025-11-10,South,Online,Credit Card
O02202,C0356,2025-06-16,South,Online,Credit Card
O02203,C1902,2025-02-10,South,Online,Cash on Delivery
O02204,C0561,2025-06-05,North,Online,Debit Card
O02205,C1478,2025-05-26,South,Online,Debit Card
O02206,C0256,2025-09-09,North,Store,Cash on Delivery
O02207,C1945,2025-09-12,South,Online,Net Banking
O02208,C0425,2025-02-16,West,Store,UPI
O02209,C0788,2025-06-22,South,Online,Credit Card
O02210,C1564,2025-09-09,South,Online,Net Banking
O02211,C0403,2025-04-22,West,Online,UPI
O02212,C1100,2025-06-18,West,Online,UPI
O02213,C1572,2025-08-30,West,Online,Net Banking
O02214,C0048,2025-06-16,West,Store,Net Banking
O02215,C0051,2025-01-15,South,Online,UPI
O02216,C1578,2025-04-07,West,Online,UPI
O02217,C0526,2025-10-23,North,Online,Net Banking
O02218,C1819,2025-04-17,South,Online,UPI
O02219,C1855,2025-11-05,West,Online,UPI
O02220,C1761,2025-07-10,South,Online,Cash on Delivery
O02221,C1994,2025-07-12,South,Online,Net Banking
O02222,C1647,2025-10-21,South,Store,Credit Card
O02223,C0767,2025-06-09,West,Online,Debit Card
O02224,C1985,2025-04-13,South,Online,Credit Card
O02225,C0692,2025-02-17,East,Store,UPI
O02226,C1173,2025-09-19,North,Online,Cash on Delivery
O02227,C0012,2025-07-11,South,Store,Credit Card
O02228,C1926,2025-11-03,West,Store,Debit Card
O02229,C1184,2025-07-06,South,Online,Credit Card
O02230,C1898,2025-06-20,South,Online,Credit Card
O02231,C0706,2025-05-07,East,Online,UPI
O02232,C0627,2025-03-29,West,Store,Credit Card
O02233,C1045,2025-11-09,South,Online,Debit Card
O02234,C1727,2025-02-12,East,Store,Net Banking
O02235,C1098,2025-12-02,East,Online,Net Banking
O02236,C1585,2025-01-13,West,Store,UPI
O02237,C0429,2025-07-29,North,Store,Credit Card
O02238,C1552,2025-01-27,North,Online,Credit Card
O02239,C1465,2025-10-24,North,Online,Debit Card
O02240,C1793,2025-04-02,West,Online,Net Banking
O02241,C0116,2025-08-14,North,Online,Net Banking
O02242,C0769,2025-12-06,West,Online,Credit Card
O02243,C0178,2025-09-11,South,Online,Debit Card
O02244,C0801,2025-03-20,South,Store,UPI
O02245,C1518,2025-10-29,West,Store,UPI
O02246,C1281,2025-06-30,South,Store,UPI
O02247,C1506,2025-01-07,South,Online,Credit Card
O02248,C1476,2025-07-17,West,Online,Credit Card
O02249,C1985,2025-11-04,East,Online,Credit Card
O02250,C1760,2025-06-26,South,Store,Debit Card
O02251,C1173,2025-10-17,South,Store,UPI
O02252,C1752,2025-09-30,North,Store,Credit Card
O02253,C0096,2025-07-06,West,Online,UPI
O02254,C1443,2025-05-17,North,Online,Credit Card
O02255,C1045,2025-10-07,West,Online,Credit Card
O02256,C1914,2025-06-03,West,Online,UPI
O02257,C1008,2025-03-16,South,Online,Credit Card
O02258,C0358,2025-05-16,West,Online,Debit Card
O02259,C1449,2025-11-24,North,Online,UPI
O02260,C1901,2025-05-01,South,Online,Debit Card
O02261,C0033,2025-04-12,South,Online,UPI
O02262,C0129,2025-03-01,West,Store,Debit Card
O02263,C1323,2025-01-26,North,Store,UPI
O02264,C1112,2025-12-24,West,Online,Cash on Delivery
O02265,C1098,2025-08-03,North,Store,UPI
O02266,C0181,2025-10-08,North,Online,Cash on Delivery
O02267,C1145,2025-10-22,South,Store,UPI
O02268,C1137,2025-05-28,East,Online,Debit Card
O02269,C1699,2025-10-30,North,Online,UPI
O02270,C0781,2025-12-20,South,Online,UPI
O02271,C0696,2025-10-12,West,Store,UPI
O02272,C0164,2025-10-02,South,Store,UPI
O02273,C1134,2025-06-27,East,Online,Credit Card
O02274,C1297,2025-11-13,West,Online,Credit Card
O02275,C0562,2025-02-10,West,Online,Credit Card
O02276,C1463,2025-10-14,East,Store,Debit Card
O02277,C1877,2025-06-01,West,Online,UPI
O02278,C0349,2025-08-14,South,Online,Debit Card
O02279,C1146,2025-11-29,North,Online,Net Banking
O02280,C1389,2025-08-27,North,Online,UPI
O02281,C0037,2025-01-12,South,Online,Net Banking
O02282,C0359,2025-10-06,West,Store,UPI
O02283,C0792,2025-12-10,North,Store,Credit Card
O02284,C0275,2025-09-09,West,Online,Net Banking
O02285,C0712,2025-11-19,East,Store,Debit Card
O02286,C0295,2025-11-08,West,Store,Credit Card
O02287,C1794,2025-11-19,North,Online,Credit Card
O02288,C1199,2025-05-25,North,Online,Credit Card
O02289,C0659,2025-07-12,South,Online,Credit Card
O02290,C1558,2025-11-15,South,Store,Cash on Delivery
O02291,C0037,2025-12-04,East,Store,Net Banking
O02292,C1194,2025-03-07,North,Online,UPI
O02293,C1367,2025-03-21,West,Online,Credit Card
O02294,C1619,2025-05-26,South,Online,Credit Card
O02295,C0445,2025-10-21,South,Online,Debit Card
O02296,C1183,2025-11-23,South,Store,UPI
O02297,C1536,2025-08-19,West,Store,Net Banking
O02298,C1595,2025-02-20,West,Online,Debit Card
O02299,C0352,2025-05-09,South,Online,UPI
O02300,C1954,2025-11-18,North,Online,UPI
O02301,C0548,2025-05-26,East,Online,Debit Card
O02302,C0782,2025-02-16,East,Online,Debit Card
O02303,C0385,2025-05-09,North,Online,UPI
O02304,C0300,2025-11-02,West,Store,UPI
O02305,C0511,2025-07-19,West,Online,UPI
O02306,C0271,2025-03-17,West,Store,Credit Card
O02307,C1466,2025-05-13,South,Store,Debit Card
O02308,C1195,2025-12-17,East,Online,UPI
O02309,C0781,2025-06-27,North,Store,Net Banking
O02310,C1095,2025-06-30,North,Online,UPI
O02311,C1209,2025-03-09,South,Online,Net Banking
O02312,C0369,2025-05-10,South,Online,Cash on Delivery
O02313,C0594,2025-11-04,East,Online,UPI
O02314,C1765,2025-10-26,South,Store,Cash on Delivery
O02315,C0025,2025-06-28,South,Store,Debit Card
O02316,C1914,2025-11-29,North,Store,Net Banking
O02317,C1929,2025-06-08,North,Online,Credit Card
O02318,C0507,2025-11-20,South,Store,Net Banking
O02319,C0642,2025-01-15,South,Store,Credit Card
O02320,C0414,2025-05-26,North,Store,UPI
O02321,C1122,2025-11-17,East,Store,Cash on Delivery
O02322,C0428,2025-12-01,West,Online,Cash on Delivery
O02323,C1582,2025-10-17,North,Online,UPI
O02324,C0775,2025-09-18,South,Online,Credit Card
O02325,C1935,2025-11-05,North,Online,Cash on Delivery
O02326,C1707,2025-10-01,West,Store,Credit Card
O02327,C0803,2025-04-20,North,Store,Credit Card
O02328,C1192,2025-07-09,North,Store,UPI
O02329,C0049,2025-09-15,South,Online,Credit Card
O02330,C0136,2025-08-21,South,Online,Credit Card
O02331,C1013,2025-11-26,North,Online,Debit Card
O02332,C0946,2025-07-12,South,Store,Credit Card
O02333,C0797,2025-03-20,North,Store,Debit Card
O02334,C0181,2025-04-04,West,Store,UPI
O02335,C1680,2025-11-14,South,Store,Debit Card
O02336,C0813,2025-01-05,North,Online,UPI
O02337,C0941,2025-11-21,West,Online,Debit Card
O02338,C0808,2025-01-26,East,Store,Net Banking
O02339,C0995,2025-06-12,South,Online,Debit Card
O02340,C1297,2025-10-31,South,Online,UPI
O02341,C1528,2025-06-18,South,Online,Net Banking
O02342,C1099,2025-11-07,South,Online,UPI
O02343,C0332,2025-02-15,North,Store,UPI
O02344,C1750,2025-07-26,West,Online,Net Banking
O02345,C0570,2025-08-19,South,Online,UPI
O02346,C0033,2025-11-28,East,Store,Credit Card
O02347,C0079,2025-02-12,South,Online,Cash on Delivery
O02348,C1548,2025-05-23,West,Store,UPI
O02349,C0774,2025-09-15,East,Store,Net Banking
O02350,C0046,2025-12-25,North,Online,Credit Card
O02351,C1623,2025-11-15,South,Online,Credit Card
O02352,C0609,2025-11-14,East,Online,Credit Card
O02353,C1956,2025-07-28,West,Online,Credit Card
O02354,C1760,2025-08-13,South,Online,Net Banking
O02355,C0097,2025-11-18,South,Online,Net Banking
O02356,C1381,2025-11-22,East,Online,Credit Card
O02357,C1207,2025-10-31,South,Store,Debit Card
O02358,C0344,2025-11-05,North,Online,Credit Card
O02359,C0687,2025-11-25,South,Online,Debit Card
O02360,C0982,2025-02-20,South,Online,UPI
O02361,C0293,2025-05-05,East,Store,Credit Card
O02362,C1444,2025-12-24,East,Online,Credit Card
O02363,C0555,2025-08-06,South,Online,Debit Card
O02364,C1875,2025-03-19,South,Store,UPI
O02365,C1604,2025-07-22,North,Store,Credit Card
O02366,C1269,2025-09-10,West,Store,Cash on Delivery
O02367,C0240,2025-11-09,West,Store,UPI
O02368,C0050,2025-11-03,South,Online,Credit Card
O02369,C0292,2025-01-23,East,Online,UPI
O02370,C1000,2025-07-05,South,Online,Credit Card
O02371,C1563,2025-01-10,South,Store,UPI
O02372,C0306,2025-11-27,South,Store,Cash on Delivery
O02373,C1415,2025-03-18,South,Online,UPI
O02374,C0096,2025-09-03,West,Online,Cash on Delivery
O02375,C0532,2025-08-15,South,Store,UPI
O02376,C1198,2025-09-03,West,Store,Net Banking
O02377,C1657,2025-08-13,West,Online,UPI
O02378,C1554,2025-10-03,South,Online,UPI
O02379,C1066,2025-09-03,East,Online,Net Banking
O02380,C0073,2025-02-10,West,Online,UPI
O02381,C0587,2025-06-02,South,Store,Credit Card
O02382,C1568,2025-08-07,South,Online,Debit Card
O02383,C0163,2025-05-18,West,Store,Credit Card
O02384,C1413,2025-10-18,North,Online,UPI
O02385,C1408,2025-05-15,North,Online,Cash on Delivery
O02386,C1504,2025-11-09,North,Store,Debit Card
O02387,C0435,2025-03-07,South,Online,Net Banking
O02388,C0490,2025-10-21,East,Store,Debit Card
O02389,C0398,2025-03-22,South,Store,Net Banking
O02390,C0788,2025-07-31,South,Store,Credit Card
O02391,C1048,2025-05-16,West,Online,UPI
O02392,C0240,2025-09-07,South,Online,Net Banking
O02393,C1135,2025-04-03,West,Online,Net Banking
O02394,C0478,2025-10-29,South,Store,Debit Card
O02395,C1125,2025-08-16,North,Online,Net Banking
O02396,C0606,2025-12-19,North,Online,UPI
O02397,C1910,2025-10-02,West,Online,UPI
O02398,C0639,2025-08-28,West,Store,UPI
O02399,C1743,2025-11-09,South,Online,Debit Card
O02400,C0351,2025-04-06,North,Store,Credit Card
O02401,C0170,2025-09-06,West,Store,UPI
O02402,C0378,2025-06-11,West,Online,Credit Card
O02403,C0839,2025-10-12,South,Online,Credit Card
O02404,C1803,2025-01-12,South,Store,Credit Card
O02405,C0353,2025-06-25,West,Online,UPI
O02406,C1568,2025-09-12,North,Online,UPI
O02407,C1394,2025-07-07,North,Store,Credit Card
O02408,C0689,2025-04-13,East,Online,UPI
O02409,C0673,2025-07-09,West,Store,Credit Card
O02410,C1896,2025-11-15,West,Store,Credit Card
O02411,C1430,2025-04-01,North,Online,Cash on Delivery
O02412,C0478,2025-06-03,South,Online,UPI
O02413,C1824,2025-12-29,West,Online,UPI
O02414,C0814,2025-12-05,North,Online,Net Banking
O02415,C0160,2025-01-16,South,Online,UPI
O02416,C1628,2025-08-01,South,Store,Credit Card
O02417,C1738,2025-01-30,West,Online,Debit Card
O02418,C0886,2025-12-08,West,Online,UPI
O02419,C1408,2025-06-30,South,Store,Cash on Delivery
O02420,C0470,2025-06-22,South,Online,Credit Card
O02421,C1701,2025-04-27,South,Online,Debit Card
O02422,C0738,2025-08-15,North,Store,Cash on Delivery
O02423,C0535,2025-03-06,East,Store,Net Banking
O02424,C1002,2025-10-30,East,Online,UPI
O02425,C0535,2025-07-18,North,Online,Credit Card
O02426,C1242,2025-08-14,South,Online,Credit Card
O02427,C1496,2025-11-13,South,Online,Credit Card
O02428,C0812,2025-03-23,West,Online,Net Banking
O02429,C1567,2025-03-19,West,Online,Credit Card
O02430,C0863,2025-06-23,North,Store,Credit Card
O02431,C1941,2025-10-26,South,Online,Debit Card
O02432,C0528,2025-01-27,East,Store,UPI
O02433,C1410,2025-10-29,South,Online,Debit Card
O02434,C1071,2025-07-22,West,Online,UPI
O02435,C1888,2025-08-12,East,Online,Debit Card
O02436,C0439,2025-08-13,West,Online,UPI
O02437,C0394,2025-01-26,North,Online,Net Banking
O02438,C1736,2025-04-18,North,Online,UPI
O02439,C1803,2025-10-16,North,Store,Debit Card
O02440,C1495,2025-06-20,North,Store,Credit Card
O02441,C0950,2025-08-12,West,Online,Credit Card
O02442,C0821,2025-12-15,West,Online,Debit Card
O02443,C1334,2025-01-22,North,Store,Net Banking
O02444,C1495,2025-07-03,West,Online,UPI
O02445,C0552,2025-05-31,West,Online,Debit Card
O02446,C0014,2025-02-17,West,Store,Credit Card
O02447,C0148,2025-12-17,South,Online,Debit Card
O02448,C0689,2025-12-20,West,Store,Net Banking
O02449,C1364,2025-05-12,East,Online,Debit Card
O02450,C0881,2025-12-15,South,Store,UPI
O02451,C1237,2025-01-17,South,Online,Credit Card
O02452,C0940,2025-12-26,South,Online,Credit Card
O02453,C0504,2025-11-11,West,Store,UPI
O02454,C1498,2025-04-04,South,Online,Debit Card
O02455,C1447,2025-08-25,North,Online,Debit Card
O02456,C1926,2025-10-30,South,Store,Debit Card
O02457,C1652,2025-05-15,South,Online,UPI
O02458,C0760,2025-05-29,South,Online,Debit Card
O02459,C1410,2025-09-04,South,Store,Credit Card
O02460,C0702,2025-03-07,North,Store,UPI
O02461,C1746,2025-02-22,East,Online,Credit Card
O02462,C1222,2025-04-18,North,Store,Credit Card
O02463,C1670,2025-10-12,East,Store,Credit Card
O02464,C0563,2025-06-02,South,Online,Net Banking
O02465,C0030,2025-07-24,East,Store,UPI
O02466,C0283,2025-03-27,West,Online,Credit Card
O02467,C1063,2025-03-26,North,Store,UPI
O02468,C1924,2025-09-12,West,Store,UPI
O02469,C1255,2025-02-18,South,Online,Credit Card
O02470,C1620,2025-09-17,South,Online,Debit Card
O02471,C0939,2025-06-15,South,Online,Credit Card
O02472,C1917,2025-09-19,West,Online,Credit Card
O02473,C1882,2025-06-08,West,Store,Credit Card
O02474,C0436,2025-11-14,East,Store,UPI
O02475,C1725,2025-01-26,South,Store,UPI
O02476,C0036,2025-11-29,West,Online,Debit Card
O02477,C1186,2025-04-25,West,Online,Net Banking
O02478,C0875,2025-01-20,South,Store,Net Banking
O02479,C0603,2025-08-12,South,Online,UPI
O02480,C1868,2025-04-08,West,Online,Credit Card
O02481,C1325,2025-07-07,West,Online,Credit Card
O02482,C0277,2025-10-31,South,Store,Net Banking
O02483,C0279,2025-10-28,South,Store,UPI
O02484,C0235,2025-08-26,South,Online,UPI
O02485,C0609,2025-12-25,North,Store,Cash on Delivery
O02486,C0138,2025-07-08,North,Store,UPI
O02487,C0529,2025-01-19,South,Online,Cash on Delivery
O02488,C1531,2025-11-06,North,Online,Debit Card
O02489,C1748,2025-04-06,East,Online,Credit Card
O02490,C1572,2025-03-19,South,Online,UPI
O02491,C0993,2025-02-01,South,Store,Net Banking
O02492,C1391,2025-05-19,South,Online,UPI
O02493,C1888,2025-05-18,South,Online,Credit Card
O02494,C0107,2025-05-09,North,Online,UPI
O02495,C1810,2025-08-23,North,Online,UPI
O02496,C1447,2025-10-15,West,Store,Debit Card
O02497,C0773,2025-12-13,South,Online,UPI
O02498,C0898,2025-02-12,North,Store,Debit Card
O02499,C0878,2025-03-08,South,Store,Debit Card
O02500,C0316,2025-08-22,South,Store,Credit Card
O02501,C0461,2025-02-14,South,Online,Debit Card
O02502,C0591,2025-06-04,East,Store,UPI
O02503,C0012,2025-09-03,North,Store,Net Banking
O02504,C1003,2025-10-24,North,Store,UPI
O02505,C0954,2025-04-05,North,Online,Debit Card
O02506,C0660,2025-09-17,South,Online,Net Banking
O02507,C0353,2025-09-10,West,Online,Net Banking
O02508,C1940,2025-11-18,North,Online,UPI
O02509,C1358,2025-05-13,East,Store,Credit Card
O02510,C0950,2025-10-14,West,Online,Net Banking
O02511,C1446,2025-10-15,South,Store,Net Banking
O02512,C0745,2025-04-14,East,Store,Debit Card
O02513,C0432,2025-09-02,West,Online,UPI
O02514,C1347,2025-09-20,South,Online,Credit Card
O02515,C1542,2025-04-28,South,Online,Cash on Delivery
O02516,C1302,2025-07-04,South,Online,UPI
O02517,C1133,2025-06-28,West,Store,Net Banking
O02518,C0005,2025-10-22,West,Online,Credit Card
O02519,C1276,2025-01-01,South,Online,Debit Card
O02520,C1237,2025-07-22,South,Online,UPI
O02521,C0825,2025-03-22,West,Online,UPI
O02522,C0488,2025-09-10,West,Store,UPI
O02523,C1959,2025-09-22,South,Store,Net Banking
O02524,C0751,2025-07-22,South,Online,Debit Card
O02525,C0545,2025-08-05,East,Online,Debit Card
O02526,C1413,2025-05-14,East,Store,Cash on Delivery
O02527,C0964,2025-05-13,West,Online,Credit Card
O02528,C1115,2025-10-13,North,Online,Net Banking
O02529,C1297,2025-02-28,East,Store,UPI
O02530,C0738,2025-10-21,South,Online,UPI
O02531,C0305,2025-09-13,East,Online,Credit Card
O02532,C0335,2025-11-26,West,Store,Cash on Delivery
O02533,C1880,2025-04-22,West,Online,Debit Card
O02534,C1011,2025-07-24,West,Online,UPI
O02535,C0835,2025-01-18,South,Online,Cash on Delivery
O02536,C0639,2025-12-05,North,Online,Debit Card
O02537,C1444,2025-09-20,North,Online,Debit Card
O02538,C1826,2025-09-02,South,Store,Credit Card
O02539,C1538,2025-10-09,West,Store,Credit Card
O02540,C1069,2025-05-02,East,Store,UPI
O02541,C0951,2025-08-27,East,Store,Debit Card
O02542,C1732,2025-10-31,North,Online,UPI
O02543,C1713,2025-02-10,South,Online,Credit Card
O02544,C0781,2025-12-19,South,Online,Credit Card
O02545,C1929,2025-11-28,South,Online,Debit Card
O02546,C1655,2025-12-20,North,Online,Net Banking
O02547,C1693,2025-11-02,North,Online,Credit Card
O02548,C0114,2025-05-06,East,Store,Credit Card
O02549,C0261,2025-08-19,South,Online,UPI
O02550,C0597,2025-02-23,East,Store,UPI
O02551,C1523,2025-10-16,East,Online,UPI
O02552,C0157,2025-03-09,North,Online,UPI
O02553,C0166,2025-11-21,East,Store,Credit Card
O02554,C0064,2025-04-14,West,Online,Credit Card
O02555,C0384,2025-03-12,South,Online,Cash on Delivery
O02556,C1838,2025-02-02,South,Online,UPI
O02557,C1443,2025-10-02,South,Online,UPI
O02558,C1434,2025-03-23,South,Online,Debit Card
O02559,C0586,2025-03-28,North,Online,UPI
O02560,C1251,2025-03-16,South,Online,Debit Card
O02561,C1558,2025-05-10,South,Online,Debit Card
O02562,C1065,2025-12-14,South,Store,Debit Card
O02563,C1713,2025-07-17,North,Online,UPI
O02564,C1140,2025-04-22,East,Online,UPI
O02565,C0650,2025-03-17,West,Store,Cash on Delivery
O02566,C1278,2025-01-09,North,Store,Net Banking
O02567,C1887,2025-06-02,East,Online,Debit Card
O02568,C1654,2025-02-19,North,Online,UPI
O02569,C0997,2025-01-13,North,Store,Credit Card
O02570,C1194,2025-02-16,West,Online,Debit Card
O02571,C1952,2025-05-15,East,Online,UPI
O02572,C1498,2025-10-15,South,Store,Cash on Delivery
O02573,C1006,2025-01-31,North,Online,Cash on Delivery
O02574,C0562,2025-09-21,West,Online,UPI
O02575,C1812,2025-09-01,South,Online,UPI
O02576,C1954,2025-11-25,North,Online,Credit Card
O02577,C0142,2025-03-22,North,Online,Credit Card
O02578,C0064,2025-10-29,East,Online,Credit Card
O02579,C0231,2025-11-20,East,Online,Debit Card
O02580,C0774,2025-12-24,North,Online,Credit Card
O02581,C0320,2025-11-02,West,Online,UPI
O02582,C1765,2025-02-25,East,Online,UPI
O02583,C1829,2025-12-15,South,Store,Credit Card
O02584,C0362,2025-11-04,South,Store,Credit Card
O02585,C1659,2025-04-03,West,Online,Cash on Delivery
O02586,C0283,2025-03-14,West,Online,UPI
O02587,C1575,2025-12-12,North,Online,Net Banking
O02588,C0731,2025-03-10,North,Store,UPI
O02589,C0081,2025-10-23,South,Online,Debit Card
O02590,C0857,2025-06-17,North,Online,UPI
O02591,C1646,2025-10-06,West,Store,Credit Card
O02592,C1867,2025-02-11,East,Store,Credit Card
O02593,C0243,2025-10-06,South,Store,Debit Card
O02594,C1673,2025-07-26,West,Online,UPI
O02595,C0587,2025-12-01,North,Store,Credit Card
O02596,C0929,2025-03-24,West,Online,Credit Card
O02597,C0218,2025-02-19,South,Store,Debit Card
O02598,C1946,2025-03-27,South,Online,UPI
O02599,C1581,2025-02-05,South,Store,UPI
O02600,C1285,2025-12-26,West,Store,Debit Card
O02601,C1455,2025-02-24,North,Store,Credit Card
O02602,C1748,2025-03-29,West,Online,UPI
O02603,C0287,2025-11-03,North,Online,UPI
O02604,C0493,2025-04-17,South,Online,Debit Card
O02605,C0075,2025-04-07,South,Online,Cash on Delivery
O02606,C0978,2025-09-19,North,Store,Debit Card
O02607,C0989,2025-06-14,North,Online,Net Banking
O02608,C0060,2025-11-11,North,Online,Debit Card
O02609,C1324,2025-09-07,North,Online,Credit Card
O02610,C0018,2025-05-03,East,Store,Cash on Delivery
O02611,C1586,2025-08-25,East,Online,UPI
O02612,C1411,2025-11-21,North,Online,Net Banking
O02613,C1631,2025-06-02,South,Online,UPI
O02614,C0237,2025-10-10,South,Online,Debit Card
O02615,C1741,2025-06-21,North,Online,Cash on Delivery
O02616,C1096,2025-08-06,West,Online,Net Banking
O02617,C1727,2025-10-09,South,Store,Net Banking
O02618,C1393,2025-01-28,South,Online,Net Banking
O02619,C1313,2025-07-05,East,Store,Credit Card
O02620,C0065,2025-02-12,South,Online,Credit Card
O02621,C1384,2025-10-06,North,Online,Credit Card
O02622,C0898,2025-08-28,East,Store,UPI
O02623,C1699,2025-05-18,North,Store,Credit Card
O02624,C1369,2025-02-04,South,Online,UPI
O02625,C0149,2025-12-09,North,Online,Net Banking
O02626,C1780,2025-05-14,North,Online,Debit Card
O02627,C0126,2025-04-28,South,Online,UPI
O02628,C0599,2025-02-15,North,Online,Debit Card
O02629,C0434,2025-08-18,South,Online,Debit Card
O02630,C1949,2025-04-24,North,Online,Net Banking
O02631,C0307,2025-11-13,East,Online,Credit Card
O02632,C1690,2025-09-22,West,Store,Debit Card
O02633,C0445,2025-01-02,East,Online,UPI
O02634,C1302,2025-08-14,West,Store,Net Banking
O02635,C0181,2025-04-11,East,Online,Net Banking
O02636,C0784,2025-01-08,North,Store,UPI
O02637,C1247,2025-09-01,South,Store,UPI
O02638,C1423,2025-03-31,East,Online,UPI
O02639,C1745,2025-12-01,East,Online,Credit Card
O02640,C1633,2025-08-16,West,Online,UPI
O02641,C1038,2025-04-02,North,Store,Net Banking
O02642,C0607,2025-12-25,South,Online,Credit Card
O02643,C0523,2025-08-07,South,Store,Credit Card
O02644,C1986,2025-03-14,South,Store,Debit Card
O02645,C1217,2025-07-28,West,Online,Debit Card
O02646,C1818,2025-12-19,South,Store,UPI
O02647,C0868,2025-06-24,South,Store,Net Banking
O02648,C0972,2025-06-24,East,Store,Debit Card
O02649,C1652,2025-07-07,West,Online,UPI
O02650,C1446,2025-04-30,North,Online,UPI
O02651,C0402,2025-03-13,South,Online,Debit Card
O02652,C1049,2025-08-18,South,Online,UPI
O02653,C0427,2025-11-29,North,Online,UPI
O02654,C1522,2025-10-10,South,Store,Credit Card
O02655,C0060,2025-02-13,West,Online,Cash on Delivery
O02656,C1654,2025-06-15,East,Online,Debit Card
O02657,C1859,2025-01-03,South,Online,Net Banking
O02658,C0047,2025-05-11,West,Store,UPI
O02659,C1261,2025-09-18,North,Online,Net Banking
O02660,C0159,2025-05-04,South,Online,Credit Card
O02661,C0721,2025-11-12,North,Online,Cash on Delivery
O02662,C0673,2025-07-13,West,Online,Credit Card
O02663,C1040,2025-09-18,South,Online,Debit Card
O02664,C1836,2025-11-26,West,Online,Cash on Delivery
O02665,C0924,2025-09-22,West,Online,Cash on Delivery
O02666,C0797,2025-11-30,North,Online,UPI
O02667,C0186,2025-11-02,East,Online,UPI
O02668,C1776,2025-08-14,North,Store,Debit Card
O02669,C0630,2025-05-07,West,Online,UPI
O02670,C0925,2025-05-07,East,Store,UPI
O02671,C0185,2025-11-23,North,Online,UPI
O02672,C0578,2025-01-25,South,Online,Credit Card
O02673,C1107,2025-12-14,South,Store,Debit Card
O02674,C1802,2025-05-18,South,Online,UPI
O02675,C0658,2025-10-11,South,Online,Credit Card
O02676,C1122,2025-05-19,West,Online,Credit Card
O02677,C1752,2025-12-17,South,Store,Cash on Delivery
O02678,C0721,2025-01-17,East,Online,UPI
O02679,C0590,2025-05-28,West,Online,Net Banking
O02680,C0089,2025-11-21,South,Online,Cash on Delivery
O02681,C1816,2025-04-28,East,Online,Credit Card
O02682,C0222,2025-04-28,West,Online,Debit Card
O02683,C0431,2025-12-01,South,Store,UPI
O02684,C0279,2025-11-09,South,Store,Credit Card
O02685,C1416,2025-02-17,North,Store,UPI
O02686,C0730,2025-08-19,West,Online,Credit Card
O02687,C1410,2025-04-07,North,Online,Cash on Delivery
O02688,C1215,2025-04-04,North,Online,UPI
O02689,C0031,2025-08-31,North,Online,Credit Card
O02690,C0616,2025-02-25,East,Online,Debit Card
O02691,C0009,2025-07-11,North,Online,Credit Card
O02692,C0132,2025-04-20,North,Online,Credit Card
O02693,C0947,2025-11-17,South,Store,Credit Card
O02694,C0530,2025-08-10,West,Store,Debit Card
O02695,C0179,2025-04-04,West,Store,UPI
O02696,C0818,2025-12-09,West,Online,Credit Card
O02697,C0904,2025-11-07,West,Store,Credit Card
O02698,C1985,2025-04-24,North,Online,UPI
O02699,C1324,2025-12-20,West,Online,Credit Card
O02700,C0786,2025-04-25,West,Online,Credit Card
O02701,C0947,2025-05-05,West,Online,Debit Card
O02702,C0179,2025-06-10,East,Online,Credit Card
O02703,C0774,2025-03-14,West,Store,Credit Card
O02704,C1163,2025-09-24,North,Online,Net Banking
O02705,C0042,2025-08-11,West,Store,Credit Card
O02706,C1840,2025-11-29,West,Online,Credit Card
O02707,C1031,2025-04-14,North,Store,Credit Card
O02708,C1574,2025-03-16,East,Store,Credit Card
O02709,C0552,2025-05-30,North,Online,Net Banking
O02710,C1673,2025-03-06,East,Store,Debit Card
O02711,C0734,2025-12-15,West,Store,UPI
O02712,C1857,2025-10-04,East,Online,Credit Card
O02713,C1045,2025-10-29,East,Store,UPI
O02714,C1274,2025-10-14,North,Store,Debit Card
O02715,C0408,2025-04-15,North,Online,Cash on Delivery
O02716,C1990,2025-03-04,North,Online,Debit Card
O02717,C0386,2025-06-26,West,Online,Credit Card
O02718,C0067,2025-11-09,West,Online,UPI
O02719,C0880,2025-05-20,West,Store,Credit Card
O02720,C1670,2025-01-05,North,Store,Credit Card
O02721,C1843,2025-09-15,South,Store,Net Banking
O02722,C1715,2025-03-29,North,Online,Credit Card
O02723,C1107,2025-08-06,West,Online,Cash on Delivery
O02724,C1834,2025-01-07,West,Online,Credit Card
O02725,C0985,2025-07-25,South,Online,UPI
O02726,C0957,2025-06-13,South,Store,Debit Card
O02727,C0362,2025-11-25,North,Online,UPI
O02728,C1576,2025-10-05,West,Online,UPI
O02729,C0633,2025-01-17,South,Online,UPI
O02730,C0391,2025-10-27,South,Store,Credit Card
O02731,C0740,2025-10-28,West,Online,UPI
O02732,C1207,2025-09-16,South,Online,Cash on Delivery
O02733,C0541,2025-12-10,South,Online,Net Banking
O02734,C0718,2025-11-01,North,Online,Debit Card
O02735,C0661,2025-04-06,North,Online,Credit Card
O02736,C1193,2025-06-08,East,Store,UPI
O02737,C1429,2025-05-27,South,Online,Debit Card
O02738,C1352,2025-07-23,South,Online,UPI
O02739,C0283,2025-12-18,South,Store,Credit Card
O02740,C0695,2025-08-31,West,Store,UPI
O02741,C1297,2025-05-13,South,Store,Credit Card
O02742,C0433,2025-12-14,South,Online,Credit Card
O02743,C0139,2025-09-28,West,Store,Credit Card
O02744,C0644,2025-04-24,West,Store,Debit Card
O02745,C1358,2025-12-03,West,Online,UPI
O02746,C1328,2025-05-25,North,Online,UPI
O02747,C0260,2025-07-27,North,Online,Credit Card
O02748,C1354,2025-07-14,West,Store,Debit Card
O02749,C0389,2025-12-08,South,Online,UPI
O02750,C1483,2025-04-24,West,Store,Net Banking
O02751,C1134,2025-05-21,South,Store,UPI
O02752,C0254,2025-09-15,South,Store,UPI
O02753,C0701,2025-11-27,West,Online,Debit Card
O02754,C1638,2025-02-21,South,Store,UPI
O02755,C0866,2025-04-02,South,Online,Credit Card
O02756,C1377,2025-12-16,North,Store,UPI
O02757,C1497,2025-10-23,North,Online,Credit Card
O02758,C0062,2025-05-26,South,Online,UPI
O02759,C1863,2025-05-30,West,Online,UPI
O02760,C0672,2025-07-10,East,Store,Credit Card
O02761,C1587,2025-09-19,South,Online,Net Banking
O02762,C0934,2025-08-12,North,Online,Debit Card
O02763,C1154,2025-10-23,South,Online,Credit Card
O02764,C0722,2025-01-25,East,Store,Cash on Delivery
O02765,C1707,2025-11-06,South,Online,UPI
O02766,C0235,2025-01-27,South,Online,Net Banking
O02767,C1793,2025-11-25,East,Store,Cash on Delivery
O02768,C0415,2025-01-20,North,Online,Credit Card
O02769,C1767,2025-02-27,South,Online,UPI
O02770,C0050,2025-03-21,North,Online,Cash on Delivery
O02771,C0028,2025-04-07,East,Online,Credit Card
O02772,C0187,2025-06-16,West,Online,UPI
O02773,C1096,2025-09-13,South,Online,Net Banking
O02774,C0533,2025-11-29,South,Online,Credit Card
O02775,C1196,2025-07-30,East,Online,Credit Card
O02776,C1640,2025-08-02,South,Online,Credit Card
O02777,C0055,2025-05-15,South,Online,Cash on Delivery
O02778,C1054,2025-10-31,South,Online,Credit Card
O02779,C1479,2025-02-19,South,Store,Net Banking
O02780,C0849,2025-05-08,West,Online,UPI
O02781,C1851,2025-02-13,West,Store,Debit Card
O02782,C1325,2025-04-04,South,Store,Credit Card
O02783,C0070,2025-08-21,South,Online,Credit Card
O02784,C1084,2025-02-26,South,Store,UPI
O02785,C0768,2025-02-15,South,Store,UPI
O02786,C0264,2025-11-08,South,Online,UPI
O02787,C1901,2025-02-22,North,Online,Debit Card
O02788,C0446,2025-08-28,South,Store,UPI
O02789,C0167,2025-05-28,South,Online,Debit Card
O02790,C0446,2025-11-30,West,Online,Net Banking
O02791,C1647,2025-10-01,North,Online,Debit Card
O02792,C1200,2025-01-28,North,Online,Net Banking
O02793,C1640,2025-11-30,East,Online,Credit Card
O02794,C0924,2025-06-20,South,Store,Cash on Delivery
O02795,C0234,2025-05-07,South,Online,Debit Card
O02796,C0776,2025-09-19,South,Online,Credit Card
O02797,C0400,2025-10-04,South,Online,Debit Card
O02798,C1114,2025-05-09,East,Store,Debit Card
O02799,C0539,2025-05-28,West,Online,Debit Card
O02800,C1941,2025-03-11,North,Online,UPI
O02801,C0755,2025-08-23,East,Store,Credit Card
O02802,C0629,2025-12-18,North,Store,Net Banking
O02803,C1969,2025-06-21,West,Online,Cash on Delivery
O02804,C1041,2025-12-30,East,Store,Credit Card
O02805,C0341,2025-03-19,West,Online,Credit Card
O02806,C0961,2025-10-29,South,Online,Credit Card
O02807,C0510,2025-12-10,West,Online,Debit Card
O02808,C1434,2025-09-24,East,Online,UPI
O02809,C1148,2025-02-19,North,Store,Cash on Delivery
O02810,C1461,2025-05-18,West,Online,Credit Card
O02811,C1881,2025-02-08,East,Online,UPI
O02812,C1459,2025-08-26,West,Online,UPI
O02813,C0682,2025-12-31,North,Online,Credit Card
O02814,C0404,2025-06-05,South,Store,Credit Card
O02815,C1059,2025-03-13,South,Store,Debit Card
O02816,C0899,2025-04-25,South,Online,Credit Card
O02817,C0627,2025-08-15,East,Online,Credit Card
O02818,C1623,2025-08-15,East,Online,UPI
O02819,C1819,2025-04-10,South,Store,UPI
O02820,C0764,2025-10-15,South,Online,UPI
O02821,C1362,2025-02-09,South,Online,Credit Card
O02822,C1969,2025-09-02,North,Store,Net Banking
O02823,C0024,2025-06-24,West,Store,UPI
O02824,C0730,2025-02-26,West,Online,Debit Card
O02825,C1476,2025-09-06,South,Store,UPI
O02826,C0996,2025-09-19,South,Online,UPI
O02827,C1584,2025-06-30,East,Store,UPI
O02828,C0950,2025-10-30,West,Online,Credit Card
O02829,C0129,2025-07-25,South,Store,UPI
O02830,C0868,2025-05-02,South,Store,Net Banking
O02831,C0810,2025-12-17,South,Store,UPI
O02832,C1692,2025-12-15,South,Online,Credit Card
O02833,C0295,2025-02-13,South,Store,Cash on Delivery
O02834,C0311,2025-12-15,North,Online,UPI
O02835,C0283,2025-10-23,South,Online,Debit Card
O02836,C1136,2025-02-17,West,Online,Debit Card
O02837,C1992,2025-07-28,West,Store,UPI
O02838,C1238,2025-01-17,South,Online,UPI
O02839,C1633,2025-08-22,West,Online,Net Banking
O02840,C1703,2025-12-11,East,Store,UPI
O02841,C1202,2025-06-03,South,Store,Credit Card
O02842,C1219,2025-07-24,North,Online,Credit Card
O02843,C0487,2025-04-09,South,Online,UPI
O02844,C1921,2025-08-05,South,Online,Net Banking
O02845,C1576,2025-10-31,South,Online,Net Banking
O02846,C1745,2025-04-04,North,Online,Net Banking
O02847,C1968,2025-08-09,West,Store,UPI
O02848,C0698,2025-05-29,North,Store,Cash on Delivery
O02849,C0288,2025-10-14,South,Online,Debit Card
O02850,C1720,2025-09-29,West,Online,Debit Card
O02851,C0946,2025-09-28,South,Online,Debit Card
O02852,C1917,2025-06-07,South,Store,Debit Card
O02853,C1389,2025-08-25,West,Store,Credit Card
O02854,C0515,2025-09-12,South,Online,Credit Card
O02855,C0710,2025-09-22,West,Store,Credit Card
O02856,C1221,2025-08-17,West,Online,UPI
O02857,C0789,2025-11-21,North,Store,UPI
O02858,C0564,2025-04-18,North,Store,Credit Card
O02859,C0420,2025-01-26,South,Online,Credit Card
O02860,C1300,2025-12-20,South,Store,Debit Card
O02861,C0071,2025-01-28,West,Online,Debit Card
O02862,C0188,2025-12-02,South,Online,Credit Card
O02863,C0086,2025-08-30,South,Store,UPI
O02864,C1469,2025-12-07,South,Online,Debit Card
O02865,C0059,2025-08-13,West,Online,UPI
O02866,C0840,2025-11-06,West,Online,Net Banking
O02867,C0243,2025-10-05,South,Store,Credit Card
O02868,C1175,2025-07-30,South,Store,Net Banking
O02869,C0069,2025-06-01,South,Store,UPI
O02870,C0052,2025-01-02,South,Store,Debit Card
O02871,C0823,2025-04-18,North,Store,Credit Card
O02872,C1391,2025-12-17,South,Store,UPI
O02873,C0220,2025-04-28,South,Store,Credit Card
O02874,C0992,2025-10-15,East,Online,UPI
O02875,C1621,2025-07-24,West,Store,UPI
O02876,C1251,2025-05-11,South,Online,Credit Card
O02877,C1501,2025-12-29,North,Online,Credit Card
O02878,C0632,2025-01-22,North,Online,Credit Card
O02879,C1885,2025-08-19,East,Online,Credit Card
O02880,C0292,2025-07-08,East,Store,UPI
O02881,C1211,2025-02-04,North,Online,Credit Card
O02882,C0871,2025-04-04,South,Store,Credit Card
O02883,C0064,2025-09-26,West,Online,Debit Card
O02884,C1888,2025-02-18,South,Store,Credit Card
O02885,C1405,2025-10-31,West,Online,UPI
O02886,C0456,2025-09-03,East,Store,Credit Card
O02887,C0105,2025-02-15,South,Online,UPI
O02888,C1352,2025-05-03,East,Store,Credit Card
O02889,C1091,2025-03-02,West,Store,Debit Card
O02890,C0100,2025-10-30,South,Store,Debit Card
O02891,C1973,2025-08-02,East,Store,UPI
O02892,C1437,2025-01-02,West,Online,Credit Card
O02893,C0926,2025-08-06,West,Online,Credit Card
O02894,C0477,2025-07-15,West,Online,Credit Card
O02895,C0543,2025-09-09,South,Online,Debit Card
O02896,C0904,2025-01-17,South,Online,Debit Card
O02897,C0115,2025-01-17,North,Store,UPI
O02898,C0736,2025-05-27,East,Store,Debit Card
O02899,C0435,2025-09-24,North,Store,Net Banking
O02900,C0226,2025-09-17,North,Store,Cash on Delivery
O02901,C0252,2025-04-29,North,Online,UPI
O02902,C0692,2025-04-04,South,Online,Net Banking
O02903,C0766,2025-09-22,North,Store,UPI
O02904,C0701,2025-01-13,North,Online,Credit Card
O02905,C1380,2025-08-10,South,Online,Credit Card
O02906,C1045,2025-06-24,West,Store,UPI
O02907,C0386,2025-04-14,North,Online,UPI
O02908,C1945,2025-07-29,East,Online,UPI
O02909,C1461,2025-04-05,East,Online,Debit Card
O02910,C0941,2025-08-13,West,Store,Credit Card
O02911,C0099,2025-03-08,North,Online,Debit Card
O02912,C1829,2025-06-17,West,Store,Credit Card
O02913,C1490,2025-07-25,East,Online,UPI
O02914,C0924,2025-01-15,North,Store,Credit Card
O02915,C0324,2025-08-29,East,Store,Debit Card
O02916,C0216,2025-10-15,East,Online,UPI
O02917,C0580,2025-12-18,South,Store,Cash on Delivery
O02918,C0461,2025-03-30,East,Online,Credit Card
O02919,C0419,2025-04-01,North,Online,Debit Card
O02920,C0816,2025-05-10,South,Online,Credit Card
O02921,C0094,2025-11-28,South,Online,Debit Card
O02922,C0651,2025-06-18,North,Store,Debit Card
O02923,C1743,2025-05-09,South,Store,Net Banking
O02924,C1732,2025-10-12,South,Store,UPI
O02925,C0017,2025-01-18,West,Online,UPI
O02926,C1358,2025-08-08,South,Store,UPI
O02927,C1983,2025-07-03,West,Online,Cash on Delivery
O02928,C1157,2025-09-03,North,Online,Credit Card
O02929,C0781,2025-10-08,South,Store,UPI
O02930,C0983,2025-05-18,North,Store,UPI
O02931,C0427,2025-09-07,South,Store,Credit Card
O02932,C0795,2025-07-30,East,Store,Cash on Delivery
O02933,C1874,2025-03-01,West,Online,Debit Card
O02934,C1225,2025-11-25,North,Store,UPI
O02935,C0862,2025-10-16,North,Store,Net Banking
O02936,C0250,2025-12-08,East,Store,Cash on Delivery
O02937,C1813,2025-10-05,West,Online,Debit Card
O02938,C0326,2025-04-16,West,Online,Debit Card
O02939,C1444,2025-06-26,South,Online,Debit Card
O02940,C0607,2025-06-10,West,Online,Debit Card
O02941,C0558,2025-01-17,West,Store,Net Banking
O02942,C0343,2025-06-19,West,Store,Debit Card
O02943,C0751,2025-05-25,South,Store,Credit Card
O02944,C1355,2025-01-02,West,Online,UPI
O02945,C0834,2025-11-15,West,Store,Credit Card
O02946,C0050,2025-03-05,West,Online,UPI
O02947,C0529,2025-07-22,North,Online,Debit Card
O02948,C0321,2025-10-26,West,Online,Cash on Delivery
O02949,C0804,2025-08-27,West,Store,UPI
O02950,C1806,2025-03-16,West,Store,Credit Card
O02951,C1926,2025-09-01,North,Store,Debit Card
O02952,C1996,2025-10-17,North,Online,UPI
O02953,C0226,2025-11-17,South,Online,Credit Card
O02954,C0976,2025-05-15,South,Online,Net Banking
O02955,C0092,2025-01-16,North,Store,UPI
O02956,C0991,2025-08-28,North,Store,Debit Card
O02957,C1154,2025-04-08,South,Online,Debit Card
O02958,C1547,2025-10-24,West,Online,Debit Card
O02959,C0673,2025-09-21,South,Store,UPI
O02960,C0073,2025-10-22,North,Online,UPI
O02961,C0909,2025-12-22,South,Online,UPI
O02962,C0855,2025-08-20,North,Store,Credit Card
O02963,C1249,2025-12-02,North,Store,UPI
O02964,C0200,2025-09-09,North,Store,Debit Card
O02965,C1227,2025-03-21,East,Online,Credit Card
O02966,C0802,2025-10-30,West,Store,Net Banking
O02967,C1479,2025-09-26,North,Online,Net Banking
O02968,C1968,2025-12-25,North,Online,Credit Card
O02969,C0456,2025-04-15,North,Online,UPI
O02970,C1508,2025-05-21,West,Online,UPI
O02971,C0256,2025-11-06,South,Online,Debit Card
O02972,C1971,2025-01-29,East,Online,Credit Card
O02973,C0962,2025-09-06,South,Online,Credit Card
O02974,C1493,2025-08-03,East,Online,Debit Card
O02975,C1556,2025-03-16,South,Store,UPI
O02976,C1217,2025-03-14,West,Online,Credit Card
O02977,C0769,2025-11-03,East,Online,Credit Card
O02978,C1509,2025-01-08,North,Store,UPI
O02979,C0953,2025-10-13,West,Store,Net Banking
O02980,C1319,2025-10-09,South,Online,Debit Card
O02981,C1227,2025-09-11,South,Online,Credit Card
O02982,C0929,2025-06-18,South,Online,Debit Card
O02983,C0235,2025-01-14,West,Online,UPI
O02984,C0586,2025-10-31,West,Online,Credit Card
O02985,C1876,2025-02-26,South,Online,Debit Card
O02986,C1041,2025-04-30,West,Online,Credit Card
O02987,C1273,2025-12-15,East,Online,Debit Card
O02988,C0517,2025-05-09,North,Store,Credit Card
O02989,C1412,2025-04-20,West,Online,Credit Card
O02990,C0974,2025-12-23,East,Store,Credit Card
O02991,C0438,2025-02-08,West,Online,Debit Card
O02992,C0293,2025-03-12,South,Online,UPI
O02993,C0791,2025-06-29,West,Online,Net Banking
O02994,C1131,2025-10-27,East,Online,UPI
O02995,C0561,2025-11-26,South,Online,UPI
O02996,C0491,2025-10-16,South,Store,Net Banking
O02997,C0540,2025-12-24,East,Online,Credit Card
O02998,C0588,2025-01-08,North,Online,Credit Card
O02999,C1479,2025-09-01,North,Store,Credit Card
O03000,C0999,2025-02-22,North,Online,UPI
O03001,C0939,2025-12-04,North,Online,Debit Card
O03002,C0326,2025-12-12,South,Store,Debit Card
O03003,C1090,2025-05-09,North,Online,UPI
O03004,C1925,2025-11-08,South,Online,Debit Card
O03005,C1492,2025-09-05,South,Store,UPI
O03006,C0894,2025-02-15,East,Online,Net Banking
O03007,C0614,2025-08-26,South,Store,Debit Card
O03008,C0705,2025-12-24,South,Online,Cash on Delivery
O03009,C0054,2025-05-11,South,Online,Net Banking
O03010,C0059,2025-01-01,North,Online,Net Banking
O03011,C1553,2025-12-25,East,Store,Cash on Delivery
O03012,C1687,2025-06-20,South,Online,Net Banking
O03013,C1938,2025-06-26,West,Online,Net Banking
O03014,C1252,2025-10-02,North,Online,UPI
O03015,C1859,2025-08-27,North,Online,Debit Card
O03016,C0833,2025-05-09,South,Online,Debit Card
O03017,C0509,2025-02-14,South,Store,Cash on Delivery
O03018,C0492,2025-11-08,West,Store,Debit Card
O03019,C0474,2025-07-15,South,Online,UPI
O03020,C1491,2025-09-19,North,Online,UPI
O03021,C0020,2025-11-19,South,Online,UPI
O03022,C1891,2025-01-09,North,Online,Credit Card
O03023,C1550,2025-11-18,North,Online,Debit Card
O03024,C0762,2025-10-15,North,Store,UPI
O03025,C1404,2025-12-15,North,Online,UPI
O03026,C0270,2025-04-11,South,Online,UPI
O03027,C0863,2025-05-17,South,Store,Net Banking
O03028,C0219,2025-09-15,West,Online,Credit Card
O03029,C0225,2025-12-09,North,Store,UPI
O03030,C0013,2025-12-29,North,Store,Credit Card
O03031,C1592,2025-06-21,West,Online,UPI
O03032,C1488,2025-08-04,North,Store,Debit Card
O03033,C1786,2025-03-17,South,Online,Net Banking
O03034,C1963,2025-09-26,South,Online,UPI
O03035,C1930,2025-11-11,South,Store,Net Banking
O03036,C1986,2025-10-30,East,Store,Debit Card
O03037,C0032,2025-05-26,West,Online,UPI
O03038,C1569,2025-12-20,West,Online,UPI
O03039,C1447,2025-02-23,North,Store,UPI
O03040,C0325,2025-07-19,South,Store,UPI
O03041,C0274,2025-08-10,South,Online,Credit Card
O03042,C1956,2025-08-03,South,Online,Cash on Delivery
O03043,C1766,2025-10-17,South,Online,UPI
O03044,C0656,2025-08-29,West,Store,Cash on Delivery
O03045,C0150,2025-02-04,South,Online,Credit Card
O03046,C0668,2025-03-20,North,Online,Credit Card
O03047,C0011,2025-08-02,North,Online,Debit Card
O03048,C1375,2025-09-26,East,Store,Net Banking
O03049,C0761,2025-07-26,South,Store,Cash on Delivery
O03050,C0099,2025-05-29,West,Online,UPI
O03051,C1960,2025-01-24,South,Online,Credit Card
O03052,C1652,2025-10-26,South,Online,UPI
O03053,C1810,2025-07-20,West,Store,UPI
O03054,C1995,2025-08-04,West,Store,UPI
O03055,C0029,2025-07-10,North,Store,Debit Card
O03056,C1551,2025-04-24,North,Store,UPI
O03057,C1576,2025-04-29,South,Store,Net Banking
O03058,C1564,2025-01-29,East,Online,Debit Card
O03059,C0531,2025-10-01,South,Online,Credit Card
O03060,C0781,2025-04-27,East,Online,Credit Card
O03061,C1859,2025-05-07,North,Online,Debit Card
O03062,C0132,2025-12-30,South,Store,UPI
O03063,C1283,2025-06-10,West,Online,Credit Card
O03064,C1586,2025-07-25,South,Online,UPI
O03065,C1597,2025-06-10,North,Online,UPI
O03066,C1195,2025-05-04,South,Online,Credit Card
O03067,C1534,2025-01-03,North,Online,UPI
O03068,C1819,2025-11-17,South,Online,Credit Card
O03069,C1532,2025-07-12,East,Online,Debit Card
O03070,C0232,2025-10-05,South,Online,Debit Card
O03071,C0490,2025-12-19,North,Online,Credit Card
O03072,C0611,2025-01-02,North,Online,UPI
O03073,C0687,2025-09-20,South,Online,UPI
O03074,C0722,2025-02-23,South,Store,Credit Card
O03075,C0440,2025-07-06,West,Online,Credit Card
O03076,C1367,2025-11-14,North,Store,Net Banking
O03077,C0221,2025-02-02,North,Store,UPI
O03078,C1576,2025-12-28,South,Store,Net Banking
O03079,C1318,2025-08-19,East,Online,UPI
O03080,C1923,2025-06-13,East,Online,Credit Card
O03081,C0014,2025-01-10,North,Store,Net Banking
O03082,C0591,2025-08-21,South,Online,Net Banking
O03083,C1797,2025-07-20,South,Store,Credit Card
O03084,C0988,2025-04-04,East,Online,UPI
O03085,C1122,2025-07-18,North,Store,Debit Card
O03086,C0058,2025-01-06,North,Store,Debit Card
O03087,C1525,2025-12-31,East,Store,UPI
O03088,C0506,2025-05-20,South,Store,UPI
O03089,C1927,2025-07-14,North,Online,Credit Card
O03090,C0749,2025-10-26,North,Online,Debit Card
O03091,C0378,2025-10-02,North,Store,Credit Card
O03092,C1188,2025-11-27,North,Store,UPI
O03093,C0955,2025-12-14,West,Online,Net Banking
O03094,C0942,2025-03-24,South,Online,Net Banking
O03095,C1900,2025-06-11,East,Store,Debit Card
O03096,C0729,2025-09-24,North,Online,UPI
O03097,C0796,2025-01-21,West,Store,UPI
O03098,C1249,2025-10-04,East,Store,Debit Card
O03099,C0341,2025-01-03,South,Online,Net Banking
O03100,C1658,2025-12-05,West,Store,Credit Card
O03101,C0460,2025-10-04,East,Online,UPI
O03102,C0484,2025-08-13,North,Online,Net Banking
O03103,C0022,2025-06-26,East,Store,Credit Card
O03104,C0686,2025-12-28,East,Online,Cash on Delivery
O03105,C1166,2025-10-10,West,Online,Credit Card
O03106,C1410,2025-11-02,South,Store,Debit Card
O03107,C1798,2025-11-08,North,Online,UPI
O03108,C1556,2025-01-11,West,Online,UPI
O03109,C0643,2025-01-25,West,Online,Cash on Delivery
O03110,C1651,2025-03-28,West,Online,Debit Card
O03111,C0390,2025-09-13,South,Online,Credit Card
O03112,C0419,2025-09-03,South,Store,Credit Card
O03113,C0717,2025-05-18,West,Online,UPI
O03114,C1079,2025-12-23,North,Online,Net Banking
O03115,C0407,2025-02-11,West,Store,UPI
O03116,C1801,2025-10-23,South,Online,Credit Card
O03117,C0541,2025-07-15,West,Online,Credit Card
O03118,C0784,2025-06-22,North,Store,Debit Card
O03119,C1210,2025-01-12,South,Store,Credit Card
O03120,C0860,2025-10-07,West,Online,Cash on Delivery
O03121,C0808,2025-10-21,North,Online,Net Banking
O03122,C1970,2025-05-15,West,Store,Cash on Delivery
O03123,C0872,2025-07-27,West,Online,Credit Card
O03124,C0227,2025-08-28,East,Online,UPI
O03125,C1461,2025-06-03,South,Online,Cash on Delivery
O03126,C1412,2025-08-31,South,Online,UPI
O03127,C0438,2025-06-28,South,Store,Cash on Delivery
O03128,C1701,2025-11-24,North,Store,UPI
O03129,C0784,2025-10-04,East,Online,Net Banking
O03130,C0302,2025-02-19,North,Online,Net Banking
O03131,C0345,2025-10-30,East,Store,Debit Card
O03132,C1429,2025-05-22,North,Online,Net Banking
O03133,C0433,2025-12-12,South,Store,UPI
O03134,C0940,2025-08-27,South,Store,Credit Card
O03135,C1469,2025-01-13,North,Store,Credit Card
O03136,C1706,2025-10-09,North,Online,Cash on Delivery
O03137,C0980,2025-02-28,West,Store,Credit Card
O03138,C1815,2025-11-24,West,Online,UPI
O03139,C0606,2025-12-16,West,Store,UPI
O03140,C1745,2025-09-26,South,Online,Net Banking
O03141,C0501,2025-08-02,North,Online,Net Banking
O03142,C0129,2025-08-26,North,Online,Cash on Delivery
O03143,C1451,2025-06-26,North,Store,UPI
O03144,C1514,2025-02-07,South,Online,Debit Card
O03145,C1853,2025-12-10,East,Online,Credit Card
O03146,C1844,2025-05-19,South,Store,Debit Card
O03147,C0205,2025-05-13,South,Online,Net Banking
O03148,C1243,2025-03-25,North,Online,UPI
O03149,C1409,2025-12-29,East,Online,Credit Card
O03150,C1202,2025-12-14,East,Store,Credit Card
O03151,C0038,2025-05-27,South,Store,Credit Card
O03152,C0091,2025-04-22,South,Store,UPI
O03153,C1342,2025-11-01,North,Store,Credit Card
O03154,C1713,2025-06-23,North,Store,UPI
O03155,C0359,2025-12-22,West,Online,UPI
O03156,C0093,2025-12-01,South,Online,Credit Card
O03157,C0809,2025-10-18,West,Store,Debit Card
O03158,C0628,2025-02-10,South,Store,Cash on Delivery
O03159,C1966,2025-09-29,South,Online,Credit Card
O03160,C1852,2025-12-28,North,Store,Debit Card
O03161,C1117,2025-06-05,South,Online,Cash on Delivery
O03162,C1900,2025-11-25,North,Online,Credit Card
O03163,C0458,2025-06-18,North,Online,Net Banking
O03164,C1984,2025-12-23,West,Store,Cash on Delivery
O03165,C0894,2025-09-13,West,Online,Net Banking
O03166,C0953,2025-02-13,East,Online,UPI
O03167,C0102,2025-07-14,West,Online,UPI
O03168,C0355,2025-01-23,East,Store,UPI
O03169,C0389,2025-06-13,West,Online,Debit Card
O03170,C0976,2025-12-06,West,Online,Debit Card
O03171,C0380,2025-04-11,East,Store,UPI
O03172,C0205,2025-12-17,South,Store,Credit Card
O03173,C1211,2025-02-14,South,Online,Credit Card
O03174,C1746,2025-09-16,East,Online,Debit Card
O03175,C0140,2025-12-21,West,Store,UPI
O03176,C1122,2025-09-13,South,Online,UPI
O03177,C1921,2025-12-01,East,Online,Debit Card
O03178,C0810,2025-12-29,South,Online,UPI
O03179,C0366,2025-09-09,West,Store,Debit Card
O03180,C0160,2025-10-25,North,Store,Credit Card
O03181,C1873,2025-01-15,North,Online,Credit Card
O03182,C0811,2025-06-25,West,Online,Net Banking
O03183,C0211,2025-05-03,South,Online,UPI
O03184,C1733,2025-11-07,North,Store,UPI
O03185,C1605,2025-09-21,North,Store,Cash on Delivery
O03186,C1407,2025-08-30,South,Online,Debit Card
O03187,C0169,2025-12-11,South,Store,UPI
O03188,C0165,2025-02-10,West,Online,Debit Card
O03189,C0438,2025-12-18,South,Online,Credit Card
O03190,C0320,2025-02-15,North,Online,Debit Card
O03191,C1064,2025-05-26,East,Store,Net Banking
O03192,C0785,2025-09-05,South,Store,UPI
O03193,C1531,2025-05-24,East,Online,Debit Card
O03194,C0203,2025-09-22,North,Online,Credit Card
O03195,C1456,2025-10-23,North,Store,Credit Card
O03196,C1869,2025-11-09,East,Online,Credit Card
O03197,C0262,2025-03-20,South,Online,Cash on Delivery
O03198,C1305,2025-03-21,East,Store,Debit Card
O03199,C1019,2025-01-24,South,Store,Net Banking
O03200,C0190,2025-07-18,West,Online,UPI
O03201,C0586,2025-03-03,West,Online,Credit Card
O03202,C1577,2025-05-15,South,Store,Net Banking
O03203,C1739,2025-11-12,North,Online,UPI
O03204,C0737,2025-12-16,West,Store,Cash on Delivery
O03205,C0214,2025-11-07,West,Store,Debit Card
O03206,C0490,2025-01-01,West,Store,Net Banking
O03207,C1687,2025-08-14,South,Online,UPI
O03208,C1140,2025-03-15,South,Store,Credit Card
O03209,C0861,2025-06-06,South,Store,Credit Card
O03210,C0027,2025-06-25,East,Store,Cash on Delivery
O03211,C1566,2025-12-14,North,Online,UPI
O03212,C0931,2025-09-06,West,Store,Debit Card
O03213,C1091,2025-04-25,North,Online,Debit Card
O03214,C1688,2025-09-09,North,Online,Net Banking
O03215,C1125,2025-12-17,South,Online,Cash on Delivery
O03216,C1857,2025-01-27,South,Online,Net Banking
O03217,C1120,2025-11-05,West,Online,UPI
O03218,C0686,2025-04-05,South,Store,Net Banking
O03219,C1846,2025-03-09,East,Online,Credit Card
O03220,C1285,2025-12-01,South,Online,Debit Card
O03221,C1521,2025-01-01,West,Store,UPI
O03222,C0454,2025-10-12,West,Online,Net Banking
O03223,C1343,2025-02-09,North,Online,Credit Card
O03224,C1121,2025-09-01,East,Store,Net Banking
O03225,C0211,2025-09-02,West,Online,Credit Card
O03226,C0509,2025-11-19,South,Online,Debit Card
O03227,C1824,2025-11-07,North,Online,UPI
O03228,C1143,2025-09-23,South,Store,UPI
O03229,C1549,2025-06-08,South,Online,Cash on Delivery
O03230,C0344,2025-03-15,North,Store,Debit Card
O03231,C0436,2025-09-07,South,Store,UPI
O03232,C1883,2025-07-20,South,Online,Debit Card
O03233,C0841,2025-02-05,West,Store,Net Banking
O03234,C1774,2025-12-18,West,Online,Debit Card
O03235,C1617,2025-05-13,East,Store,Credit Card
O03236,C0674,2025-01-01,South,Store,Net Banking
O03237,C1900,2025-12-02,West,Store,UPI
O03238,C1554,2025-08-17,North,Store,Debit Card
O03239,C0256,2025-10-09,North,Online,Credit Card
O03240,C0192,2025-03-09,South,Store,Debit Card
O03241,C0254,2025-06-17,North,Store,UPI
O03242,C1481,2025-09-10,North,Store,UPI
O03243,C0287,2025-04-18,South,Store,Cash on Delivery
O03244,C0565,2025-09-29,South,Online,Net Banking
O03245,C0869,2025-04-11,North,Store,Cash on Delivery
O03246,C0272,2025-04-02,South,Online,Debit Card
O03247,C0661,2025-01-06,South,Online,UPI
O03248,C1357,2025-05-01,West,Online,Debit Card
O03249,C1945,2025-04-17,South,Online,Credit Card
O03250,C0940,2025-10-19,South,Online,Credit Card
O03251,C1494,2025-08-15,West,Online,UPI
O03252,C1061,2025-03-20,East,Store,UPI
O03253,C0933,2025-08-14,North,Store,UPI
O03254,C1042,2025-04-08,South,Store,UPI
O03255,C1918,2025-06-24,South,Online,Debit Card
O03256,C0119,2025-11-27,East,Store,Cash on Delivery
O03257,C1027,2025-10-04,North,Store,Credit Card
O03258,C0103,2025-09-12,North,Store,UPI
O03259,C1751,2025-05-01,South,Online,UPI
O03260,C1203,2025-02-25,South,Store,Debit Card
O03261,C0095,2025-10-15,South,Online,Credit Card
O03262,C1248,2025-08-14,North,Online,Debit Card
O03263,C0872,2025-09-02,East,Online,UPI
O03264,C0095,2025-12-24,South,Store,Debit Card
O03265,C1957,2025-05-26,North,Online,Debit Card
O03266,C0757,2025-10-31,East,Online,UPI
O03267,C0048,2025-08-11,East,Store,Cash on Delivery
O03268,C1226,2025-04-12,West,Online,Credit Card
O03269,C0751,2025-01-25,South,Online,UPI
O03270,C1314,2025-08-31,East,Store,Credit Card
O03271,C0325,2025-05-07,South,Store,Credit Card
O03272,C1657,2025-09-27,South,Store,Cash on Delivery
O03273,C0841,2025-09-28,South,Store,UPI
O03274,C0842,2025-07-05,West,Online,Net Banking
O03275,C1608,2025-08-03,South,Online,Debit Card
O03276,C1097,2025-09-03,West,Online,Debit Card
O03277,C0003,2025-07-10,East,Store,UPI
O03278,C1158,2025-11-24,West,Online,UPI
O03279,C1292,2025-02-04,East,Online,Net Banking
O03280,C0625,2025-12-25,East,Store,Credit Card
O03281,C0362,2025-01-16,North,Online,Cash on Delivery
O03282,C0108,2025-04-01,West,Online,Credit Card
O03283,C1693,2025-10-01,East,Store,Debit Card
O03284,C0009,2025-02-08,West,Online,Cash on Delivery
O03285,C1167,2025-04-23,South,Store,Debit Card
O03286,C1673,2025-03-10,East,Online,Credit Card
O03287,C0705,2025-10-06,West,Online,Net Banking
O03288,C0401,2025-08-18,East,Online,UPI
O03289,C1430,2025-01-30,West,Online,Credit Card
O03290,C1261,2025-07-07,South,Online,UPI
O03291,C0030,2025-04-01,North,Online,Cash on Delivery
O03292,C1155,2025-12-22,North,Online,Cash on Delivery
O03293,C0001,2025-02-18,West,Online,Net Banking
O03294,C0800,2025-08-25,East,Online,Credit Card
O03295,C0609,2025-07-15,West,Online,Debit Card
O03296,C1667,2025-08-18,South,Online,UPI
O03297,C1955,2025-12-18,North,Online,Credit Card
O03298,C1397,2025-05-24,South,Online,Net Banking
O03299,C1469,2025-10-14,West,Store,UPI
O03300,C0046,2025-07-02,South,Online,UPI
O03301,C0128,2025-09-15,South,Store,Debit Card
O03302,C1554,2025-06-02,East,Online,Net Banking
O03303,C0857,2025-04-09,South,Online,Credit Card
O03304,C1014,2025-02-07,North,Online,Debit Card
O03305,C1384,2025-02-15,North,Online,Cash on Delivery
O03306,C0695,2025-12-19,South,Store,UPI
O03307,C1364,2025-10-27,East,Store,Net Banking
O03308,C1454,2025-04-16,South,Online,Credit Card
O03309,C0481,2025-08-01,West,Online,Credit Card
O03310,C1373,2025-10-03,North,Store,UPI
O03311,C0339,2025-05-28,North,Store,Credit Card
O03312,C0622,2025-06-30,South,Online,Net Banking
O03313,C1561,2025-10-04,North,Online,Credit Card
O03314,C1967,2025-04-09,East,Online,UPI
O03315,C0130,2025-07-31,West,Online,UPI
O03316,C1298,2025-04-02,North,Online,Net Banking
O03317,C1140,2025-01-02,West,Online,Credit Card
O03318,C1212,2025-09-25,West,Online,UPI
O03319,C1574,2025-09-30,West,Online,Cash on Delivery
O03320,C0140,2025-12-30,South,Online,UPI
O03321,C1479,2025-03-21,North,Online,Net Banking
O03322,C0559,2025-10-11,South,Store,UPI
O03323,C0309,2025-12-16,South,Online,UPI
O03324,C0894,2025-09-10,West,Online,Credit Card
O03325,C0055,2025-12-20,South,Online,Net Banking
O03326,C1262,2025-12-30,West,Online,Debit Card
O03327,C1131,2025-10-31,West,Online,UPI
O03328,C1026,2025-12-31,South,Online,Net Banking
O03329,C0062,2025-09-03,South,Online,Net Banking
O03330,C1527,2025-07-20,South,Online,Credit Card
O03331,C0071,2025-12-06,West,Online,Credit Card
O03332,C0526,2025-11-09,South,Online,Credit Card
O03333,C0792,2025-02-19,North,Online,UPI
O03334,C1405,2025-05-09,North,Store,Net Banking
O03335,C0816,2025-04-22,West,Online,Debit Card
O03336,C1634,2025-11-17,South,Store,Net Banking
O03337,C1869,2025-04-11,South,Online,Net Banking
O03338,C1531,2025-05-09,South,Store,Net Banking
O03339,C0078,2025-07-28,South,Online,Net Banking
O03340,C1542,2025-02-04,East,Online,Cash on Delivery
O03341,C0413,2025-12-20,South,Store,Debit Card
O03342,C1778,2025-07-18,South,Online,Net Banking
O03343,C1958,2025-03-25,North,Store,Net Banking
O03344,C0169,2025-04-26,East,Online,UPI
O03345,C0198,2025-10-30,West,Store,Credit Card
O03346,C1395,2025-09-06,West,Store,Debit Card
O03347,C0287,2025-07-09,South,Online,UPI
O03348,C1938,2025-05-20,North,Store,Credit Card
O03349,C1081,2025-12-01,West,Online,UPI
O03350,C1148,2025-10-22,West,Store,UPI
O03351,C1721,2025-10-04,South,Online,Credit Card
O03352,C0435,2025-07-02,West,Online,UPI
O03353,C1112,2025-12-26,North,Online,Net Banking
O03354,C1998,2025-10-01,South,Online,Debit Card
O03355,C0045,2025-06-24,West,Online,UPI
O03356,C0350,2025-12-20,South,Online,UPI
O03357,C0293,2025-11-30,North,Online,UPI
O03358,C0672,2025-10-11,South,Online,Credit Card
O03359,C0260,2025-10-20,East,Store,Debit Card
O03360,C0345,2025-06-24,West,Online,Debit Card
O03361,C1706,2025-07-24,West,Online,UPI
O03362,C0930,2025-03-25,West,Store,Credit Card
O03363,C0717,2025-08-24,West,Store,Cash on Delivery
O03364,C0838,2025-06-04,South,Online,Cash on Delivery
O03365,C1942,2025-05-26,West,Online,Debit Card
O03366,C0983,2025-12-16,South,Online,UPI
O03367,C0938,2025-03-14,South,Online,UPI
O03368,C1856,2025-11-09,North,Online,Credit Card
O03369,C0075,2025-05-01,South,Store,Credit Card
O03370,C0957,2025-01-14,North,Online,Debit Card
O03371,C1497,2025-01-19,East,Online,UPI
O03372,C1030,2025-06-26,North,Online,Cash on Delivery
O03373,C1737,2025-07-05,South,Store,Debit Card
O03374,C1774,2025-05-16,West,Store,Cash on Delivery
O03375,C0673,2025-09-18,North,Online,Net Banking
O03376,C1636,2025-07-16,West,Store,Credit Card
O03377,C0488,2025-02-03,South,Store,Debit Card
O03378,C0480,2025-05-26,South,Store,Net Banking
O03379,C1955,2025-02-15,West,Online,UPI
O03380,C0026,2025-01-29,South,Online,UPI
O03381,C0707,2025-04-01,South,Store,UPI
O03382,C1259,2025-09-28,North,Online,Credit Card
O03383,C0828,2025-09-27,West,Online,Debit Card
O03384,C1690,2025-11-19,South,Store,UPI
O03385,C0504,2025-10-17,East,Store,Credit Card
O03386,C1106,2025-08-03,South,Online,Debit Card
O03387,C0251,2025-05-13,South,Online,Net Banking
O03388,C0423,2025-01-03,South,Online,UPI
O03389,C0348,2025-09-10,South,Online,Net Banking
O03390,C1483,2025-05-04,West,Online,Cash on Delivery
O03391,C0406,2025-04-18,South,Online,Credit Card
O03392,C1340,2025-12-24,East,Online,Credit Card
O03393,C0692,2025-03-18,East,Online,UPI
O03394,C1131,2025-01-15,South,Store,Debit Card
O03395,C1748,2025-12-16,North,Online,Net Banking
O03396,C1727,2025-05-10,West,Online,UPI
O03397,C0023,2025-06-12,North,Online,Net Banking
O03398,C1569,2025-02-06,South,Online,UPI
O03399,C1912,2025-06-16,West,Online,Net Banking
O03400,C1336,2025-12-23,South,Store,Credit Card
O03401,C0375,2025-09-26,South,Store,Credit Card
O03402,C1330,2025-07-12,East,Online,Cash on Delivery
O03403,C1273,2025-05-11,South,Online,Debit Card
O03404,C1325,2025-06-02,West,Online,UPI
O03405,C0858,2025-08-29,South,Online,Debit Card
O03406,C1051,2025-04-20,East,Online,UPI
O03407,C1304,2025-03-09,West,Online,Cash on Delivery
O03408,C0928,2025-09-27,South,Online,UPI
O03409,C1548,2025-11-22,West,Online,Credit Card
O03410,C1420,2025-12-01,South,Store,Credit Card
O03411,C0607,2025-11-13,South,Online,Credit Card
O03412,C1221,2025-08-01,North,Store,Credit Card
O03413,C1514,2025-10-27,East,Online,Credit Card
O03414,C0980,2025-12-09,North,Store,Debit Card
O03415,C1431,2025-01-11,South,Online,UPI
O03416,C0254,2025-06-19,South,Store,Net Banking
O03417,C0773,2025-03-30,North,Store,UPI
O03418,C1404,2025-12-31,South,Online,Net Banking
O03419,C1791,2025-12-10,North,Online,Debit Card
O03420,C1292,2025-10-31,West,Store,Net Banking
O03421,C1328,2025-05-06,East,Online,UPI
O03422,C0685,2025-12-17,West,Store,Net Banking
O03423,C1402,2025-01-14,East,Store,Debit Card
O03424,C0713,2025-03-24,West,Online,Cash on Delivery
O03425,C0105,2025-08-31,North,Store,UPI
O03426,C0494,2025-10-28,South,Online,Net Banking
O03427,C1223,2025-11-26,West,Online,Debit Card
O03428,C1924,2025-05-08,South,Store,Cash on Delivery
O03429,C0992,2025-06-12,South,Store,Credit Card
O03430,C1721,2025-07-05,West,Online,UPI
O03431,C1557,2025-01-13,South,Online,Net Banking
O03432,C1123,2025-11-20,East,Online,Credit Card
O03433,C1609,2025-05-23,North,Store,Debit Card
O03434,C0804,2025-03-28,North,Store,Credit Card
O03435,C0886,2025-06-18,West,Online,Cash on Delivery
O03436,C1474,2025-10-02,South,Online,Credit Card
O03437,C1278,2025-11-22,South,Online,UPI
O03438,C1056,2025-04-04,South,Online,Net Banking
O03439,C0867,2025-03-17,West,Store,UPI
O03440,C1952,2025-12-14,North,Online,UPI
O03441,C0132,2025-08-08,South,Online,Net Banking
O03442,C0111,2025-06-02,South,Store,Credit Card
O03443,C0959,2025-03-29,South,Online,UPI
O03444,C0069,2025-12-30,West,Store,Credit Card
O03445,C0682,2025-10-04,South,Online,UPI
O03446,C1138,2025-04-05,West,Online,Cash on Delivery
O03447,C0811,2025-02-11,South,Store,Net Banking
O03448,C0407,2025-03-28,South,Store,Net Banking
O03449,C0570,2025-04-17,North,Store,Net Banking
O03450,C1209,2025-02-19,East,Online,Net Banking
O03451,C1903,2025-04-10,South,Online,Credit Card
O03452,C1563,2025-02-22,South,Store,Debit Card
O03453,C1095,2025-06-07,South,Online,Cash on Delivery
O03454,C0277,2025-07-16,North,Online,Debit Card
O03455,C0486,2025-07-05,West,Online,Cash on Delivery
O03456,C0882,2025-11-09,West,Online,Net Banking
O03457,C0494,2025-04-20,West,Online,UPI
O03458,C1378,2025-11-27,East,Store,Credit Card
O03459,C0733,2025-12-04,South,Online,UPI
O03460,C1668,2025-12-19,South,Online,Net Banking
O03461,C0539,2025-03-21,West,Store,Cash on Delivery
O03462,C0993,2025-04-16,West,Store,Credit Card
O03463,C1429,2025-09-03,South,Store,UPI
O03464,C0413,2025-03-04,East,Store,Credit Card
O03465,C1523,2025-02-08,North,Store,UPI
O03466,C1172,2025-02-03,East,Online,Credit Card
O03467,C1296,2025-08-27,East,Store,Cash on Delivery
O03468,C0910,2025-11-01,West,Online,Credit Card
O03469,C1871,2025-04-22,East,Online,Debit Card
O03470,C1544,2025-12-11,North,Online,Net Banking
O03471,C0385,2025-10-28,West,Online,Net Banking
O03472,C1112,2025-02-05,North,Store,UPI
O03473,C1807,2025-06-18,East,Store,UPI
O03474,C0559,2025-01-31,North,Online,UPI
O03475,C1073,2025-12-06,North,Store,UPI
O03476,C1509,2025-10-12,South,Store,UPI
O03477,C0547,2025-09-24,North,Online,Credit Card
O03478,C1036,2025-09-22,West,Store,Debit Card
O03479,C1106,2025-05-02,North,Online,UPI
O03480,C0356,2025-12-11,North,Online,Debit Card
O03481,C0356,2025-12-08,West,Online,Credit Card
O03482,C1127,2025-10-11,South,Store,UPI
O03483,C0358,2025-07-10,North,Online,UPI
O03484,C1897,2025-01-22,South,Online,UPI
O03485,C1048,2025-01-14,South,Online,Credit Card
O03486,C1412,2025-03-03,South,Store,Debit Card
O03487,C0794,2025-08-24,West,Store,UPI
O03488,C0598,2025-10-30,South,Online,UPI
O03489,C0974,2025-12-16,South,Store,UPI
O03490,C1422,2025-03-19,East,Online,UPI
O03491,C0796,2025-04-28,West,Online,Debit Card
O03492,C0566,2025-01-25,East,Online,Debit Card
O03493,C0288,2025-12-28,West,Online,Debit Card
O03494,C1086,2025-10-24,South,Store,Debit Card
O03495,C1360,2025-07-14,North,Online,UPI
O03496,C1054,2025-08-17,West,Online,UPI
O03497,C0510,2025-08-12,East,Store,Debit Card
O03498,C0495,2025-04-20,South,Store,Debit Card
O03499,C0755,2025-03-23,North,Online,Net Banking
O03500,C0696,2025-05-07,West,Store,Debit Card
O03501,C0408,2025-04-17,North,Store,Debit Card
O03502,C1885,2025-08-11,South,Online,Net Banking
O03503,C0660,2025-05-11,North,Online,Debit Card
O03504,C0502,2025-10-08,South,Online,Cash on Delivery
O03505,C1214,2025-08-14,North,Store,UPI
O03506,C1603,2025-08-02,South,Online,UPI
O03507,C0930,2025-12-17,West,Store,Credit Card
O03508,C1335,2025-05-17,North,Online,Credit Card
O03509,C0191,2025-09-06,West,Online,Credit Card
O03510,C1066,2025-01-01,North,Store,Debit Card
O03511,C0134,2025-10-10,North,Online,Credit Card
O03512,C0276,2025-07-22,South,Store,Credit Card
O03513,C1184,2025-04-01,North,Online,UPI
O03514,C0410,2025-01-01,West,Online,Credit Card
O03515,C0074,2025-09-30,West,Store,Debit Card
O03516,C0358,2025-09-16,South,Online,UPI
O03517,C1546,2025-09-17,West,Online,UPI
O03518,C1174,2025-06-29,North,Online,Credit Card
O03519,C0764,2025-09-08,East,Online,Cash on Delivery
O03520,C1947,2025-08-15,East,Store,UPI
O03521,C0772,2025-04-14,North,Online,UPI
O03522,C1755,2025-07-28,South,Online,UPI
O03523,C0690,2025-07-27,West,Online,Credit Card
O03524,C0051,2025-11-07,South,Store,Debit Card
O03525,C0221,2025-06-27,North,Online,UPI
O03526,C0548,2025-06-28,South,Online,Credit Card
O03527,C0374,2025-12-27,East,Online,Cash on Delivery
O03528,C0315,2025-11-29,South,Store,Credit Card
O03529,C0767,2025-04-15,South,Online,Credit Card
O03530,C1952,2025-12-04,North,Online,Cash on Delivery
O03531,C0402,2025-03-03,South,Store,Credit Card
O03532,C0472,2025-11-16,South,Store,UPI
O03533,C1991,2025-03-22,West,Store,UPI
O03534,C0403,2025-06-24,East,Online,Net Banking
O03535,C1661,2025-12-27,South,Online,Net Banking
O03536,C1242,2025-02-13,West,Online,UPI
O03537,C1856,2025-11-12,South,Online,Debit Card
O03538,C1113,2025-07-20,West,Online,UPI
O03539,C1187,2025-02-19,South,Online,UPI
O03540,C0452,2025-12-17,West,Online,Cash on Delivery
O03541,C1150,2025-08-08,West,Online,Credit Card
O03542,C1341,2025-11-25,East,Store,UPI
O03543,C1974,2025-11-21,North,Online,Credit Card
O03544,C0195,2025-01-07,North,Store,Net Banking
O03545,C0314,2025-04-24,West,Online,Net Banking
O03546,C0039,2025-05-22,South,Online,Debit Card
O03547,C1581,2025-08-03,South,Store,Net Banking
O03548,C0165,2025-02-02,West,Online,Net Banking
O03549,C1831,2025-06-11,South,Store,Cash on Delivery
O03550,C0730,2025-11-04,South,Store,Debit Card
O03551,C0577,2025-03-18,West,Store,Debit Card
O03552,C1951,2025-09-28,South,Online,Cash on Delivery
O03553,C1441,2025-07-07,South,Online,Credit Card
O03554,C1095,2025-02-02,West,Online,Credit Card
O03555,C1778,2025-03-19,North,Store,Net Banking
O03556,C1510,2025-03-04,South,Online,Cash on Delivery
O03557,C1275,2025-09-01,North,Online,Credit Card
O03558,C0643,2025-02-09,South,Store,Credit Card
O03559,C1973,2025-11-07,East,Online,Net Banking
O03560,C1439,2025-11-02,West,Online,Credit Card
O03561,C1892,2025-02-06,West,Store,Credit Card
O03562,C1933,2025-11-27,North,Online,UPI
O03563,C1099,2025-12-19,West,Online,UPI
O03564,C0716,2025-01-20,West,Online,Credit Card
O03565,C1895,2025-12-16,West,Online,Credit Card
O03566,C1999,2025-04-30,East,Online,Net Banking
O03567,C0244,2025-09-16,East,Store,UPI
O03568,C1277,2025-03-18,West,Online,UPI
O03569,C1205,2025-11-05,North,Online,Credit Card
O03570,C1498,2025-11-13,South,Store,UPI
O03571,C1951,2025-12-25,West,Store,Cash on Delivery
O03572,C0505,2025-12-29,West,Online,UPI
O03573,C1952,2025-02-04,South,Store,Net Banking
O03574,C1287,2025-09-14,East,Online,Credit Card
O03575,C0166,2025-04-27,North,Online,Cash on Delivery
O03576,C1023,2025-02-26,East,Store,Credit Card
O03577,C0267,2025-03-07,North,Online,Cash on Delivery
O03578,C1913,2025-12-12,West,Online,Credit Card
O03579,C1527,2025-09-23,North,Store,Debit Card
O03580,C1810,2025-01-24,South,Online,UPI
O03581,C1206,2025-12-27,East,Online,Credit Card
O03582,C0794,2025-11-02,South,Store,UPI
O03583,C0857,2025-05-11,North,Online,Net Banking
O03584,C1894,2025-07-11,North,Online,Credit Card
O03585,C0304,2025-10-07,South,Online,Debit Card
O03586,C1770,2025-09-20,South,Online,UPI
O03587,C0845,2025-07-08,West,Online,UPI
O03588,C1181,2025-07-26,South,Store,Debit Card
O03589,C1334,2025-01-20,East,Online,Credit Card
O03590,C0165,2025-07-22,South,Store,Credit Card
O03591,C0298,2025-05-23,West,Online,Cash on Delivery
O03592,C0322,2025-05-02,South,Online,UPI
O03593,C1558,2025-04-26,South,Store,Debit Card
O03594,C0154,2025-09-11,South,Online,UPI
O03595,C1222,2025-06-26,East,Online,Debit Card
O03596,C0216,2025-06-25,North,Store,Credit Card
O03597,C1536,2025-03-12,East,Online,Debit Card
O03598,C1954,2025-12-20,West,Online,Debit Card
O03599,C0829,2025-04-08,South,Online,UPI
O03600,C0425,2025-06-17,South,Store,UPI
O03601,C0890,2025-03-25,West,Online,UPI
O03602,C1382,2025-09-29,South,Online,Debit Card
O03603,C1455,2025-06-28,South,Store,UPI
O03604,C1274,2025-06-20,West,Store,Credit Card
O03605,C1164,2025-11-23,South,Online,Credit Card
O03606,C1263,2025-10-18,West,Online,Credit Card
O03607,C0435,2025-07-28,West,Store,Credit Card
O03608,C0414,2025-07-10,North,Store,Cash on Delivery
O03609,C1862,2025-12-19,West,Online,Cash on Delivery
O03610,C1159,2025-12-18,North,Online,Credit Card
O03611,C1723,2025-09-30,West,Store,Cash on Delivery
O03612,C1252,2025-10-18,South,Store,Net Banking
O03613,C0911,2025-12-01,South,Store,UPI
O03614,C1141,2025-12-21,South,Store,Credit Card
O03615,C1384,2025-02-07,West,Online,Credit Card
O03616,C0373,2025-12-31,North,Store,Net Banking
O03617,C0925,2025-09-29,North,Store,Net Banking
O03618,C1447,2025-08-23,South,Online,Debit Card
O03619,C0175,2025-06-20,South,Online,Debit Card
O03620,C0147,2025-05-22,South,Online,Debit Card
O03621,C0321,2025-11-01,East,Online,Credit Card
O03622,C1183,2025-09-13,South,Store,Credit Card
O03623,C0477,2025-03-29,West,Online,Credit Card
O03624,C0873,2025-08-29,South,Store,Net Banking
O03625,C0268,2025-03-04,North,Online,Debit Card
O03626,C0501,2025-07-20,West,Online,UPI
O03627,C0036,2025-08-20,South,Online,UPI
O03628,C1615,2025-09-07,West,Online,Credit Card
O03629,C0934,2025-03-06,North,Store,Debit Card
O03630,C0352,2025-02-13,West,Online,Credit Card
O03631,C1053,2025-04-22,East,Store,Credit Card
O03632,C1866,2025-08-28,East,Store,Net Banking
O03633,C1650,2025-12-11,West,Online,Net Banking
O03634,C1770,2025-10-24,East,Online,Credit Card
O03635,C0813,2025-10-13,North,Store,Debit Card
O03636,C0722,2025-05-20,West,Online,Credit Card
O03637,C0633,2025-02-20,North,Online,Debit Card
O03638,C0611,2025-11-29,West,Store,UPI
O03639,C1840,2025-07-22,West,Online,Credit Card
O03640,C0275,2025-02-15,West,Online,Debit Card
O03641,C1703,2025-08-03,North,Online,Credit Card
O03642,C1833,2025-09-20,East,Store,Debit Card
O03643,C1689,2025-05-16,South,Store,UPI
O03644,C1256,2025-01-05,North,Online,UPI
O03645,C1712,2025-09-02,North,Online,Cash on Delivery
O03646,C0064,2025-01-19,East,Online,Credit Card
O03647,C1635,2025-06-27,West,Online,UPI
O03648,C1022,2025-11-07,South,Store,Credit Card
O03649,C1917,2025-12-31,South,Store,UPI
O03650,C0172,2025-06-04,South,Store,Debit Card
O03651,C1861,2025-01-10,South,Store,UPI
O03652,C1148,2025-07-19,South,Online,Cash on Delivery
O03653,C0208,2025-04-29,South,Online,UPI
O03654,C1018,2025-11-29,East,Store,Credit Card
O03655,C0075,2025-10-02,West,Online,Credit Card
O03656,C0166,2025-06-17,West,Online,UPI
O03657,C1064,2025-10-18,North,Online,UPI
O03658,C1632,2025-05-24,South,Online,UPI
O03659,C0217,2025-07-29,North,Store,UPI
O03660,C0525,2025-12-08,North,Online,Debit Card
O03661,C0783,2025-03-29,West,Store,Net Banking
O03662,C1083,2025-05-13,West,Store,Credit Card
O03663,C0002,2025-11-27,South,Store,Credit Card
O03664,C1279,2025-07-08,West,Store,Debit Card
O03665,C0996,2025-05-15,West,Store,UPI
O03666,C1925,2025-01-18,South,Online,Credit Card
O03667,C0603,2025-06-22,West,Store,Cash on Delivery
O03668,C0988,2025-07-22,West,Store,UPI
O03669,C0164,2025-06-17,South,Store,UPI
O03670,C1835,2025-04-29,South,Online,UPI
O03671,C1668,2025-06-03,West,Online,Credit Card
O03672,C0710,2025-09-09,South,Store,Net Banking
O03673,C0921,2025-11-28,North,Store,Credit Card
O03674,C1715,2025-09-11,East,Online,Credit Card
O03675,C0591,2025-09-10,North,Online,Credit Card
O03676,C0472,2025-11-05,South,Online,Net Banking
O03677,C0484,2025-03-14,West,Store,Credit Card
O03678,C1415,2025-05-08,North,Store,Credit Card
O03679,C0423,2025-01-24,North,Online,UPI
O03680,C0178,2025-05-27,East,Store,UPI
O03681,C0331,2025-12-31,West,Online,Cash on Delivery
O03682,C1973,2025-05-19,South,Online,Credit Card
O03683,C1746,2025-11-18,West,Online,UPI
O03684,C1908,2025-02-08,East,Online,Cash on Delivery
O03685,C0555,2025-07-07,North,Store,Cash on Delivery
O03686,C0885,2025-05-28,East,Store,UPI
O03687,C0982,2025-03-29,North,Online,UPI
O03688,C1048,2025-06-05,East,Online,Cash on Delivery
O03689,C0054,2025-09-12,West,Store,UPI
O03690,C1196,2025-07-18,East,Online,Credit Card
O03691,C0078,2025-11-14,East,Online,Credit Card
O03692,C0551,2025-12-03,North,Store,Net Banking
O03693,C0585,2025-07-15,East,Store,Credit Card
O03694,C1349,2025-12-26,West,Online,Credit Card
O03695,C1793,2025-02-02,North,Online,Debit Card
O03696,C1398,2025-04-29,West,Online,Net Banking
O03697,C0871,2025-06-21,North,Online,UPI
O03698,C1051,2025-08-19,North,Online,UPI
O03699,C1025,2025-08-07,North,Online,Debit Card
O03700,C0296,2025-08-14,West,Online,UPI
O03701,C1915,2025-11-30,North,Online,Debit Card
O03702,C1839,2025-04-29,East,Store,UPI
O03703,C0481,2025-11-05,North,Online,Net Banking
O03704,C0231,2025-08-11,West,Online,Credit Card
O03705,C0331,2025-07-18,East,Online,Credit Card
O03706,C1259,2025-05-08,North,Online,UPI
O03707,C0059,2025-05-09,West,Store,UPI
O03708,C0207,2025-06-11,West,Online,Debit Card
O03709,C1297,2025-10-19,North,Store,Credit Card
O03710,C0293,2025-07-13,North,Store,Net Banking
O03711,C0138,2025-03-10,South,Online,Debit Card
O03712,C0042,2025-10-18,South,Store,Credit Card
O03713,C1412,2025-09-16,East,Online,Net Banking
O03714,C0727,2025-12-16,East,Online,UPI
O03715,C0569,2025-08-01,West,Online,Debit Card
O03716,C1280,2025-09-13,East,Online,Credit Card
O03717,C0342,2025-07-14,West,Store,UPI
O03718,C1044,2025-09-22,South,Store,Debit Card
O03719,C0968,2025-06-28,North,Store,Cash on Delivery
O03720,C1350,2025-03-03,South,Store,Credit Card
O03721,C1248,2025-12-27,South,Online,Debit Card
O03722,C1351,2025-10-05,East,Store,Credit Card
O03723,C0427,2025-08-28,West,Online,Credit Card
O03724,C0281,2025-07-15,South,Store,UPI
O03725,C1068,2025-10-02,West,Online,UPI
O03726,C0115,2025-02-26,West,Online,UPI
O03727,C0909,2025-05-18,North,Online,Net Banking
O03728,C1251,2025-02-25,South,Online,Credit Card
O03729,C1642,2025-02-26,West,Store,Credit Card
O03730,C1307,2025-01-10,West,Online,UPI
O03731,C1990,2025-10-16,North,Online,UPI
O03732,C1114,2025-04-09,East,Store,Credit Card
O03733,C0893,2025-11-10,West,Store,Credit Card
O03734,C0492,2025-12-02,East,Online,Credit Card
O03735,C1347,2025-03-16,East,Store,Debit Card
O03736,C1622,2025-10-01,South,Online,Debit Card
O03737,C0642,2025-07-07,South,Online,UPI
O03738,C0152,2025-12-07,West,Online,UPI
O03739,C0021,2025-07-16,East,Online,UPI
O03740,C1265,2025-06-07,South,Online,Credit Card
O03741,C1327,2025-05-06,South,Store,UPI
O03742,C0241,2025-12-02,North,Online,Credit Card
O03743,C0046,2025-04-08,North,Store,UPI
O03744,C1309,2025-11-08,South,Store,Credit Card
O03745,C0796,2025-03-26,West,Online,Credit Card
O03746,C0836,2025-09-09,South,Online,Cash on Delivery
O03747,C0525,2025-07-04,East,Online,Net Banking
O03748,C1437,2025-02-16,North,Store,Cash on Delivery
O03749,C1490,2025-02-26,West,Online,Debit Card
O03750,C0105,2025-05-01,East,Store,Cash on Delivery
O03751,C0179,2025-10-20,West,Online,UPI
O03752,C1111,2025-10-08,East,Store,Credit Card
O03753,C1207,2025-03-31,South,Online,Debit Card
O03754,C0290,2025-07-13,South,Online,Credit Card
O03755,C0317,2025-02-13,West,Online,UPI
O03756,C1365,2025-10-03,South,Store,Debit Card
O03757,C0910,2025-10-28,North,Online,Cash on Delivery
O03758,C0240,2025-11-29,West,Store,Credit Card
O03759,C1220,2025-11-27,South,Online,UPI
O03760,C0148,2025-05-22,North,Store,UPI
O03761,C0462,2025-04-20,West,Store,UPI
O03762,C1427,2025-11-30,West,Online,Net Banking
O03763,C0445,2025-03-06,South,Online,Credit Card
O03764,C0128,2025-01-28,East,Online,UPI
O03765,C1920,2025-05-13,North,Online,Net Banking
O03766,C0450,2025-10-18,East,Online,Credit Card
O03767,C1030,2025-09-26,North,Online,Net Banking
O03768,C1650,2025-12-28,West,Online,Net Banking
O03769,C1980,2025-05-31,South,Online,Debit Card
O03770,C1620,2025-04-28,North,Store,Cash on Delivery
O03771,C0680,2025-06-07,South,Online,Net Banking
O03772,C1709,2025-10-25,East,Online,UPI
O03773,C0026,2025-04-04,South,Online,Credit Card
O03774,C0653,2025-12-16,West,Store,Cash on Delivery
O03775,C0399,2025-07-26,West,Store,Debit Card
O03776,C1057,2025-10-25,West,Online,Credit Card
O03777,C1784,2025-11-08,North,Store,Net Banking
O03778,C1547,2025-07-14,North,Online,Debit Card
O03779,C1997,2025-10-12,North,Online,Credit Card
O03780,C0274,2025-06-02,East,Online,UPI
O03781,C1505,2025-11-03,West,Store,Net Banking
O03782,C1449,2025-11-07,West,Online,Net Banking
O03783,C0913,2025-08-14,East,Online,Cash on Delivery
O03784,C0195,2025-04-05,South,Online,Net Banking
O03785,C0209,2025-12-23,South,Store,UPI
O03786,C1827,2025-12-15,South,Store,Credit Card
O03787,C0591,2025-09-01,North,Online,Credit Card
O03788,C1275,2025-12-27,North,Store,UPI
O03789,C1892,2025-07-22,South,Store,Net Banking
O03790,C0987,2025-06-06,South,Store,UPI
O03791,C0420,2025-07-07,South,Online,Credit Card
O03792,C0970,2025-01-22,West,Online,Net Banking
O03793,C0459,2025-08-08,South,Online,Net Banking
O03794,C0363,2025-09-17,North,Store,UPI
O03795,C1622,2025-02-19,East,Online,UPI
O03796,C0692,2025-04-20,North,Online,Credit Card
O03797,C1370,2025-10-05,East,Store,Debit Card
O03798,C1455,2025-10-29,East,Store,Net Banking
O03799,C1099,2025-12-27,North,Online,Credit Card
O03800,C1082,2025-04-19,West,Online,UPI
O03801,C0362,2025-11-13,North,Online,Debit Card
O03802,C1059,2025-03-17,West,Online,Credit Card
O03803,C1504,2025-02-28,West,Online,Net Banking
O03804,C0391,2025-10-08,South,Online,UPI
O03805,C0465,2025-07-02,North,Online,Credit Card
O03806,C1381,2025-10-29,East,Store,Credit Card
O03807,C1964,2025-05-01,North,Online,Credit Card
O03808,C0785,2025-04-03,West,Online,Credit Card
O03809,C1657,2025-08-08,West,Online,Credit Card
O03810,C0366,2025-02-21,North,Store,Debit Card
O03811,C1140,2025-04-29,North,Online,UPI
O03812,C1888,2025-03-15,West,Online,UPI
O03813,C0884,2025-05-16,West,Online,UPI
O03814,C1014,2025-10-19,West,Online,UPI
O03815,C0311,2025-02-23,East,Online,Credit Card
O03816,C1057,2025-08-29,South,Store,UPI
O03817,C1172,2025-08-20,East,Online,UPI
O03818,C1963,2025-08-04,South,Online,Cash on Delivery
O03819,C0402,2025-07-16,East,Online,Credit Card
O03820,C0733,2025-09-16,West,Store,Net Banking
O03821,C1295,2025-11-16,North,Store,Debit Card
O03822,C1887,2025-03-13,North,Online,UPI
O03823,C0476,2025-11-04,North,Store,Credit Card
O03824,C1390,2025-01-28,North,Online,Credit Card
O03825,C1759,2025-07-15,South,Store,UPI
O03826,C1267,2025-07-25,South,Online,UPI
O03827,C0854,2025-03-28,South,Store,UPI
O03828,C0469,2025-02-10,North,Online,UPI
O03829,C0577,2025-02-03,North,Online,UPI
O03830,C0104,2025-01-18,South,Online,UPI
O03831,C0305,2025-08-16,North,Online,Credit Card
O03832,C0876,2025-03-10,South,Online,UPI
O03833,C0281,2025-11-02,South,Store,Net Banking
O03834,C0021,2025-12-01,West,Online,UPI
O03835,C1386,2025-05-05,North,Store,Debit Card
O03836,C0143,2025-03-14,South,Online,Net Banking
O03837,C0283,2025-06-19,East,Store,Credit Card
O03838,C1191,2025-11-25,North,Online,UPI
O03839,C1844,2025-06-15,West,Online,UPI
O03840,C1449,2025-02-18,South,Online,Credit Card
O03841,C0066,2025-12-27,North,Online,UPI
O03842,C0336,2025-07-21,East,Store,Credit Card
O03843,C1481,2025-05-24,West,Store,Debit Card
O03844,C1466,2025-11-29,South,Online,Credit Card
O03845,C0783,2025-12-09,West,Online,Cash on Delivery
O03846,C1900,2025-07-20,West,Online,Cash on Delivery
O03847,C1777,2025-05-10,South,Store,UPI
O03848,C1487,2025-07-15,North,Online,Debit Card
O03849,C1497,2025-04-06,South,Store,UPI
O03850,C1570,2025-07-14,North,Online,Debit Card
O03851,C0297,2025-04-10,West,Online,Debit Card
O03852,C1402,2025-09-02,North,Store,Credit Card
O03853,C1880,2025-10-18,East,Online,Credit Card
O03854,C0450,2025-12-22,West,Store,Credit Card
O03855,C0030,2025-11-13,South,Online,UPI
O03856,C0722,2025-02-08,West,Online,Credit Card
O03857,C0540,2025-04-03,West,Online,Net Banking
O03858,C1899,2025-08-02,North,Store,Credit Card
O03859,C0892,2025-04-21,East,Online,UPI
O03860,C1323,2025-01-07,North,Store,Credit Card
O03861,C1964,2025-10-16,East,Online,Debit Card
O03862,C1579,2025-05-30,South,Online,Credit Card
O03863,C1499,2025-01-31,South,Store,UPI
O03864,C1938,2025-07-25,South,Online,Debit Card
O03865,C1378,2025-12-25,North,Online,UPI
O03866,C0463,2025-09-21,South,Online,Credit Card
O03867,C1454,2025-03-12,South,Online,Credit Card
O03868,C0644,2025-07-26,East,Online,Net Banking
O03869,C0662,2025-12-02,South,Online,Net Banking
O03870,C1290,2025-01-25,South,Store,Net Banking
O03871,C0631,2025-09-07,West,Store,Net Banking
O03872,C0049,2025-10-05,South,Online,UPI
O03873,C2000,2025-09-29,South,Store,Debit Card
O03874,C1143,2025-03-08,South,Online,Debit Card
O03875,C1341,2025-12-03,South,Online,Net Banking
O03876,C1618,2025-05-16,North,Online,Net Banking
O03877,C1270,2025-01-24,West,Online,UPI
O03878,C1221,2025-02-07,North,Online,UPI
O03879,C1584,2025-07-06,North,Online,Net Banking
O03880,C0591,2025-01-19,North,Online,UPI
O03881,C1657,2025-10-24,East,Online,UPI
O03882,C1449,2025-11-20,West,Online,Cash on Delivery
O03883,C0365,2025-01-07,South,Online,Cash on Delivery
O03884,C0293,2025-11-03,South,Online,Credit Card
O03885,C1760,2025-12-26,South,Online,UPI
O03886,C1790,2025-01-14,North,Online,Credit Card
O03887,C1988,2025-10-06,West,Online,UPI
O03888,C0202,2025-12-31,South,Online,UPI
O03889,C1792,2025-10-30,South,Online,UPI
O03890,C1727,2025-07-23,East,Online,Net Banking
O03891,C1536,2025-11-26,West,Store,Credit Card
O03892,C0996,2025-10-01,South,Online,UPI
O03893,C1018,2025-05-05,East,Online,Debit Card
O03894,C0858,2025-04-08,North,Online,UPI
O03895,C0059,2025-07-26,West,Store,Net Banking
O03896,C1002,2025-06-05,West,Store,UPI
O03897,C0475,2025-05-19,North,Online,UPI
O03898,C0401,2025-03-20,South,Store,Credit Card
O03899,C0112,2025-11-14,East,Online,UPI
O03900,C0916,2025-09-30,North,Store,UPI
O03901,C0096,2025-05-20,North,Online,Cash on Delivery
O03902,C1700,2025-04-13,North,Online,Net Banking
O03903,C1780,2025-02-27,East,Online,Cash on Delivery
O03904,C1602,2025-02-20,South,Online,Debit Card
O03905,C0602,2025-09-03,South,Store,UPI
O03906,C0327,2025-02-18,North,Online,Cash on Delivery
O03907,C1010,2025-12-19,South,Online,Debit Card
O03908,C1347,2025-04-30,North,Online,Credit Card
O03909,C0042,2025-01-12,West,Store,Debit Card
O03910,C1714,2025-11-17,South,Store,Credit Card
O03911,C0878,2025-06-03,South,Online,Debit Card
O03912,C1640,2025-05-24,North,Online,Net Banking
O03913,C0156,2025-02-23,South,Online,Cash on Delivery
O03914,C0852,2025-09-15,South,Online,Net Banking
O03915,C0917,2025-05-30,West,Store,Net Banking
O03916,C0097,2025-11-07,South,Store,Credit Card
O03917,C1415,2025-09-05,North,Store,Credit Card
O03918,C1863,2025-11-25,East,Online,Debit Card
O03919,C1082,2025-09-02,North,Store,Credit Card
O03920,C0792,2025-10-24,West,Store,UPI
O03921,C1273,2025-09-27,West,Store,Credit Card
O03922,C0722,2025-07-08,East,Online,Credit Card
O03923,C0720,2025-09-24,East,Online,Credit Card
O03924,C1520,2025-09-16,North,Store,Debit Card
O03925,C1182,2025-01-04,South,Online,Net Banking
O03926,C0528,2025-09-28,South,Online,UPI
O03927,C0815,2025-04-23,South,Online,Net Banking
O03928,C1670,2025-08-05,South,Online,UPI
O03929,C1058,2025-02-19,South,Store,Credit Card
O03930,C0153,2025-01-11,East,Store,Net Banking
O03931,C1715,2025-01-07,South,Store,Cash on Delivery
O03932,C1482,2025-03-11,South,Online,UPI
O03933,C0534,2025-01-10,East,Store,Net Banking
O03934,C1932,2025-02-28,East,Online,Net Banking
O03935,C1904,2025-08-11,South,Online,UPI
O03936,C1992,2025-06-15,South,Online,Credit Card
O03937,C0756,2025-12-26,North,Store,Net Banking
O03938,C1848,2025-11-02,East,Store,UPI
O03939,C1613,2025-03-07,North,Store,Debit Card
O03940,C1742,2025-06-21,West,Store,Credit Card
O03941,C1095,2025-06-26,North,Online,Credit Card
O03942,C0558,2025-06-01,North,Store,Credit Card
O03943,C0454,2025-07-20,South,Online,UPI
O03944,C1934,2025-09-18,West,Store,Credit Card
O03945,C1005,2025-09-08,East,Store,Net Banking
O03946,C1856,2025-05-30,North,Online,Debit Card
O03947,C1110,2025-09-30,South,Online,Credit Card
O03948,C1069,2025-05-04,North,Online,Debit Card
O03949,C0147,2025-11-11,North,Store,UPI
O03950,C0805,2025-12-21,South,Online,UPI
O03951,C1113,2025-05-06,South,Online,Credit Card
O03952,C0219,2025-10-26,South,Store,UPI
O03953,C0325,2025-11-04,East,Online,UPI
O03954,C1182,2025-07-18,South,Online,Debit Card
O03955,C0497,2025-02-09,North,Store,Cash on Delivery
O03956,C1402,2025-10-26,West,Online,UPI
O03957,C0921,2025-06-18,East,Online,Credit Card
O03958,C0808,2025-04-01,East,Store,Debit Card
O03959,C0235,2025-09-03,East,Online,Net Banking
O03960,C0813,2025-06-29,East,Online,UPI
O03961,C1085,2025-02-09,West,Online,Net Banking
O03962,C1147,2025-12-27,South,Store,Cash on Delivery
O03963,C0541,2025-04-16,South,Online,UPI
O03964,C0056,2025-07-25,North,Store,UPI
O03965,C1870,2025-09-17,South,Online,Debit Card
O03966,C1916,2025-02-21,West,Online,UPI
O03967,C1809,2025-10-11,South,Online,UPI
O03968,C0580,2025-09-11,North,Online,Net Banking
O03969,C1206,2025-07-19,South,Store,Debit Card
O03970,C0282,2025-07-31,South,Online,Debit Card
O03971,C1812,2025-12-18,West,Store,Debit Card
O03972,C0011,2025-12-04,West,Store,Credit Card
O03973,C0942,2025-02-20,East,Online,Debit Card
O03974,C1714,2025-06-03,North,Store,Net Banking
O03975,C1452,2025-07-27,North,Online,Net Banking
O03976,C1727,2025-12-07,South,Store,Credit Card
O03977,C0993,2025-11-05,South,Online,Net Banking
O03978,C0191,2025-06-10,North,Online,Debit Card
O03979,C0016,2025-11-27,South,Store,Credit Card
O03980,C0305,2025-06-07,North,Online,Credit Card
O03981,C0116,2025-04-27,East,Store,Credit Card
O03982,C0896,2025-08-29,South,Store,Credit Card
O03983,C0102,2025-05-29,North,Store,UPI
O03984,C0372,2025-09-02,West,Online,UPI
O03985,C0839,2025-06-19,South,Store,UPI
O03986,C1472,2025-10-29,West,Store,UPI
O03987,C1349,2025-12-18,North,Online,Credit Card
O03988,C0117,2025-04-26,East,Online,Debit Card
O03989,C1807,2025-07-25,South,Store,Debit Card
O03990,C1100,2025-10-06,North,Online,Debit Card
O03991,C0698,2025-03-12,South,Online,Credit Card
O03992,C0766,2025-10-29,South,Store,Net Banking
O03993,C1697,2025-08-20,North,Online,Debit Card
O03994,C0930,2025-03-08,North,Store,Debit Card
O03995,C0492,2025-11-21,North,Online,Debit Card
O03996,C0850,2025-06-25,East,Online,UPI
O03997,C0137,2025-03-19,South,Online,Credit Card
O03998,C0307,2025-03-27,West,Online,Net Banking
O03999,C0630,2025-10-26,South,Store,UPI
O04000,C0441,2025-12-12,North,Store,UPI
O04001,C0699,2025-06-07,South,Store,Credit Card
O04002,C0130,2025-02-05,South,Online,Credit Card
O04003,C1221,2025-02-15,North,Store,Cash on Delivery
O04004,C0231,2025-09-13,West,Store,Debit Card
O04005,C0434,2025-06-04,North,Online,UPI
O04006,C1956,2025-06-25,East,Online,Credit Card
O04007,C0012,2025-05-22,West,Online,Debit Card
O04008,C0560,2025-07-09,West,Online,Debit Card
O04009,C1001,2025-09-09,East,Store,Credit Card
O04010,C0615,2025-08-05,North,Store,UPI
O04011,C0642,2025-03-14,South,Online,Cash on Delivery
O04012,C0255,2025-07-18,North,Online,Credit Card
O04013,C0847,2025-07-07,West,Online,UPI
O04014,C1511,2025-08-07,North,Store,UPI
O04015,C1176,2025-02-19,West,Online,Net Banking
O04016,C1849,2025-03-09,South,Online,Debit Card
O04017,C1400,2025-08-01,North,Online,UPI
O04018,C1580,2025-04-28,South,Store,Credit Card
O04019,C0864,2025-09-04,East,Online,Cash on Delivery
O04020,C1226,2025-06-05,North,Online,Credit Card
O04021,C1157,2025-04-06,East,Online,Credit Card
O04022,C1627,2025-09-14,South,Store,UPI
O04023,C1003,2025-06-13,West,Store,UPI
O04024,C0809,2025-03-11,South,Store,Cash on Delivery
O04025,C0141,2025-11-02,West,Store,UPI
O04026,C1719,2025-06-27,West,Online,UPI
O04027,C0872,2025-12-06,West,Store,UPI
O04028,C1598,2025-03-26,West,Store,UPI
O04029,C1357,2025-11-24,East,Online,Credit Card
O04030,C0004,2025-11-05,South,Store,Cash on Delivery
O04031,C1303,2025-02-16,West,Online,UPI
O04032,C0976,2025-08-02,North,Store,UPI
O04033,C0480,2025-09-13,South,Online,Credit Card
O04034,C0530,2025-07-20,North,Online,Cash on Delivery
O04035,C1276,2025-06-11,North,Store,Cash on Delivery
O04036,C0173,2025-12-14,North,Online,Cash on Delivery
O04037,C1213,2025-09-28,North,Online,UPI
O04038,C1693,2025-12-21,North,Online,Debit Card
O04039,C0174,2025-11-14,East,Store,Debit Card
O04040,C0016,2025-11-05,South,Store,UPI
O04041,C0122,2025-10-06,West,Store,Debit Card
O04042,C1461,2025-09-10,North,Online,Debit Card
O04043,C1696,2025-11-27,South,Store,Debit Card
O04044,C1977,2025-08-30,West,Store,UPI
O04045,C0058,2025-02-04,North,Online,Credit Card
O04046,C0965,2025-08-19,South,Online,Credit Card
O04047,C0097,2025-02-16,West,Online,UPI
O04048,C0743,2025-12-16,North,Online,UPI
O04049,C0616,2025-09-10,South,Store,Debit Card
O04050,C1212,2025-08-10,South,Online,UPI
O04051,C1818,2025-03-28,North,Online,UPI
O04052,C1610,2025-07-27,North,Online,UPI
O04053,C0128,2025-05-24,West,Online,UPI
O04054,C0481,2025-09-20,West,Online,UPI
O04055,C0550,2025-08-27,South,Online,Debit Card
O04056,C0502,2025-07-21,North,Online,Net Banking
O04057,C0707,2025-04-19,South,Online,UPI
O04058,C1215,2025-07-31,East,Online,Credit Card
O04059,C1480,2025-07-08,North,Online,UPI
O04060,C1880,2025-11-16,South,Online,UPI
O04061,C1406,2025-11-29,North,Online,Net Banking
O04062,C0597,2025-10-17,East,Online,Cash on Delivery
O04063,C0369,2025-05-15,East,Online,UPI
O04064,C0754,2025-01-18,West,Store,Net Banking
O04065,C1600,2025-12-09,South,Online,Credit Card
O04066,C1987,2025-12-29,North,Online,Net Banking
O04067,C0785,2025-02-26,North,Online,Credit Card
O04068,C0353,2025-09-23,West,Store,Credit Card
O04069,C0010,2025-06-24,South,Online,Net Banking
O04070,C0154,2025-03-07,East,Online,Debit Card
O04071,C1274,2025-12-31,West,Online,Cash on Delivery
O04072,C1180,2025-12-11,South,Online,Credit Card
O04073,C1287,2025-12-26,South,Store,Cash on Delivery
O04074,C0049,2025-03-05,South,Online,Net Banking
O04075,C0874,2025-07-19,West,Online,Credit Card
O04076,C0361,2025-11-30,South,Online,Credit Card
O04077,C0674,2025-09-20,West,Store,Cash on Delivery
O04078,C1245,2025-06-28,South,Store,Credit Card
O04079,C0552,2025-07-27,South,Store,Credit Card
O04080,C1320,2025-01-18,South,Online,UPI
O04081,C0579,2025-08-29,West,Online,UPI
O04082,C1021,2025-11-18,West,Store,UPI
O04083,C0919,2025-01-02,West,Online,UPI
O04084,C0768,2025-03-12,North,Online,Debit Card
O04085,C0253,2025-07-28,West,Store,Credit Card
O04086,C1153,2025-08-12,North,Online,UPI
O04087,C1981,2025-05-25,South,Store,Credit Card
O04088,C1287,2025-01-13,West,Store,UPI
O04089,C1492,2025-10-12,South,Store,Debit Card
O04090,C1607,2025-04-15,West,Store,Credit Card
O04091,C0077,2025-09-10,West,Online,Cash on Delivery
O04092,C1586,2025-08-11,North,Store,Debit Card
O04093,C0485,2025-06-26,West,Store,Debit Card
O04094,C1330,2025-08-22,West,Store,Credit Card
O04095,C1968,2025-09-26,South,Store,Debit Card
O04096,C1789,2025-08-16,East,Store,Debit Card
O04097,C0829,2025-08-11,South,Store,Cash on Delivery
O04098,C1677,2025-06-28,South,Store,Debit Card
O04099,C1238,2025-06-26,South,Online,Cash on Delivery
O04100,C0267,2025-07-18,East,Store,Net Banking
O04101,C0480,2025-07-04,East,Store,Cash on Delivery
O04102,C1914,2025-06-29,South,Online,Credit Card
O04103,C1831,2025-04-02,South,Online,UPI
O04104,C1784,2025-10-06,North,Online,Credit Card
O04105,C0769,2025-03-01,South,Store,Cash on Delivery
O04106,C0642,2025-12-04,South,Online,Cash on Delivery
O04107,C1613,2025-09-03,West,Online,Cash on Delivery
O04108,C0041,2025-01-23,West,Online,Credit Card
O04109,C1795,2025-09-14,West,Online,Net Banking
O04110,C1208,2025-05-31,North,Store,Credit Card
O04111,C1266,2025-12-10,North,Online,Debit Card
O04112,C0877,2025-12-12,West,Online,Credit Card
O04113,C1959,2025-11-14,South,Store,UPI
O04114,C1500,2025-08-14,South,Online,Credit Card
O04115,C0108,2025-12-07,East,Online,UPI
O04116,C1050,2025-09-11,South,Online,Credit Card
O04117,C1720,2025-11-23,West,Store,Debit Card
O04118,C0153,2025-03-12,South,Store,UPI
O04119,C1474,2025-12-02,South,Online,Debit Card
O04120,C0490,2025-09-15,West,Online,UPI
O04121,C1014,2025-05-09,South,Online,UPI
O04122,C1766,2025-12-31,North,Online,UPI
O04123,C0985,2025-09-24,West,Online,UPI
O04124,C0076,2025-12-04,North,Online,Net Banking
O04125,C0042,2025-01-03,West,Online,Debit Card
O04126,C1474,2025-08-09,South,Store,Debit Card
O04127,C1862,2025-10-02,North,Store,Debit Card
O04128,C0584,2025-01-07,East,Online,Debit Card
O04129,C1871,2025-10-19,South,Store,Net Banking
O04130,C0906,2025-09-12,North,Online,Credit Card
O04131,C0118,2025-04-28,North,Store,UPI
O04132,C1063,2025-09-24,North,Online,Net Banking
O04133,C1948,2025-02-28,South,Store,Credit Card
O04134,C0501,2025-11-07,South,Online,Cash on Delivery
O04135,C1922,2025-11-20,South,Store,Net Banking
O04136,C1304,2025-07-16,South,Store,Credit Card
O04137,C0793,2025-07-24,West,Online,Cash on Delivery
O04138,C1387,2025-06-16,East,Online,UPI
O04139,C0802,2025-05-25,West,Store,Debit Card
O04140,C0171,2025-11-23,West,Online,Debit Card
O04141,C1742,2025-05-10,South,Online,Net Banking
O04142,C0748,2025-06-16,West,Store,Credit Card
O04143,C1132,2025-05-08,North,Online,UPI
O04144,C1489,2025-09-14,North,Online,UPI
O04145,C0166,2025-11-04,West,Online,Credit Card
O04146,C1444,2025-03-14,West,Online,Credit Card
O04147,C0731,2025-04-20,South,Online,Credit Card
O04148,C1090,2025-02-16,East,Online,Debit Card
O04149,C0915,2025-03-12,South,Store,Credit Card
O04150,C1556,2025-06-18,South,Online,UPI
O04151,C0376,2025-10-23,West,Store,UPI
O04152,C0216,2025-08-05,South,Store,Net Banking
O04153,C0822,2025-01-25,South,Store,Debit Card
O04154,C0237,2025-09-03,East,Online,Credit Card
O04155,C0486,2025-10-29,South,Online,Credit Card
O04156,C1315,2025-06-13,South,Online,UPI
O04157,C1638,2025-04-16,South,Store,UPI
O04158,C1387,2025-10-19,South,Store,Net Banking
O04159,C0636,2025-01-12,East,Online,UPI
O04160,C1630,2025-11-05,North,Store,UPI
O04161,C0813,2025-11-01,East,Online,Credit Card
O04162,C0363,2025-11-27,East,Online,Net Banking
O04163,C1513,2025-02-10,North,Online,Credit Card
O04164,C1034,2025-02-18,West,Online,Debit Card
O04165,C0742,2025-11-23,West,Store,Cash on Delivery
O04166,C1322,2025-07-13,North,Store,Net Banking
O04167,C1450,2025-06-12,North,Online,Credit Card
O04168,C0448,2025-08-16,West,Online,UPI
O04169,C0235,2025-01-27,West,Store,Credit Card
O04170,C1034,2025-09-09,North,Store,Cash on Delivery
O04171,C0104,2025-12-15,South,Online,Debit Card
O04172,C1277,2025-09-20,West,Online,Cash on Delivery
O04173,C0880,2025-07-09,West,Store,Credit Card
O04174,C0429,2025-12-20,West,Online,UPI
O04175,C1198,2025-09-24,West,Online,Credit Card
O04176,C0752,2025-01-26,North,Online,Cash on Delivery
O04177,C0777,2025-09-18,North,Online,UPI
O04178,C0433,2025-01-28,South,Online,Debit Card
O04179,C1353,2025-05-11,West,Online,Credit Card
O04180,C1806,2025-08-31,South,Online,Credit Card
O04181,C1238,2025-04-04,South,Online,Credit Card
O04182,C0474,2025-01-18,South,Store,Credit Card
O04183,C1667,2025-09-01,North,Online,Cash on Delivery
O04184,C0242,2025-05-02,North,Online,UPI
O04185,C0580,2025-08-02,South,Store,Debit Card
O04186,C0071,2025-04-23,East,Store,UPI
O04187,C1697,2025-09-24,West,Store,Credit Card
O04188,C0090,2025-11-30,North,Online,UPI
O04189,C1093,2025-02-09,West,Store,UPI
O04190,C0384,2025-10-26,North,Store,Credit Card
O04191,C0425,2025-03-11,West,Store,Credit Card
O04192,C1217,2025-05-19,South,Online,UPI
O04193,C1608,2025-05-30,South,Online,Net Banking
O04194,C0036,2025-03-31,North,Online,Debit Card
O04195,C0318,2025-02-04,East,Store,Cash on Delivery
O04196,C0574,2025-10-20,North,Online,Net Banking
O04197,C1888,2025-10-29,North,Online,Credit Card
O04198,C0117,2025-12-31,South,Store,Credit Card
O04199,C0358,2025-12-12,North,Store,Cash on Delivery
O04200,C0808,2025-06-28,North,Store,Credit Card
O04201,C0652,2025-03-01,West,Store,Credit Card
O04202,C0098,2025-01-05,West,Online,Credit Card
O04203,C1081,2025-08-02,South,Store,UPI
O04204,C1216,2025-11-19,South,Online,Net Banking
O04205,C0354,2025-04-25,South,Online,UPI
O04206,C1377,2025-03-28,North,Online,UPI
O04207,C0114,2025-06-29,North,Store,Debit Card
O04208,C1463,2025-11-29,South,Online,Net Banking
O04209,C0519,2025-07-04,East,Online,Cash on Delivery
O04210,C0449,2025-10-06,North,Online,Debit Card
O04211,C0393,2025-07-08,West,Online,Credit Card
O04212,C1738,2025-06-05,East,Store,Credit Card
O04213,C1005,2025-06-30,East,Online,UPI
O04214,C1381,2025-10-20,South,Online,UPI
O04215,C0408,2025-10-16,East,Store,Net Banking
O04216,C0114,2025-06-27,West,Online,Net Banking
O04217,C0077,2025-04-25,South,Online,UPI
O04218,C0882,2025-03-03,South,Online,Credit Card
O04219,C0653,2025-01-01,North,Store,Cash on Delivery
O04220,C1536,2025-02-20,East,Store,Credit Card
O04221,C1577,2025-03-14,West,Online,Credit Card
O04222,C0622,2025-09-25,West,Store,UPI
O04223,C0868,2025-11-05,South,Online,Credit Card
O04224,C0764,2025-10-10,North,Store,Credit Card
O04225,C1351,2025-10-06,South,Online,Debit Card
O04226,C1260,2025-12-30,West,Online,Credit Card
O04227,C1303,2025-12-20,West,Online,Credit Card
O04228,C0111,2025-04-26,South,Online,Credit Card
O04229,C0676,2025-03-06,East,Online,UPI
O04230,C1934,2025-03-09,East,Store,UPI
O04231,C0684,2025-11-30,West,Store,Credit Card
O04232,C0349,2025-02-16,North,Online,Credit Card
O04233,C0400,2025-05-23,North,Store,UPI
O04234,C0054,2025-08-01,South,Store,Cash on Delivery
O04235,C1562,2025-08-30,South,Store,Credit Card
O04236,C0011,2025-08-24,North,Online,Debit Card
O04237,C1193,2025-10-26,West,Online,Cash on Delivery
O04238,C0800,2025-08-16,North,Store,UPI
O04239,C0190,2025-11-16,West,Online,UPI
O04240,C1769,2025-02-08,North,Online,UPI
O04241,C1484,2025-11-18,South,Online,Net Banking
O04242,C1640,2025-08-22,South,Online,Credit Card
O04243,C1874,2025-04-07,South,Online,UPI
O04244,C1825,2025-12-25,West,Online,UPI
O04245,C1402,2025-12-13,North,Online,UPI
O04246,C1068,2025-11-14,North,Online,Credit Card
O04247,C1394,2025-12-05,West,Online,Debit Card
O04248,C0898,2025-06-08,West,Online,Credit Card
O04249,C0363,2025-04-09,South,Online,UPI
O04250,C0772,2025-03-22,West,Online,Net Banking
O04251,C0934,2025-11-23,East,Online,Net Banking
O04252,C0093,2025-11-08,South,Store,Credit Card
O04253,C1695,2025-12-26,North,Online,Debit Card
O04254,C1820,2025-11-15,South,Online,Net Banking
O04255,C0840,2025-09-05,South,Online,Credit Card
O04256,C0993,2025-03-05,North,Store,UPI
O04257,C1682,2025-03-14,North,Online,Credit Card
O04258,C0911,2025-07-12,West,Store,UPI
O04259,C1377,2025-10-20,East,Online,UPI
O04260,C1031,2025-03-18,North,Online,Net Banking
O04261,C0543,2025-12-06,West,Online,Net Banking
O04262,C1589,2025-09-23,South,Online,Debit Card
O04263,C0386,2025-05-13,West,Store,Net Banking
O04264,C0449,2025-11-27,West,Store,Cash on Delivery
O04265,C1383,2025-08-25,North,Online,Debit Card
O04266,C1420,2025-10-09,West,Online,Cash on Delivery
O04267,C1909,2025-06-10,West,Store,Cash on Delivery
O04268,C1422,2025-06-13,South,Online,UPI
O04269,C0050,2025-01-06,South,Online,Cash on Delivery
O04270,C1700,2025-08-04,West,Online,Cash on Delivery
O04271,C0828,2025-10-18,North,Online,UPI
O04272,C0018,2025-12-22,North,Store,Debit Card
O04273,C1159,2025-11-29,East,Online,UPI
O04274,C0341,2025-02-09,North,Store,Credit Card
O04275,C0832,2025-12-26,South,Store,Debit Card
O04276,C0943,2025-03-08,North,Online,UPI
O04277,C0149,2025-01-19,North,Online,Debit Card
O04278,C1702,2025-10-14,North,Online,Credit Card
O04279,C1021,2025-12-03,West,Online,UPI
O04280,C1931,2025-12-16,West,Online,Debit Card
O04281,C0930,2025-11-08,South,Online,Cash on Delivery
O04282,C1190,2025-03-31,South,Store,UPI
O04283,C1625,2025-03-10,South,Online,Credit Card
O04284,C0425,2025-01-27,West,Online,UPI
O04285,C1818,2025-08-19,East,Online,UPI
O04286,C0370,2025-07-17,South,Store,Credit Card
O04287,C1992,2025-02-19,South,Online,UPI
O04288,C1279,2025-07-09,North,Store,Debit Card
O04289,C1038,2025-08-14,East,Store,UPI
O04290,C0421,2025-10-06,West,Store,Net Banking
O04291,C1139,2025-06-20,West,Store,UPI
O04292,C1107,2025-05-15,West,Store,Cash on Delivery
O04293,C1968,2025-09-17,North,Online,Credit Card
O04294,C1670,2025-09-23,North,Store,UPI
O04295,C0966,2025-04-26,South,Online,UPI
O04296,C0780,2025-01-10,East,Online,Credit Card
O04297,C0775,2025-12-15,North,Store,Cash on Delivery
O04298,C0757,2025-10-16,North,Online,Credit Card
O04299,C0028,2025-03-29,South,Online,Credit Card
O04300,C0073,2025-08-14,East,Online,Net Banking
O04301,C1503,2025-08-24,West,Online,UPI
O04302,C0509,2025-02-26,West,Store,Debit Card
O04303,C0823,2025-03-25,West,Store,UPI
O04304,C1397,2025-12-18,South,Online,Net Banking
O04305,C1216,2025-07-24,South,Online,Net Banking
O04306,C0721,2025-03-25,South,Online,UPI
O04307,C1505,2025-10-30,South,Store,UPI
O04308,C0317,2025-07-11,West,Online,Debit Card
O04309,C0946,2025-09-07,North,Store,Debit Card
O04310,C0212,2025-05-07,North,Online,Debit Card
O04311,C1064,2025-01-27,West,Online,Credit Card
O04312,C0191,2025-03-14,South,Online,UPI
O04313,C1884,2025-12-23,West,Online,Debit Card
O04314,C1319,2025-09-02,North,Store,UPI
O04315,C0491,2025-11-09,North,Online,Credit Card
O04316,C1226,2025-01-10,South,Store,Credit Card
O04317,C0700,2025-10-19,East,Online,Credit Card
O04318,C1038,2025-07-16,North,Store,Net Banking
O04319,C0335,2025-09-17,East,Online,Credit Card
O04320,C1001,2025-05-30,North,Online,Credit Card
O04321,C0214,2025-09-02,West,Online,Net Banking
O04322,C0307,2025-01-17,East,Online,Credit Card
O04323,C1169,2025-01-21,East,Online,Net Banking
O04324,C1002,2025-10-30,North,Online,Net Banking
O04325,C0588,2025-02-25,East,Online,Debit Card
O04326,C0120,2025-01-07,East,Store,UPI
O04327,C0848,2025-12-05,North,Store,UPI
O04328,C1852,2025-04-24,South,Store,Credit Card
O04329,C1417,2025-08-19,West,Store,UPI
O04330,C0117,2025-11-12,West,Store,UPI
O04331,C1876,2025-10-13,North,Online,UPI
O04332,C0848,2025-01-22,West,Store,UPI
O04333,C1152,2025-08-12,West,Online,Credit Card
O04334,C0002,2025-08-05,East,Online,UPI
O04335,C0621,2025-05-27,West,Online,UPI
O04336,C1573,2025-10-16,South,Online,Debit Card
O04337,C0662,2025-12-21,North,Online,Cash on Delivery
O04338,C0333,2025-03-07,West,Online,Debit Card
O04339,C0182,2025-03-06,South,Store,Cash on Delivery
O04340,C1850,2025-10-09,North,Store,UPI
O04341,C1626,2025-07-05,East,Online,Debit Card
O04342,C0088,2025-10-29,South,Online,Credit Card
O04343,C1851,2025-03-04,West,Online,Credit Card
O04344,C1642,2025-01-19,West,Online,Debit Card
O04345,C0720,2025-09-27,North,Online,Net Banking
O04346,C1314,2025-12-30,West,Online,UPI
O04347,C0516,2025-02-12,West,Store,Credit Card
O04348,C0500,2025-11-20,North,Online,Debit Card
O04349,C1430,2025-06-09,East,Online,Credit Card
O04350,C0405,2025-01-08,South,Online,Credit Card
O04351,C0711,2025-07-25,West,Online,UPI
O04352,C0716,2025-04-30,North,Online,UPI
O04353,C0301,2025-09-26,South,Online,Credit Card
O04354,C1657,2025-05-03,North,Store,Credit Card
O04355,C1348,2025-07-15,West,Online,UPI
O04356,C1724,2025-03-29,South,Online,Net Banking
O04357,C1048,2025-11-08,South,Online,Debit Card
O04358,C0351,2025-12-09,South,Store,UPI
O04359,C0560,2025-06-16,North,Online,UPI
O04360,C0707,2025-07-03,North,Store,Net Banking
O04361,C1884,2025-12-26,North,Store,Cash on Delivery
O04362,C0475,2025-03-05,North,Store,Cash on Delivery
O04363,C1387,2025-11-02,West,Store,Debit Card
O04364,C0246,2025-08-14,East,Online,Cash on Delivery
O04365,C1912,2025-11-25,East,Online,UPI
O04366,C1293,2025-05-05,South,Store,UPI
O04367,C0862,2025-05-06,North,Store,UPI
O04368,C0692,2025-05-18,North,Store,Credit Card
O04369,C0710,2025-01-08,West,Store,UPI
O04370,C0451,2025-03-16,South,Online,Credit Card
O04371,C1200,2025-12-30,South,Store,UPI
O04372,C1732,2025-04-18,East,Online,Credit Card
O04373,C0483,2025-01-10,North,Online,Net Banking
O04374,C1497,2025-04-29,North,Online,Debit Card
O04375,C1133,2025-06-18,East,Store,Credit Card
O04376,C1548,2025-08-07,South,Store,UPI
O04377,C1540,2025-02-01,East,Store,UPI
O04378,C0079,2025-10-27,West,Online,Credit Card
O04379,C0043,2025-11-08,North,Store,UPI
O04380,C1831,2025-04-03,South,Online,Net Banking
O04381,C0311,2025-10-30,South,Online,Cash on Delivery
O04382,C1150,2025-05-31,West,Store,UPI
O04383,C1507,2025-06-24,South,Store,UPI
O04384,C1008,2025-12-12,South,Online,UPI
O04385,C0013,2025-11-28,South,Store,Net Banking
O04386,C0022,2025-06-06,North,Online,UPI
O04387,C1340,2025-07-17,East,Store,Debit Card
O04388,C1796,2025-05-03,South,Online,Credit Card
O04389,C0687,2025-07-27,South,Online,Credit Card
O04390,C1088,2025-09-22,West,Store,Debit Card
O04391,C1868,2025-02-11,North,Online,Credit Card
O04392,C1651,2025-12-07,West,Store,Net Banking
O04393,C1082,2025-10-04,East,Online,UPI
O04394,C1312,2025-02-13,South,Online,Debit Card
O04395,C1923,2025-11-21,West,Online,Cash on Delivery
O04396,C1594,2025-10-12,East,Online,UPI
O04397,C0832,2025-05-13,West,Online,Credit Card
O04398,C1386,2025-07-29,West,Store,Debit Card
O04399,C0658,2025-11-19,East,Online,UPI
O04400,C1842,2025-12-22,South,Online,Credit Card
O04401,C0188,2025-04-30,South,Store,UPI
O04402,C0451,2025-09-12,South,Store,Debit Card
O04403,C0693,2025-11-19,North,Store,Credit Card
O04404,C0405,2025-12-28,East,Online,Credit Card
O04405,C1191,2025-02-02,South,Store,Debit Card
O04406,C1426,2025-07-23,West,Online,Debit Card
O04407,C1781,2025-11-23,West,Online,UPI
O04408,C1003,2025-01-02,South,Online,UPI
O04409,C1243,2025-06-29,North,Store,UPI
O04410,C1199,2025-08-20,West,Online,Net Banking
O04411,C0007,2025-07-31,East,Store,Credit Card
O04412,C1418,2025-10-09,North,Online,UPI
O04413,C0047,2025-01-30,South,Online,Credit Card
O04414,C1095,2025-10-26,North,Online,Credit Card
O04415,C2000,2025-05-01,North,Store,Credit Card
O04416,C1576,2025-11-07,South,Online,Credit Card
O04417,C1013,2025-06-22,South,Store,UPI
O04418,C0638,2025-01-20,North,Online,UPI
O04419,C1675,2025-12-21,North,Online,Net Banking
O04420,C1718,2025-10-24,North,Store,Debit Card
O04421,C0737,2025-05-26,South,Store,Debit Card
O04422,C0216,2025-04-26,North,Online,UPI
O04423,C1165,2025-08-22,North,Online,Cash on Delivery
O04424,C1269,2025-12-28,South,Store,UPI
O04425,C1869,2025-05-04,South,Store,Debit Card
O04426,C1781,2025-12-16,West,Store,Debit Card
O04427,C0459,2025-05-20,North,Online,UPI
O04428,C0506,2025-09-29,South,Store,UPI
O04429,C1994,2025-06-08,East,Store,Debit Card
O04430,C0654,2025-02-08,South,Online,Credit Card
O04431,C0917,2025-12-12,North,Store,Cash on Delivery
O04432,C0611,2025-03-14,South,Online,Debit Card
O04433,C0787,2025-12-15,North,Online,Cash on Delivery
O04434,C1129,2025-02-16,West,Store,Debit Card
O04435,C0585,2025-04-25,North,Online,Credit Card
O04436,C0826,2025-12-07,East,Online,Cash on Delivery
O04437,C0706,2025-09-14,South,Store,Net Banking
O04438,C0216,2025-03-24,South,Store,UPI
O04439,C1574,2025-08-23,South,Online,Credit Card
O04440,C1783,2025-03-21,West,Online,UPI
O04441,C0985,2025-11-23,North,Online,Cash on Delivery
O04442,C0410,2025-01-23,South,Online,Debit Card
O04443,C1287,2025-08-01,North,Store,Credit Card
O04444,C1069,2025-01-29,West,Online,Cash on Delivery
O04445,C1103,2025-09-26,East,Store,Credit Card
O04446,C1190,2025-12-12,West,Online,Credit Card
O04447,C1436,2025-11-09,East,Store,Credit Card
O04448,C0082,2025-06-04,West,Online,UPI
O04449,C0199,2025-04-13,East,Store,UPI
O04450,C0192,2025-02-24,North,Store,Debit Card
O04451,C0310,2025-11-23,South,Store,UPI
O04452,C1944,2025-02-06,North,Online,Cash on Delivery
O04453,C1461,2025-09-04,West,Store,Credit Card
O04454,C1330,2025-06-03,South,Online,Credit Card
O04455,C1398,2025-12-30,West,Store,UPI
O04456,C0068,2025-07-25,East,Online,Credit Card
O04457,C0427,2025-08-08,North,Online,Debit Card
O04458,C1589,2025-12-07,South,Online,Cash on Delivery
O04459,C0926,2025-12-22,North,Online,UPI
O04460,C1018,2025-08-20,West,Store,UPI
O04461,C1501,2025-10-29,South,Online,UPI
O04462,C0151,2025-09-06,South,Online,Credit Card
O04463,C1598,2025-06-25,South,Store,UPI
O04464,C1362,2025-01-27,North,Store,UPI
O04465,C0808,2025-10-04,South,Online,Debit Card
O04466,C0999,2025-09-28,South,Online,Net Banking
O04467,C0149,2025-02-22,West,Online,UPI
O04468,C0410,2025-04-10,East,Store,Credit Card
O04469,C0493,2025-10-09,North,Online,Debit Card
O04470,C1756,2025-03-08,West,Online,UPI
O04471,C0226,2025-09-25,North,Store,Debit Card
O04472,C0583,2025-10-04,South,Online,UPI
O04473,C0264,2025-05-28,East,Store,Credit Card
O04474,C0570,2025-04-21,South,Store,Credit Card
O04475,C0022,2025-06-05,South,Store,Debit Card
O04476,C0546,2025-05-31,West,Online,Credit Card
O04477,C1448,2025-08-28,South,Online,Debit Card
O04478,C1535,2025-10-12,South,Online,UPI
O04479,C0759,2025-11-19,North,Online,Credit Card
O04480,C1413,2025-01-14,West,Online,Cash on Delivery
O04481,C1238,2025-10-07,South,Online,Credit Card
O04482,C1807,2025-05-13,North,Online,Credit Card
O04483,C1610,2025-11-12,North,Online,Debit Card
O04484,C0459,2025-02-04,East,Online,Cash on Delivery
O04485,C1178,2025-08-08,South,Online,Debit Card
O04486,C1573,2025-08-08,East,Store,Debit Card
O04487,C0612,2025-05-18,North,Online,Net Banking
O04488,C1147,2025-12-23,West,Store,Cash on Delivery
O04489,C0801,2025-02-17,South,Store,Net Banking
O04490,C0618,2025-03-02,West,Store,UPI
O04491,C0399,2025-09-09,South,Store,Debit Card
O04492,C0071,2025-07-26,North,Store,Credit Card
O04493,C1500,2025-04-24,North,Online,Credit Card
O04494,C1638,2025-05-09,South,Online,Debit Card
O04495,C1304,2025-03-11,South,Store,UPI
O04496,C0483,2025-11-21,East,Store,Debit Card
O04497,C0038,2025-08-15,West,Online,UPI
O04498,C1264,2025-04-16,West,Store,Net Banking
O04499,C0400,2025-06-12,East,Store,Credit Card
O04500,C1098,2025-12-03,South,Store,UPI
O04501,C1941,2025-11-27,North,Online,Debit Card
O04502,C0009,2025-02-01,North,Online,Debit Card
O04503,C1155,2025-09-13,South,Online,Debit Card
O04504,C1989,2025-03-09,South,Online,Net Banking
O04505,C0669,2025-04-02,East,Online,Net Banking
O04506,C1629,2025-11-20,South,Online,UPI
O04507,C1657,2025-11-30,South,Store,UPI
O04508,C0973,2025-02-07,West,Online,UPI
O04509,C0614,2025-11-23,North,Online,UPI
O04510,C1361,2025-10-07,West,Online,Credit Card
O04511,C1239,2025-10-23,South,Store,UPI
O04512,C0954,2025-10-28,West,Store,Credit Card
O04513,C0386,2025-07-24,West,Store,Credit Card
O04514,C1490,2025-12-15,North,Online,Debit Card
O04515,C0423,2025-03-29,East,Online,Cash on Delivery
O04516,C0269,2025-07-23,South,Online,Debit Card
O04517,C0135,2025-05-15,North,Store,UPI
O04518,C0893,2025-11-07,North,Store,Credit Card
O04519,C0241,2025-02-07,North,Online,UPI
O04520,C0672,2025-06-27,West,Online,Credit Card
O04521,C0484,2025-10-22,South,Online,Credit Card
O04522,C0920,2025-05-13,North,Online,Cash on Delivery
O04523,C1556,2025-04-14,West,Store,UPI
O04524,C0901,2025-04-23,West,Online,UPI
O04525,C1115,2025-10-03,South,Store,UPI
O04526,C0287,2025-05-03,South,Online,Credit Card
O04527,C0227,2025-06-16,South,Online,Cash on Delivery
O04528,C1953,2025-08-07,South,Online,Credit Card
O04529,C1240,2025-12-14,South,Store,Credit Card
O04530,C0031,2025-10-29,South,Store,UPI
O04531,C1131,2025-03-23,South,Store,Credit Card
O04532,C0021,2025-11-26,South,Online,UPI
O04533,C0155,2025-11-14,East,Online,UPI
O04534,C0747,2025-10-13,West,Store,Debit Card
O04535,C1313,2025-07-27,South,Store,UPI
O04536,C1241,2025-02-01,North,Online,UPI
O04537,C1582,2025-10-02,West,Online,UPI
O04538,C0360,2025-07-28,South,Online,UPI
O04539,C0384,2025-05-12,West,Store,Debit Card
O04540,C1067,2025-01-05,South,Online,UPI
O04541,C1738,2025-04-10,West,Online,Debit Card
O04542,C1446,2025-08-27,South,Online,Credit Card
O04543,C1339,2025-02-20,West,Store,Credit Card
O04544,C0189,2025-09-13,South,Online,UPI
O04545,C1757,2025-11-06,South,Online,Debit Card
O04546,C1969,2025-05-15,North,Online,Credit Card
O04547,C1165,2025-02-07,South,Online,Debit Card
O04548,C0674,2025-03-04,West,Online,Credit Card
O04549,C1326,2025-05-30,South,Online,Net Banking
O04550,C1285,2025-11-04,North,Online,Credit Card
O04551,C1859,2025-09-06,West,Online,Net Banking
O04552,C0222,2025-11-21,North,Online,Credit Card
O04553,C1031,2025-12-30,West,Online,Cash on Delivery
O04554,C1419,2025-03-30,East,Store,Net Banking
O04555,C0699,2025-09-26,South,Store,UPI
O04556,C1681,2025-07-09,North,Online,Debit Card
O04557,C0130,2025-07-19,West,Store,UPI
O04558,C0211,2025-05-18,West,Online,Cash on Delivery
O04559,C1582,2025-05-24,North,Store,Credit Card
O04560,C0252,2025-09-20,East,Online,Credit Card
O04561,C0838,2025-09-01,North,Online,UPI
O04562,C0563,2025-05-15,South,Online,Net Banking
O04563,C1377,2025-02-23,West,Online,Cash on Delivery
O04564,C0024,2025-08-18,South,Online,Credit Card
O04565,C0714,2025-10-11,North,Online,UPI
O04566,C1973,2025-08-11,West,Store,Debit Card
O04567,C0738,2025-01-02,South,Online,UPI
O04568,C1197,2025-05-01,South,Online,Cash on Delivery
O04569,C1977,2025-10-24,East,Store,UPI
O04570,C1216,2025-10-12,South,Online,Credit Card
O04571,C1510,2025-01-05,South,Online,UPI
O04572,C1918,2025-07-11,South,Online,Cash on Delivery
O04573,C1235,2025-06-29,West,Online,Credit Card
O04574,C1665,2025-09-12,South,Store,Cash on Delivery
O04575,C1017,2025-02-25,North,Online,UPI
O04576,C1629,2025-09-02,South,Online,Credit Card
O04577,C1284,2025-12-15,South,Store,UPI
O04578,C0680,2025-06-04,South,Store,Net Banking
O04579,C1117,2025-05-22,South,Store,UPI
O04580,C0670,2025-01-14,North,Online,Credit Card
O04581,C0795,2025-01-27,South,Online,Debit Card
O04582,C0584,2025-12-11,North,Store,UPI
O04583,C0983,2025-12-24,West,Online,Net Banking
O04584,C0694,2025-01-03,South,Store,Net Banking
O04585,C1253,2025-12-01,South,Store,Credit Card
O04586,C0740,2025-03-18,West,Store,Debit Card
O04587,C0983,2025-08-12,West,Online,UPI
O04588,C0281,2025-09-21,West,Store,Credit Card
O04589,C0774,2025-05-31,North,Store,Net Banking
O04590,C0712,2025-08-01,South,Store,UPI
O04591,C1923,2025-09-04,West,Store,Cash on Delivery
O04592,C0894,2025-03-26,West,Store,Credit Card
O04593,C0044,2025-12-30,South,Online,UPI
O04594,C0619,2025-03-30,West,Store,Credit Card
O04595,C1459,2025-01-05,West,Store,Credit Card
O04596,C0331,2025-12-15,West,Store,Cash on Delivery
O04597,C0326,2025-06-26,North,Online,Debit Card
O04598,C0747,2025-06-14,South,Online,Credit Card
O04599,C0714,2025-04-28,West,Store,Cash on Delivery
O04600,C0962,2025-01-12,North,Online,UPI
O04601,C0069,2025-04-24,West,Store,Credit Card
O04602,C1442,2025-06-12,North,Online,Debit Card
O04603,C0428,2025-07-29,West,Store,Debit Card
O04604,C1423,2025-07-06,West,Online,UPI
O04605,C1130,2025-11-24,South,Online,Debit Card
O04606,C0406,2025-12-05,North,Online,UPI
O04607,C0940,2025-05-14,West,Store,Credit Card
O04608,C0074,2025-12-19,South,Store,Net Banking
O04609,C1404,2025-11-20,South,Store,UPI
O04610,C0608,2025-12-10,South,Online,Debit Card
O04611,C0767,2025-09-30,West,Online,Net Banking
O04612,C0315,2025-03-28,South,Store,UPI
O04613,C0730,2025-03-27,North,Store,UPI
O04614,C0792,2025-12-04,East,Store,Net Banking
O04615,C0450,2025-07-24,East,Online,Credit Card
O04616,C1959,2025-11-28,South,Online,UPI
O04617,C0560,2025-10-05,West,Store,UPI
O04618,C0363,2025-04-03,East,Online,UPI
O04619,C1097,2025-06-09,North,Online,Credit Card
O04620,C0638,2025-12-22,South,Store,Net Banking
O04621,C0908,2025-01-10,North,Store,Credit Card
O04622,C1451,2025-10-03,West,Online,UPI
O04623,C0157,2025-12-25,North,Online,Cash on Delivery
O04624,C1019,2025-02-16,East,Store,Credit Card
O04625,C0044,2025-04-27,East,Store,UPI
O04626,C0088,2025-08-07,West,Online,Cash on Delivery
O04627,C0186,2025-11-13,South,Online,Credit Card
O04628,C0324,2025-07-24,West,Online,Credit Card
O04629,C0699,2025-01-28,North,Online,Net Banking
O04630,C1871,2025-02-26,West,Online,UPI
O04631,C1813,2025-06-06,West,Store,Credit Card
O04632,C0207,2025-05-17,West,Online,Net Banking
O04633,C1983,2025-04-06,West,Online,UPI
O04634,C1271,2025-11-12,East,Online,Net Banking
O04635,C1108,2025-01-13,North,Online,UPI
O04636,C1585,2025-11-09,West,Online,Net Banking
O04637,C0969,2025-12-08,West,Online,Credit Card
O04638,C0531,2025-09-05,West,Online,Credit Card
O04639,C1060,2025-09-03,West,Online,Credit Card
O04640,C1451,2025-03-08,South,Online,UPI
O04641,C1366,2025-08-14,North,Online,UPI
O04642,C0340,2025-06-06,North,Store,Debit Card
O04643,C1877,2025-04-10,West,Store,Net Banking
O04644,C0570,2025-08-20,East,Online,UPI
O04645,C1640,2025-01-01,East,Online,Debit Card
O04646,C0624,2025-04-29,North,Store,Credit Card
O04647,C0127,2025-09-13,East,Online,Debit Card
O04648,C1993,2025-07-05,West,Store,Credit Card
O04649,C1178,2025-03-06,East,Online,Debit Card
O04650,C0430,2025-01-01,East,Online,Credit Card
O04651,C0001,2025-04-26,North,Online,UPI
O04652,C0259,2025-08-08,South,Store,UPI
O04653,C0340,2025-08-03,South,Online,Credit Card
O04654,C1852,2025-02-28,West,Store,Credit Card
O04655,C0355,2025-08-30,North,Store,UPI
O04656,C0324,2025-12-31,West,Online,Credit Card
O04657,C1676,2025-08-20,North,Online,UPI
O04658,C1759,2025-07-31,North,Online,Credit Card
O04659,C0418,2025-09-02,South,Online,Credit Card
O04660,C1301,2025-11-25,South,Online,Cash on Delivery
O04661,C1069,2025-12-15,North,Online,UPI
O04662,C1154,2025-01-19,South,Store,UPI
O04663,C0623,2025-03-31,East,Store,Credit Card
O04664,C1503,2025-02-21,East,Online,Debit Card
O04665,C1762,2025-10-22,West,Store,Debit Card
O04666,C1452,2025-01-21,West,Store,Credit Card
O04667,C1807,2025-12-02,North,Store,UPI
O04668,C0222,2025-01-10,East,Online,Cash on Delivery
O04669,C1315,2025-08-26,West,Online,Credit Card
O04670,C1999,2025-04-28,East,Online,Net Banking
O04671,C1072,2025-07-11,West,Online,Credit Card
O04672,C1884,2025-06-30,South,Online,Net Banking
O04673,C0697,2025-10-14,West,Online,Net Banking
O04674,C1794,2025-07-20,North,Store,UPI
O04675,C1878,2025-06-23,East,Store,UPI
O04676,C1245,2025-10-08,South,Online,UPI
O04677,C1410,2025-12-09,West,Online,Net Banking
O04678,C1046,2025-10-29,West,Online,UPI
O04679,C0634,2025-10-10,East,Store,Credit Card
O04680,C1073,2025-07-17,North,Online,Credit Card
O04681,C1925,2025-12-01,South,Store,Debit Card
O04682,C0030,2025-07-17,East,Store,Credit Card
O04683,C0411,2025-12-10,North,Online,Credit Card
O04684,C0999,2025-10-31,East,Store,Credit Card
O04685,C0679,2025-03-08,North,Online,UPI
O04686,C1248,2025-01-22,South,Online,UPI
O04687,C0722,2025-10-11,East,Store,Net Banking
O04688,C1318,2025-09-23,West,Online,Cash on Delivery
O04689,C0213,2025-08-26,East,Online,Net Banking
O04690,C0665,2025-12-24,South,Store,UPI
O04691,C1386,2025-08-06,North,Store,UPI
O04692,C0943,2025-05-26,South,Store,Credit Card
O04693,C1428,2025-08-13,South,Online,UPI
O04694,C1273,2025-01-14,East,Store,Cash on Delivery
O04695,C0657,2025-08-18,South,Online,Debit Card
O04696,C0857,2025-12-02,South,Online,Cash on Delivery
O04697,C1930,2025-01-03,East,Online,Net Banking
O04698,C1925,2025-11-14,West,Online,Credit Card
O04699,C0072,2025-10-31,West,Store,UPI
O04700,C1411,2025-02-17,East,Online,Net Banking
O04701,C0982,2025-11-14,West,Online,Credit Card
O04702,C0003,2025-10-19,South,Store,Net Banking
O04703,C1269,2025-07-18,North,Online,Credit Card
O04704,C0047,2025-04-16,North,Online,Credit Card
O04705,C0638,2025-05-03,South,Online,Credit Card
O04706,C1381,2025-08-30,West,Online,UPI
O04707,C1626,2025-04-17,West,Online,Credit Card
O04708,C0826,2025-05-18,South,Store,UPI
O04709,C1618,2025-12-11,South,Online,Credit Card
O04710,C1679,2025-10-08,East,Store,Credit Card
O04711,C0896,2025-10-10,South,Store,UPI
O04712,C0347,2025-12-18,South,Online,Debit Card
O04713,C1319,2025-01-03,East,Store,UPI
O04714,C0028,2025-04-16,West,Store,Debit Card
O04715,C1787,2025-09-14,East,Store,UPI
O04716,C0777,2025-06-29,East,Store,Debit Card
O04717,C1521,2025-02-20,West,Online,Credit Card
O04718,C1473,2025-10-25,West,Store,Net Banking
O04719,C0946,2025-01-22,South,Store,Credit Card
O04720,C1944,2025-08-06,South,Store,Credit Card
O04721,C1593,2025-08-12,South,Online,Debit Card
O04722,C1768,2025-09-07,West,Store,Credit Card
O04723,C0188,2025-05-14,West,Online,Credit Card
O04724,C0969,2025-01-11,North,Store,Credit Card
O04725,C1904,2025-11-28,South,Online,Debit Card
O04726,C1626,2025-12-10,West,Online,Debit Card
O04727,C0909,2025-07-15,South,Online,Cash on Delivery
O04728,C0141,2025-01-10,South,Store,UPI
O04729,C0565,2025-08-19,North,Store,UPI
O04730,C1145,2025-05-14,North,Online,Credit Card
O04731,C1284,2025-03-22,West,Store,Debit Card
O04732,C1849,2025-03-16,West,Online,UPI
O04733,C0186,2025-03-20,West,Online,UPI
O04734,C0793,2025-05-20,East,Online,Cash on Delivery
O04735,C0545,2025-04-30,West,Online,Credit Card
O04736,C1921,2025-11-11,North,Online,Credit Card
O04737,C0333,2025-07-20,South,Online,UPI
O04738,C0442,2025-06-25,West,Online,UPI
O04739,C0596,2025-03-06,West,Online,UPI
O04740,C0212,2025-11-24,South,Online,UPI
O04741,C1287,2025-01-26,West,Online,Credit Card
O04742,C1050,2025-04-14,West,Online,UPI
O04743,C1116,2025-09-02,South,Online,Credit Card
O04744,C1815,2025-09-29,East,Online,UPI
O04745,C0867,2025-10-31,South,Store,Cash on Delivery
O04746,C0623,2025-06-19,East,Store,UPI
O04747,C0751,2025-05-26,West,Online,UPI
O04748,C1601,2025-05-03,South,Online,Debit Card
O04749,C1057,2025-08-14,South,Store,Net Banking
O04750,C0339,2025-05-27,North,Store,Credit Card
O04751,C1380,2025-05-19,North,Online,Credit Card
O04752,C1492,2025-01-08,North,Store,Net Banking
O04753,C0500,2025-12-16,West,Online,Debit Card
O04754,C1115,2025-01-28,South,Online,Credit Card
O04755,C1128,2025-04-26,North,Store,Credit Card
O04756,C0351,2025-12-08,East,Online,UPI
O04757,C0019,2025-10-10,West,Store,UPI
O04758,C1437,2025-08-18,North,Online,UPI
O04759,C1231,2025-09-15,North,Online,UPI
O04760,C1428,2025-02-13,West,Online,Cash on Delivery
O04761,C0755,2025-11-02,West,Store,Net Banking
O04762,C1031,2025-04-18,South,Online,UPI
O04763,C1964,2025-12-18,South,Online,UPI
O04764,C0451,2025-04-11,North,Store,Credit Card
O04765,C1306,2025-09-03,East,Online,Credit Card
O04766,C0265,2025-08-06,West,Online,Net Banking
O04767,C0132,2025-03-05,South,Online,Cash on Delivery
O04768,C1915,2025-06-01,South,Online,Credit Card
O04769,C0260,2025-10-25,West,Online,UPI
O04770,C1312,2025-04-03,North,Online,Net Banking
O04771,C1029,2025-12-20,South,Online,Credit Card
O04772,C1619,2025-05-06,South,Online,Credit Card
O04773,C1094,2025-09-04,North,Store,Debit Card
O04774,C1394,2025-09-01,South,Online,Credit Card
O04775,C1789,2025-07-11,West,Online,UPI
O04776,C1659,2025-09-13,North,Online,Debit Card
O04777,C1444,2025-10-12,South,Store,UPI
O04778,C0325,2025-09-01,West,Store,UPI
O04779,C0339,2025-08-12,South,Online,Credit Card
O04780,C0994,2025-08-28,South,Store,UPI
O04781,C1318,2025-06-16,East,Online,Net Banking
O04782,C1335,2025-02-02,North,Online,Cash on Delivery
O04783,C1574,2025-03-12,South,Online,Cash on Delivery
O04784,C0207,2025-08-28,South,Online,UPI
O04785,C0347,2025-12-09,South,Online,Cash on Delivery
O04786,C0300,2025-01-12,East,Online,UPI
O04787,C1083,2025-08-06,North,Store,Credit Card
O04788,C1268,2025-04-19,West,Store,UPI
O04789,C0232,2025-08-12,South,Store,Net Banking
O04790,C1738,2025-10-14,East,Online,UPI
O04791,C0607,2025-10-10,North,Store,Debit Card
O04792,C1321,2025-10-06,South,Online,Debit Card
O04793,C1504,2025-10-24,West,Online,Credit Card
O04794,C0073,2025-02-02,West,Store,Net Banking
O04795,C1730,2025-07-25,West,Online,Credit Card
O04796,C1941,2025-04-23,West,Store,UPI
O04797,C1918,2025-12-08,South,Online,Credit Card
O04798,C0280,2025-10-25,North,Online,Debit Card
O04799,C0786,2025-02-18,North,Online,UPI
O04800,C0466,2025-04-15,West,Store,Net Banking
O04801,C0902,2025-07-05,West,Online,UPI
O04802,C1950,2025-12-20,South,Online,Debit Card
O04803,C1527,2025-02-19,West,Online,UPI
O04804,C1543,2025-08-14,North,Store,Credit Card
O04805,C0844,2025-05-24,West,Online,Credit Card
O04806,C1874,2025-09-10,East,Store,Credit Card
O04807,C1841,2025-09-11,North,Online,UPI
O04808,C1614,2025-04-14,North,Online,Credit Card
O04809,C1629,2025-10-26,West,Online,UPI
O04810,C1304,2025-02-11,South,Online,UPI
O04811,C0191,2025-11-05,East,Store,UPI
O04812,C0570,2025-04-03,North,Online,Net Banking
O04813,C1538,2025-08-22,East,Store,UPI
O04814,C0654,2025-05-26,West,Online,Credit Card
O04815,C0345,2025-08-29,West,Store,UPI
O04816,C1895,2025-04-25,South,Store,Debit Card
O04817,C0977,2025-08-15,West,Store,Credit Card
O04818,C1722,2025-01-04,West,Online,UPI
O04819,C0569,2025-06-05,East,Store,Cash on Delivery
O04820,C0719,2025-11-08,North,Online,Cash on Delivery
O04821,C0687,2025-07-08,West,Online,UPI
O04822,C0747,2025-07-21,West,Store,Debit Card
O04823,C0876,2025-09-02,South,Online,Net Banking
O04824,C0596,2025-06-28,West,Store,Cash on Delivery
O04825,C1629,2025-11-21,East,Online,UPI
O04826,C0653,2025-06-16,North,Online,Net Banking
O04827,C0884,2025-12-14,West,Store,Credit Card
O04828,C1722,2025-11-24,East,Online,Debit Card
O04829,C0875,2025-06-23,South,Store,Credit Card
O04830,C0022,2025-06-02,East,Store,Debit Card
O04831,C0001,2025-09-20,North,Online,Cash on Delivery
O04832,C0873,2025-10-16,South,Online,UPI
O04833,C1298,2025-03-23,North,Online,UPI
O04834,C1886,2025-04-14,South,Online,Credit Card
O04835,C0262,2025-03-06,North,Store,Credit Card
O04836,C1086,2025-10-18,South,Store,Credit Card
O04837,C0578,2025-10-03,South,Online,Net Banking
O04838,C0901,2025-03-24,North,Online,Debit Card
O04839,C0886,2025-08-03,West,Online,Debit Card
O04840,C0625,2025-10-19,South,Online,UPI
O04841,C0037,2025-12-15,North,Online,UPI
O04842,C0148,2025-03-20,South,Store,Net Banking
O04843,C1045,2025-05-10,West,Online,Credit Card
O04844,C0449,2025-05-26,West,Store,Debit Card
O04845,C0655,2025-09-03,South,Online,UPI
O04846,C0181,2025-03-02,East,Store,Debit Card
O04847,C0100,2025-03-26,West,Store,UPI
O04848,C0254,2025-10-24,South,Store,Net Banking
O04849,C0755,2025-08-05,West,Online,UPI
O04850,C0328,2025-03-12,West,Online,UPI
O04851,C0463,2025-06-11,South,Online,Credit Card
O04852,C0605,2025-03-01,South,Online,UPI
O04853,C0583,2025-06-01,West,Online,Cash on Delivery
O04854,C0023,2025-06-15,North,Store,Credit Card
O04855,C0235,2025-02-20,South,Online,Credit Card
O04856,C1901,2025-01-28,West,Online,UPI
O04857,C1336,2025-11-25,South,Online,Credit Card
O04858,C0248,2025-11-27,South,Store,UPI
O04859,C0568,2025-01-02,North,Online,Debit Card
O04860,C0767,2025-09-08,South,Online,Cash on Delivery
O04861,C1812,2025-02-12,South,Online,Credit Card
O04862,C1760,2025-11-03,South,Store,Net Banking
O04863,C1541,2025-11-25,West,Online,Cash on Delivery
O04864,C0214,2025-08-31,West,Store,Cash on Delivery
O04865,C0981,2025-08-30,West,Online,Debit Card
O04866,C0968,2025-06-04,North,Store,Net Banking
O04867,C1276,2025-04-18,North,Store,Credit Card
O04868,C1690,2025-07-21,South,Store,Credit Card
O04869,C0642,2025-03-01,South,Online,Debit Card
O04870,C1114,2025-09-19,South,Online,UPI
O04871,C0528,2025-07-11,North,Online,UPI
O04872,C0421,2025-03-20,South,Online,Credit Card
O04873,C0627,2025-08-21,South,Online,UPI
O04874,C1472,2025-10-29,West,Store,Credit Card
O04875,C0876,2025-08-22,West,Online,Net Banking
O04876,C1363,2025-08-01,North,Store,Debit Card
O04877,C1383,2025-11-15,West,Store,Debit Card
O04878,C0725,2025-01-05,South,Store,Debit Card
O04879,C1911,2025-08-31,West,Store,UPI
O04880,C0093,2025-06-19,North,Online,UPI
O04881,C1794,2025-03-26,East,Online,UPI
O04882,C0016,2025-12-25,West,Online,Cash on Delivery
O04883,C0765,2025-06-16,West,Store,Net Banking
O04884,C1651,2025-05-21,South,Online,Credit Card
O04885,C1369,2025-03-16,East,Online,Credit Card
O04886,C0644,2025-12-31,North,Store,Cash on Delivery
O04887,C1772,2025-11-17,South,Online,UPI
O04888,C0276,2025-02-01,West,Store,UPI
O04889,C1342,2025-08-14,West,Store,Debit Card
O04890,C1038,2025-03-07,South,Online,Credit Card
O04891,C0415,2025-10-03,North,Online,Cash on Delivery
O04892,C1842,2025-07-16,North,Online,Net Banking
O04893,C1532,2025-02-19,South,Online,Cash on Delivery
O04894,C0017,2025-08-11,East,Store,Debit Card
O04895,C0174,2025-12-04,East,Online,Cash on Delivery
O04896,C0113,2025-05-24,South,Store,Debit Card
O04897,C0831,2025-01-24,West,Store,Credit Card
O04898,C0835,2025-12-15,East,Store,Credit Card
O04899,C1448,2025-03-04,West,Online,Cash on Delivery
O04900,C1352,2025-07-12,East,Online,UPI
O04901,C0031,2025-08-06,South,Online,Credit Card
O04902,C0953,2025-04-13,North,Online,Credit Card
O04903,C1570,2025-03-19,West,Online,Debit Card
O04904,C1796,2025-02-20,South,Online,Debit Card
O04905,C0585,2025-02-01,North,Store,Credit Card
O04906,C0089,2025-07-24,South,Online,Debit Card
O04907,C0306,2025-11-13,South,Online,Credit Card
O04908,C0681,2025-02-26,South,Store,UPI
O04909,C0887,2025-09-28,South,Online,Debit Card
O04910,C0703,2025-06-20,South,Online,UPI
O04911,C0182,2025-01-17,West,Online,Net Banking
O04912,C0681,2025-08-03,South,Online,Cash on Delivery
O04913,C0580,2025-04-19,South,Online,UPI
O04914,C0976,2025-08-27,South,Online,UPI
O04915,C0159,2025-05-27,North,Online,UPI
O04916,C1582,2025-09-17,South,Online,Net Banking
O04917,C0835,2025-12-07,North,Online,UPI
O04918,C0636,2025-04-16,South,Store,Credit Card
O04919,C1814,2025-12-13,South,Store,Credit Card
O04920,C1489,2025-03-31,West,Online,Debit Card
O04921,C0274,2025-02-02,West,Store,Debit Card
O04922,C0293,2025-03-26,West,Store,Credit Card
O04923,C0005,2025-11-04,North,Online,Credit Card
O04924,C1122,2025-09-21,South,Online,Net Banking
O04925,C0710,2025-12-23,South,Online,Credit Card
O04926,C0751,2025-10-01,North,Online,Credit Card
O04927,C1019,2025-06-20,South,Online,UPI
O04928,C1079,2025-11-29,North,Store,UPI
O04929,C0002,2025-12-19,West,Store,Credit Card
O04930,C0216,2025-10-28,South,Online,Credit Card
O04931,C1579,2025-08-10,South,Store,Debit Card
O04932,C1907,2025-11-08,West,Store,Cash on Delivery
O04933,C1675,2025-03-20,West,Store,UPI
O04934,C1813,2025-12-01,East,Store,Credit Card
O04935,C0928,2025-12-31,South,Online,Debit Card
O04936,C1653,2025-09-16,East,Online,UPI
O04937,C1765,2025-03-27,South,Store,Credit Card
O04938,C1786,2025-03-06,South,Online,Credit Card
O04939,C0299,2025-12-19,West,Store,Credit Card
O04940,C0294,2025-11-22,East,Store,UPI
O04941,C0806,2025-10-14,West,Store,UPI
O04942,C1008,2025-12-16,North,Online,UPI
O04943,C1917,2025-07-23,West,Store,Cash on Delivery
O04944,C0636,2025-11-27,East,Online,UPI
O04945,C1664,2025-03-13,North,Store,UPI
O04946,C1775,2025-03-22,North,Online,Debit Card
O04947,C1931,2025-07-26,West,Store,Cash on Delivery
O04948,C0379,2025-05-20,West,Store,UPI
O04949,C0484,2025-06-27,East,Online,Debit Card
O04950,C0440,2025-10-30,West,Online,UPI
O04951,C1471,2025-01-25,South,Online,UPI
O04952,C1374,2025-10-05,East,Online,Cash on Delivery
O04953,C0815,2025-02-09,North,Store,Debit Card
O04954,C0178,2025-11-15,West,Store,Credit Card
O04955,C1042,2025-03-30,North,Online,UPI
O04956,C1465,2025-10-10,South,Online,Credit Card
O04957,C0949,2025-08-23,West,Online,UPI
O04958,C0537,2025-06-10,South,Online,Credit Card
O04959,C1185,2025-04-25,East,Store,Debit Card
O04960,C1322,2025-01-27,North,Online,Credit Card
O04961,C1183,2025-05-28,North,Online,Debit Card
O04962,C1747,2025-03-29,South,Store,UPI
O04963,C0628,2025-03-02,East,Online,Debit Card
O04964,C1220,2025-10-11,West,Store,Cash on Delivery
O04965,C1711,2025-04-03,West,Online,Cash on Delivery
O04966,C0426,2025-04-07,East,Online,UPI
O04967,C0564,2025-05-23,North,Online,UPI
O04968,C0099,2025-07-08,East,Online,Credit Card
O04969,C0750,2025-07-26,North,Store,Credit Card
O04970,C0090,2025-09-16,South,Online,Net Banking
O04971,C1493,2025-08-21,West,Online,Credit Card
O04972,C0178,2025-07-15,East,Online,Credit Card
O04973,C1385,2025-06-13,West,Online,UPI
O04974,C1160,2025-04-24,North,Store,Cash on Delivery
O04975,C1976,2025-10-01,South,Online,UPI
O04976,C0697,2025-05-15,West,Store,Cash on Delivery
O04977,C0690,2025-11-15,North,Store,Net Banking
O04978,C0487,2025-08-21,East,Store,UPI
O04979,C1075,2025-09-06,South,Online,Net Banking
O04980,C0439,2025-07-25,South,Online,Credit Card
O04981,C0227,2025-12-10,South,Online,UPI
O04982,C1898,2025-06-23,South,Store,Credit Card
O04983,C1359,2025-06-25,North,Online,Cash on Delivery
O04984,C0238,2025-11-29,West,Online,Credit Card
O04985,C1237,2025-08-27,South,Online,UPI
O04986,C0610,2025-07-03,North,Online,Credit Card
O04987,C0361,2025-04-23,North,Online,Credit Card
O04988,C0943,2025-04-16,West,Online,UPI
O04989,C1576,2025-10-31,East,Online,UPI
O04990,C0001,2025-04-30,West,Store,UPI
O04991,C0711,2025-01-03,South,Online,Credit Card
O04992,C1842,2025-01-09,East,Store,Debit Card
O04993,C0789,2025-12-25,South,Online,Debit Card
O04994,C0199,2025-08-11,East,Store,UPI
O04995,C0858,2025-07-17,West,Store,Net Banking
O04996,C1365,2025-12-07,East,Online,Credit Card
O04997,C1993,2025-05-28,South,Online,UPI
O04998,C1258,2025-10-29,West,Store,Cash on Delivery
O04999,C0102,2025-10-05,East,Online,Debit Card
O05000,C1619,2025-07-13,North,Online,Credit Card
O05001,C1561,2025-10-22,East,Store,UPI
O05002,C1303,2025-12-21,South,Online,UPI
O05003,C1794,2025-03-29,West,Online,Credit Card
O05004,C1539,2025-01-09,West,Store,Net Banking
O05005,C0465,2025-11-06,South,Store,Debit Card
O05006,C0843,2025-06-16,West,Online,UPI
O05007,C1015,2025-08-06,North,Online,Debit Card
O05008,C0978,2025-04-07,West,Online,Credit Card
O05009,C1278,2025-11-13,South,Store,UPI
O05010,C1404,2025-10-05,North,Store,Net Banking
O05011,C0208,2025-12-17,East,Store,Credit Card
O05012,C1137,2025-07-13,West,Online,Debit Card
O05013,C0078,2025-12-24,North,Online,UPI
O05014,C1024,2025-07-25,East,Online,UPI
O05015,C0845,2025-09-02,South,Online,Credit Card
O05016,C0412,2025-09-19,North,Online,Credit Card
O05017,C1982,2025-07-18,East,Online,Credit Card
O05018,C0517,2025-08-13,North,Store,Debit Card
O05019,C0113,2025-04-07,South,Store,Debit Card
O05020,C0717,2025-06-01,West,Store,Debit Card
O05021,C1515,2025-09-29,North,Online,UPI
O05022,C0019,2025-01-18,West,Store,Credit Card
O05023,C0986,2025-09-28,South,Online,Debit Card
O05024,C0835,2025-05-09,South,Online,Credit Card
O05025,C1732,2025-04-27,North,Online,UPI
O05026,C0006,2025-09-26,West,Store,Cash on Delivery
O05027,C0035,2025-04-04,East,Online,UPI
O05028,C1131,2025-12-20,West,Store,Cash on Delivery
O05029,C0359,2025-12-29,North,Online,Net Banking
O05030,C1409,2025-07-06,South,Store,Debit Card
O05031,C0557,2025-06-15,North,Store,UPI
O05032,C1125,2025-02-05,East,Store,Credit Card
O05033,C0076,2025-10-24,West,Online,UPI
O05034,C1388,2025-03-13,South,Online,Cash on Delivery
O05035,C1037,2025-12-11,East,Online,UPI
O05036,C0001,2025-12-29,North,Store,Credit Card
O05037,C0532,2025-02-24,West,Store,Debit Card
O05038,C0119,2025-09-22,West,Store,UPI
O05039,C0090,2025-07-09,East,Store,Credit Card
O05040,C1397,2025-08-05,North,Store,Debit Card
O05041,C0856,2025-03-20,West,Store,UPI
O05042,C1606,2025-10-06,West,Online,UPI
O05043,C0516,2025-03-15,South,Online,Credit Card
O05044,C1436,2025-11-26,North,Online,Credit Card
O05045,C1231,2025-07-05,North,Online,Credit Card
O05046,C1327,2025-09-06,West,Online,UPI
O05047,C1657,2025-12-08,South,Store,Credit Card
O05048,C1415,2025-10-11,South,Store,UPI
O05049,C1492,2025-08-05,South,Store,UPI
O05050,C1480,2025-06-16,East,Store,Credit Card
O05051,C0895,2025-07-08,North,Store,Credit Card
O05052,C1449,2025-05-24,West,Store,Credit Card
O05053,C1685,2025-12-15,South,Online,UPI
O05054,C1477,2025-04-19,South,Store,Debit Card
O05055,C1216,2025-06-18,North,Online,UPI
O05056,C0149,2025-10-24,South,Store,UPI
O05057,C0874,2025-06-02,South,Online,Net Banking
O05058,C0127,2025-11-27,East,Online,Cash on Delivery
O05059,C0208,2025-04-15,West,Online,Cash on Delivery
O05060,C0723,2025-01-15,North,Store,Debit Card
O05061,C0929,2025-09-04,South,Store,UPI
O05062,C1056,2025-07-24,South,Online,Net Banking
O05063,C1801,2025-12-11,East,Online,Debit Card
O05064,C1526,2025-06-24,North,Store,Cash on Delivery
O05065,C0846,2025-03-02,North,Online,Credit Card
O05066,C0670,2025-05-19,West,Store,Credit Card
O05067,C1426,2025-06-12,South,Store,UPI
O05068,C0551,2025-08-20,West,Store,UPI
O05069,C1768,2025-04-28,South,Online,Debit Card
O05070,C1563,2025-08-08,South,Store,Cash on Delivery
O05071,C1366,2025-12-03,West,Store,Credit Card
O05072,C0499,2025-06-24,South,Online,UPI
O05073,C1244,2025-09-12,South,Store,Credit Card
O05074,C1642,2025-04-10,South,Online,UPI
O05075,C0144,2025-10-31,South,Store,Cash on Delivery
O05076,C0355,2025-04-26,East,Online,UPI
O05077,C1031,2025-08-18,East,Online,UPI
O05078,C0719,2025-05-08,South,Online,Credit Card
O05079,C1420,2025-01-31,South,Store,Credit Card
O05080,C0803,2025-05-15,North,Online,Debit Card
O05081,C1994,2025-04-03,South,Online,Credit Card
O05082,C0600,2025-11-29,North,Online,Net Banking
O05083,C0721,2025-04-25,South,Store,Debit Card
O05084,C0007,2025-12-24,North,Online,UPI
O05085,C0495,2025-07-19,South,Store,UPI
O05086,C0472,2025-04-06,North,Online,Credit Card
O05087,C1526,2025-06-12,West,Store,Credit Card
O05088,C0676,2025-03-22,South,Store,Credit Card
O05089,C0407,2025-11-10,West,Store,UPI
O05090,C0628,2025-02-23,West,Online,UPI
O05091,C1126,2025-11-23,East,Online,UPI
O05092,C1572,2025-01-22,West,Online,Debit Card
O05093,C1958,2025-05-08,South,Online,Debit Card
O05094,C0095,2025-03-04,West,Online,UPI
O05095,C1682,2025-09-23,South,Online,Credit Card
O05096,C0778,2025-07-26,East,Store,Cash on Delivery
O05097,C1617,2025-12-13,North,Store,UPI
O05098,C0076,2025-06-02,South,Online,UPI
O05099,C1253,2025-01-19,West,Store,Credit Card
O05100,C1862,2025-10-18,North,Store,UPI
O05101,C0079,2025-08-18,South,Store,UPI
O05102,C1581,2025-11-08,North,Online,Cash on Delivery
O05103,C0229,2025-06-25,West,Online,Debit Card
O05104,C1965,2025-10-11,West,Online,Debit Card
O05105,C1489,2025-03-17,West,Online,Cash on Delivery
O05106,C1821,2025-12-31,West,Online,UPI
O05107,C1796,2025-03-18,North,Online,Net Banking
O05108,C0632,2025-11-09,West,Online,Cash on Delivery
O05109,C0832,2025-04-03,North,Store,Credit Card
O05110,C1384,2025-10-25,West,Online,Cash on Delivery
O05111,C0350,2025-11-19,North,Online,Net Banking
O05112,C0614,2025-11-24,South,Online,UPI
O05113,C0199,2025-07-13,West,Store,Credit Card
O05114,C1777,2025-06-26,West,Store,Debit Card
O05115,C0496,2025-11-10,South,Store,Credit Card
O05116,C0822,2025-08-18,South,Online,Credit Card
O05117,C0906,2025-09-02,West,Online,UPI
O05118,C0752,2025-04-12,South,Online,UPI
O05119,C1556,2025-07-02,West,Online,UPI
O05120,C1829,2025-06-03,West,Online,Credit Card
O05121,C1146,2025-09-17,North,Store,UPI
O05122,C1674,2025-03-27,East,Online,UPI
O05123,C0222,2025-06-17,East,Online,Cash on Delivery
O05124,C1933,2025-11-15,East,Store,Credit Card
O05125,C0232,2025-08-07,East,Store,Cash on Delivery
O05126,C0133,2025-11-30,South,Store,UPI
O05127,C0045,2025-04-11,South,Online,Credit Card
O05128,C0487,2025-06-30,South,Online,Debit Card
O05129,C1675,2025-07-22,South,Online,Cash on Delivery
O05130,C0602,2025-06-15,North,Online,Debit Card
O05131,C1582,2025-09-23,East,Online,Cash on Delivery
O05132,C0849,2025-03-07,West,Store,UPI
O05133,C0208,2025-07-28,East,Online,UPI
O05134,C0947,2025-03-03,North,Online,Net Banking
O05135,C0465,2025-09-04,West,Online,Credit Card
O05136,C0583,2025-11-09,South,Store,UPI
O05137,C1035,2025-01-10,East,Online,UPI
O05138,C1581,2025-07-06,North,Online,Debit Card
O05139,C1174,2025-07-19,West,Store,UPI
O05140,C0447,2025-10-05,South,Online,Credit Card
O05141,C1435,2025-02-03,North,Store,UPI
O05142,C1394,2025-06-17,North,Online,UPI
O05143,C0475,2025-10-26,West,Store,Credit Card
O05144,C1704,2025-08-02,East,Online,UPI
O05145,C1687,2025-10-14,West,Online,Debit Card
O05146,C1208,2025-06-01,East,Online,UPI
O05147,C0593,2025-12-07,North,Store,Debit Card
O05148,C0709,2025-02-05,North,Online,Credit Card
O05149,C0879,2025-02-11,East,Store,Credit Card
O05150,C0376,2025-08-01,North,Online,Debit Card
O05151,C0612,2025-07-11,South,Store,Credit Card
O05152,C0269,2025-09-07,East,Online,UPI
O05153,C0310,2025-04-10,West,Online,UPI
O05154,C1489,2025-04-08,South,Store,Credit Card
O05155,C0257,2025-10-14,North,Online,UPI
O05156,C0939,2025-05-05,West,Store,Debit Card
O05157,C0859,2025-10-07,West,Store,Credit Card
O05158,C0093,2025-09-08,West,Online,UPI
O05159,C1663,2025-02-07,South,Store,UPI
O05160,C1968,2025-10-02,South,Online,UPI
O05161,C1277,2025-11-25,North,Store,UPI
O05162,C1343,2025-11-05,South,Store,Credit Card
O05163,C0466,2025-01-05,North,Online,UPI
O05164,C1689,2025-08-04,West,Online,Credit Card
O05165,C1569,2025-12-05,South,Store,UPI
O05166,C0877,2025-08-25,South,Online,Cash on Delivery
O05167,C1412,2025-05-04,West,Online,Credit Card
O05168,C1911,2025-03-27,East,Store,Net Banking
O05169,C1206,2025-09-23,East,Online,Credit Card
O05170,C0400,2025-10-21,West,Online,UPI
O05171,C0661,2025-12-05,South,Store,Credit Card
O05172,C0371,2025-12-03,West,Store,Credit Card
O05173,C0664,2025-05-23,West,Store,Debit Card
O05174,C1781,2025-08-27,West,Online,Cash on Delivery
O05175,C0380,2025-02-15,West,Store,UPI
O05176,C1784,2025-02-12,North,Online,UPI
O05177,C0571,2025-02-02,South,Online,Debit Card
O05178,C0999,2025-12-09,East,Online,UPI
O05179,C1057,2025-03-09,West,Store,Net Banking
O05180,C0252,2025-07-15,South,Online,Debit Card
O05181,C0369,2025-06-27,East,Online,Net Banking
O05182,C0611,2025-05-17,West,Online,UPI
O05183,C0120,2025-08-04,South,Store,UPI
O05184,C1509,2025-01-02,South,Online,Credit Card
O05185,C1093,2025-06-08,North,Store,Credit Card
O05186,C1692,2025-07-14,West,Online,Net Banking
O05187,C1727,2025-11-01,West,Online,Credit Card
O05188,C0696,2025-09-28,South,Online,Credit Card
O05189,C1635,2025-11-15,South,Store,UPI
O05190,C0123,2025-06-06,West,Store,Credit Card
O05191,C0860,2025-03-04,West,Online,Credit Card
O05192,C1332,2025-06-15,West,Online,Credit Card
O05193,C0933,2025-12-20,West,Online,UPI
O05194,C1479,2025-04-04,North,Online,Debit Card
O05195,C1718,2025-03-18,North,Store,Net Banking
O05196,C0849,2025-12-15,West,Online,UPI
O05197,C0549,2025-12-16,West,Store,UPI
O05198,C1167,2025-03-08,South,Online,Debit Card
O05199,C1737,2025-10-21,West,Online,Debit Card
O05200,C1975,2025-06-26,South,Online,UPI
O05201,C1632,2025-07-19,North,Online,UPI
O05202,C0490,2025-07-21,West,Store,Debit Card
O05203,C0411,2025-12-22,West,Online,Credit Card
O05204,C1146,2025-03-22,East,Store,Credit Card
O05205,C0805,2025-10-22,West,Online,UPI
O05206,C1222,2025-01-03,South,Online,Debit Card
O05207,C1847,2025-09-04,East,Online,UPI
O05208,C1099,2025-09-12,West,Online,Credit Card
O05209,C0712,2025-10-16,West,Online,Debit Card
O05210,C1739,2025-12-09,South,Online,Credit Card
O05211,C0879,2025-10-16,West,Store,UPI
O05212,C1211,2025-10-09,West,Store,UPI
O05213,C0271,2025-04-20,North,Online,Debit Card
O05214,C1016,2025-12-29,North,Store,Net Banking
O05215,C0853,2025-07-10,West,Online,Cash on Delivery
O05216,C0247,2025-06-21,North,Store,Net Banking
O05217,C0424,2025-07-22,North,Store,Debit Card
O05218,C1407,2025-06-13,South,Online,Net Banking
O05219,C0362,2025-08-23,West,Store,Credit Card
O05220,C0265,2025-05-27,South,Online,Net Banking
O05221,C0116,2025-04-14,South,Online,Credit Card
O05222,C0054,2025-12-10,North,Store,Debit Card
O05223,C0869,2025-12-10,North,Store,UPI
O05224,C0978,2025-07-20,East,Online,Credit Card
O05225,C1249,2025-12-20,West,Online,Credit Card
O05226,C1145,2025-06-21,South,Online,Credit Card
O05227,C1074,2025-06-10,South,Online,Debit Card
O05228,C1999,2025-12-06,South,Online,Net Banking
O05229,C0500,2025-09-06,West,Online,Net Banking
O05230,C1425,2025-10-19,West,Store,Credit Card
O05231,C0160,2025-06-20,North,Store,Debit Card
O05232,C1698,2025-06-18,South,Store,Credit Card
O05233,C0726,2025-02-07,South,Online,Credit Card
O05234,C0693,2025-12-21,South,Online,Cash on Delivery
O05235,C0271,2025-04-09,North,Online,UPI
O05236,C1018,2025-07-19,South,Online,Net Banking
O05237,C0800,2025-02-21,South,Store,UPI
O05238,C1949,2025-09-10,West,Online,Net Banking
O05239,C0357,2025-06-12,South,Store,Debit Card
O05240,C0835,2025-10-20,West,Online,Credit Card
O05241,C1801,2025-07-31,North,Online,UPI
O05242,C1615,2025-02-27,South,Online,UPI
O05243,C1530,2025-01-05,South,Online,UPI
O05244,C1052,2025-04-03,South,Online,Debit Card
O05245,C1747,2025-10-06,South,Store,Debit Card
O05246,C0448,2025-11-09,East,Online,UPI
O05247,C1620,2025-05-24,North,Online,Credit Card
O05248,C1161,2025-08-03,West,Online,UPI
O05249,C0700,2025-04-14,West,Online,Debit Card
O05250,C0437,2025-11-25,South,Store,Credit Card
O05251,C1044,2025-12-21,West,Store,Debit Card
O05252,C0007,2025-10-15,South,Online,Debit Card
O05253,C1430,2025-02-10,North,Store,UPI
O05254,C0472,2025-06-29,North,Online,Credit Card
O05255,C0779,2025-12-29,South,Store,Credit Card
O05256,C0387,2025-04-10,North,Online,Cash on Delivery
O05257,C0931,2025-09-18,South,Store,UPI
O05258,C0742,2025-12-13,South,Store,Credit Card
O05259,C0376,2025-10-22,South,Online,Debit Card
O05260,C1778,2025-08-28,South,Online,Credit Card
O05261,C1519,2025-07-24,South,Online,UPI
O05262,C0776,2025-12-10,East,Online,Credit Card
O05263,C0116,2025-06-13,South,Online,UPI
O05264,C1691,2025-12-01,West,Online,Debit Card
O05265,C1394,2025-06-26,South,Online,Net Banking
O05266,C1112,2025-10-17,South,Online,Cash on Delivery
O05267,C1210,2025-12-06,South,Store,Credit Card
O05268,C0016,2025-08-08,South,Online,UPI
O05269,C0948,2025-05-12,South,Online,Credit Card
O05270,C0378,2025-01-24,South,Online,UPI
O05271,C1303,2025-11-03,South,Store,Debit Card
O05272,C1863,2025-09-02,North,Online,UPI
O05273,C1062,2025-04-23,East,Online,UPI
O05274,C1209,2025-11-24,South,Online,UPI
O05275,C1335,2025-12-07,North,Online,UPI
O05276,C1860,2025-11-27,North,Store,Debit Card
O05277,C0077,2025-08-26,West,Online,Cash on Delivery
O05278,C0621,2025-12-24,North,Online,Debit Card
O05279,C0537,2025-11-23,West,Online,UPI
O05280,C1434,2025-02-16,East,Online,Credit Card
O05281,C0896,2025-12-26,South,Online,Debit Card
O05282,C1545,2025-08-08,West,Online,Net Banking
O05283,C0945,2025-12-07,North,Store,Debit Card
O05284,C1952,2025-10-18,East,Online,UPI
O05285,C1534,2025-09-11,West,Online,Debit Card
O05286,C0037,2025-05-18,East,Online,UPI
O05287,C1977,2025-01-13,North,Store,Credit Card
O05288,C1905,2025-04-29,North,Online,Cash on Delivery
O05289,C0087,2025-09-23,North,Store,Net Banking
O05290,C0784,2025-11-20,North,Store,UPI
O05291,C1942,2025-01-02,West,Store,Debit Card
O05292,C1676,2025-04-01,North,Online,Credit Card
O05293,C0937,2025-09-19,South,Store,UPI
O05294,C1090,2025-05-01,East,Store,Net Banking
O05295,C0060,2025-03-04,North,Store,Net Banking
O05296,C1130,2025-02-07,North,Online,UPI
O05297,C1333,2025-09-07,South,Online,Net Banking
O05298,C0719,2025-08-24,South,Online,UPI
O05299,C0614,2025-11-18,South,Store,Credit Card
O05300,C1657,2025-05-14,South,Store,Cash on Delivery
O05301,C0898,2025-03-02,North,Online,Net Banking
O05302,C0529,2025-10-30,East,Store,Credit Card
O05303,C0750,2025-12-28,North,Online,Credit Card
O05304,C0985,2025-05-31,West,Store,Debit Card
O05305,C0519,2025-11-20,East,Online,Cash on Delivery
O05306,C1121,2025-10-19,East,Store,UPI
O05307,C1723,2025-12-05,North,Online,UPI
O05308,C1486,2025-06-24,West,Store,Credit Card
O05309,C0463,2025-02-15,North,Online,Credit Card
O05310,C0944,2025-02-22,West,Online,UPI
O05311,C1088,2025-10-19,South,Store,Debit Card
O05312,C1361,2025-11-20,West,Online,UPI
O05313,C1513,2025-07-06,North,Online,Cash on Delivery
O05314,C0971,2025-01-28,South,Online,UPI
O05315,C0631,2025-01-31,East,Store,Net Banking
O05316,C1319,2025-08-25,East,Store,Cash on Delivery
O05317,C0252,2025-12-07,West,Online,Credit Card
O05318,C1349,2025-06-15,South,Store,UPI
O05319,C1793,2025-09-12,South,Online,Net Banking
O05320,C1419,2025-08-05,North,Store,Credit Card
O05321,C0868,2025-11-28,North,Online,Credit Card
O05322,C1647,2025-11-10,West,Online,UPI
O05323,C1065,2025-03-29,South,Online,Credit Card
O05324,C1082,2025-09-21,South,Online,Credit Card
O05325,C1705,2025-11-15,South,Store,Debit Card
O05326,C0387,2025-12-10,North,Online,Cash on Delivery
O05327,C1560,2025-08-22,West,Store,Credit Card
O05328,C1360,2025-03-19,South,Store,UPI
O05329,C1059,2025-08-11,West,Store,Credit Card
O05330,C0155,2025-09-17,East,Store,UPI
O05331,C1532,2025-04-27,West,Store,UPI
O05332,C0438,2025-12-23,South,Store,Credit Card
O05333,C1791,2025-04-10,West,Store,UPI
O05334,C1585,2025-12-05,East,Online,UPI
O05335,C0728,2025-06-24,South,Store,UPI
O05336,C0871,2025-01-01,South,Store,UPI
O05337,C0052,2025-08-06,West,Online,Net Banking
O05338,C0997,2025-09-04,South,Online,Credit Card
O05339,C0116,2025-11-21,East,Online,Cash on Delivery
O05340,C1975,2025-08-05,North,Store,Net Banking
O05341,C1281,2025-02-12,South,Store,Net Banking
O05342,C0471,2025-12-09,East,Online,UPI
O05343,C1608,2025-08-13,North,Online,Credit Card
O05344,C0040,2025-04-27,West,Store,Credit Card
O05345,C1099,2025-12-01,South,Online,Credit Card
O05346,C0223,2025-02-24,North,Store,UPI
O05347,C0109,2025-02-13,East,Online,UPI
O05348,C0490,2025-08-03,South,Online,Debit Card
O05349,C0589,2025-09-03,West,Online,Debit Card
O05350,C1452,2025-07-25,East,Online,Credit Card
O05351,C1782,2025-12-10,West,Online,UPI
O05352,C1552,2025-04-23,South,Online,Credit Card
O05353,C1480,2025-12-29,South,Store,Debit Card
O05354,C1131,2025-01-09,North,Store,Debit Card
O05355,C0743,2025-02-23,North,Store,Net Banking
O05356,C0511,2025-03-23,South,Online,Credit Card
O05357,C1892,2025-02-06,South,Online,Credit Card
O05358,C1044,2025-06-29,West,Online,Credit Card
O05359,C1129,2025-11-20,North,Store,UPI
O05360,C0030,2025-11-06,South,Online,Credit Card
O05361,C0916,2025-10-13,West,Store,Net Banking
O05362,C1364,2025-01-04,West,Store,Debit Card
O05363,C0991,2025-11-20,South,Online,Debit Card
O05364,C1229,2025-06-14,South,Online,UPI
O05365,C1620,2025-10-08,East,Store,Debit Card
O05366,C0044,2025-10-07,East,Store,UPI
O05367,C1809,2025-03-19,South,Online,Credit Card
O05368,C1635,2025-07-27,East,Store,Credit Card
O05369,C0840,2025-12-09,North,Online,UPI
O05370,C1527,2025-04-23,East,Store,UPI
O05371,C0134,2025-10-03,East,Online,UPI
O05372,C0617,2025-12-19,West,Store,UPI
O05373,C0216,2025-05-31,West,Online,Credit Card
O05374,C1271,2025-06-10,South,Store,Debit Card
O05375,C1713,2025-07-04,West,Store,UPI
O05376,C1203,2025-11-02,West,Online,UPI
O05377,C1424,2025-06-29,North,Online,Credit Card
O05378,C0287,2025-07-16,South,Online,UPI
O05379,C1869,2025-04-07,North,Store,Net Banking
O05380,C0387,2025-12-28,East,Store,Net Banking
O05381,C1053,2025-11-29,South,Online,Debit Card
O05382,C1367,2025-08-25,North,Online,Debit Card
O05383,C1714,2025-12-20,North,Store,Debit Card
O05384,C1868,2025-09-24,West,Store,Credit Card
O05385,C1198,2025-12-19,East,Online,Debit Card
O05386,C1153,2025-03-13,West,Store,Credit Card
O05387,C0835,2025-04-08,South,Online,Credit Card
O05388,C1136,2025-11-26,West,Online,Net Banking
O05389,C1350,2025-06-22,West,Store,Net Banking
O05390,C1294,2025-06-04,South,Store,Credit Card
O05391,C1185,2025-10-16,North,Online,Cash on Delivery
O05392,C0882,2025-09-05,West,Online,Credit Card
O05393,C0392,2025-05-25,West,Online,Credit Card
O05394,C0109,2025-06-14,West,Online,Credit Card
O05395,C0842,2025-06-18,West,Store,Net Banking
O05396,C0794,2025-02-26,West,Online,Cash on Delivery
O05397,C1217,2025-04-10,West,Online,Debit Card
O05398,C1801,2025-08-04,South,Store,Credit Card
O05399,C1404,2025-10-25,North,Online,Credit Card
O05400,C1610,2025-06-22,East,Online,UPI
O05401,C1157,2025-06-09,West,Store,Debit Card
O05402,C1855,2025-09-12,North,Online,Cash on Delivery
O05403,C1880,2025-03-11,East,Online,Net Banking
O05404,C0306,2025-06-08,South,Online,Credit Card
O05405,C1279,2025-04-01,South,Store,Credit Card
O05406,C1012,2025-09-12,South,Store,Credit Card
O05407,C1945,2025-02-20,West,Online,UPI
O05408,C1170,2025-07-03,South,Online,Cash on Delivery
O05409,C0032,2025-08-24,West,Store,UPI
O05410,C0420,2025-11-10,West,Online,Net Banking
O05411,C0260,2025-10-06,South,Online,Credit Card
O05412,C0402,2025-12-14,West,Online,Debit Card
O05413,C0192,2025-09-21,South,Online,Cash on Delivery
O05414,C1565,2025-05-27,West,Store,Debit Card
O05415,C0989,2025-04-11,South,Online,Debit Card
O05416,C1344,2025-01-26,South,Online,UPI
O05417,C2000,2025-04-29,South,Store,UPI
O05418,C1295,2025-03-02,North,Store,Credit Card
O05419,C0959,2025-06-03,South,Online,Credit Card
O05420,C0534,2025-09-29,North,Store,Debit Card
O05421,C1510,2025-09-25,North,Store,Credit Card
O05422,C1014,2025-05-15,West,Online,UPI
O05423,C1514,2025-07-24,South,Store,Net Banking
O05424,C0047,2025-04-05,West,Store,Net Banking
O05425,C0327,2025-07-22,South,Online,Cash on Delivery
O05426,C0260,2025-07-25,North,Store,UPI
O05427,C1363,2025-05-08,North,Store,UPI
O05428,C1037,2025-04-22,West,Online,UPI
O05429,C0634,2025-12-25,South,Online,Cash on Delivery
O05430,C0620,2025-08-04,North,Store,Debit Card
O05431,C1214,2025-08-12,West,Online,Cash on Delivery
O05432,C1932,2025-01-04,South,Online,Net Banking
O05433,C1991,2025-03-21,North,Store,UPI
O05434,C0943,2025-05-30,South,Store,Credit Card
O05435,C1342,2025-12-21,East,Online,Credit Card
O05436,C0168,2025-03-19,North,Online,Credit Card
O05437,C1891,2025-05-09,South,Store,Cash on Delivery
O05438,C0036,2025-12-29,South,Store,UPI
O05439,C0685,2025-07-15,West,Online,Net Banking
O05440,C1451,2025-05-15,North,Online,UPI
O05441,C1940,2025-09-06,South,Online,Debit Card
O05442,C0344,2025-07-20,South,Online,UPI
O05443,C1323,2025-12-19,North,Online,Credit Card
O05444,C0376,2025-02-07,South,Online,Debit Card
O05445,C0101,2025-10-28,South,Online,Credit Card
O05446,C0848,2025-04-30,North,Store,Cash on Delivery
O05447,C1154,2025-11-02,West,Store,Debit Card
O05448,C0529,2025-11-15,West,Store,UPI
O05449,C1947,2025-11-15,South,Online,Credit Card
O05450,C1234,2025-11-21,West,Store,UPI
O05451,C0877,2025-10-04,West,Online,UPI
O05452,C0972,2025-03-05,West,Online,UPI
O05453,C0929,2025-01-24,East,Store,UPI
O05454,C0223,2025-05-24,South,Store,Net Banking
O05455,C1213,2025-07-20,West,Store,Cash on Delivery
O05456,C1570,2025-05-09,East,Online,UPI
O05457,C0843,2025-10-12,South,Store,Net Banking
O05458,C0852,2025-10-05,East,Online,UPI
O05459,C1821,2025-12-23,West,Store,Credit Card
O05460,C1222,2025-06-15,South,Online,UPI
O05461,C0596,2025-10-26,South,Store,UPI
O05462,C0008,2025-10-12,South,Store,Credit Card
O05463,C1647,2025-12-28,East,Online,Debit Card
O05464,C1253,2025-10-22,East,Store,Credit Card
O05465,C1253,2025-05-01,West,Store,Net Banking
O05466,C0566,2025-01-08,South,Online,UPI
O05467,C0373,2025-12-22,West,Online,Credit Card
O05468,C0989,2025-10-03,West,Online,UPI
O05469,C1516,2025-11-04,South,Online,UPI
O05470,C0596,2025-10-28,South,Online,UPI
O05471,C1055,2025-10-10,West,Store,UPI
O05472,C1993,2025-10-15,West,Online,Net Banking
O05473,C0439,2025-12-10,North,Online,Credit Card
O05474,C0462,2025-12-05,West,Store,Debit Card
O05475,C0472,2025-06-07,South,Store,UPI
O05476,C1826,2025-01-15,South,Online,UPI
O05477,C1058,2025-01-18,North,Store,Credit Card
O05478,C1836,2025-07-02,North,Online,UPI
O05479,C1896,2025-11-11,South,Store,UPI
O05480,C0843,2025-11-15,East,Online,UPI
O05481,C0110,2025-06-17,North,Online,Cash on Delivery
O05482,C0609,2025-05-08,South,Store,Credit Card
O05483,C1088,2025-07-24,South,Online,UPI
O05484,C0763,2025-11-10,East,Online,Credit Card
O05485,C0005,2025-09-07,West,Online,Net Banking
O05486,C1979,2025-03-04,South,Online,UPI
O05487,C0607,2025-06-01,West,Store,UPI
O05488,C1238,2025-08-10,South,Online,Cash on Delivery
O05489,C1894,2025-08-04,North,Online,Net Banking
O05490,C1090,2025-11-09,North,Store,Credit Card
O05491,C1389,2025-12-11,North,Online,UPI
O05492,C0072,2025-02-15,West,Online,UPI
O05493,C1394,2025-04-08,North,Online,Net Banking
O05494,C1696,2025-06-12,South,Store,Debit Card
O05495,C1837,2025-05-06,East,Online,Credit Card
O05496,C0168,2025-06-18,South,Online,UPI
O05497,C0457,2025-01-19,South,Online,UPI
O05498,C0094,2025-01-31,East,Online,Debit Card
O05499,C1836,2025-11-12,East,Store,Debit Card
O05500,C0550,2025-02-16,West,Store,Credit Card
O05501,C1064,2025-11-07,West,Store,Debit Card
O05502,C0952,2025-05-10,South,Store,Debit Card
O05503,C1378,2025-05-11,North,Online,Debit Card
O05504,C1791,2025-02-15,South,Online,UPI
O05505,C0648,2025-01-07,South,Online,Cash on Delivery
O05506,C1581,2025-05-29,West,Online,UPI
O05507,C0582,2025-11-11,East,Online,Credit Card
O05508,C0396,2025-12-07,East,Online,UPI
O05509,C0213,2025-01-29,East,Online,Debit Card
O05510,C0745,2025-01-15,North,Store,Credit Card
O05511,C1121,2025-03-12,South,Online,UPI
O05512,C1561,2025-10-20,South,Online,Credit Card
O05513,C1697,2025-03-31,West,Online,Credit Card
O05514,C1055,2025-04-10,South,Online,Credit Card
O05515,C0818,2025-11-28,North,Online,UPI
O05516,C0349,2025-11-23,West,Online,UPI
O05517,C1829,2025-09-18,East,Online,Cash on Delivery
O05518,C0793,2025-03-14,West,Online,UPI
O05519,C1530,2025-06-08,West,Online,Credit Card
O05520,C1252,2025-04-13,North,Store,UPI
O05521,C1863,2025-09-19,West,Store,Debit Card
O05522,C1947,2025-10-24,South,Online,Credit Card
O05523,C1414,2025-03-05,North,Online,Debit Card
O05524,C1324,2025-11-30,West,Online,Debit Card
O05525,C0275,2025-07-08,South,Online,Credit Card
O05526,C0033,2025-10-29,West,Online,Cash on Delivery
O05527,C1093,2025-01-24,East,Online,Debit Card
O05528,C1411,2025-05-31,South,Online,Debit Card
O05529,C1493,2025-01-07,West,Store,Debit Card
O05530,C0502,2025-10-04,South,Online,Credit Card
O05531,C1007,2025-02-05,West,Online,Debit Card
O05532,C1725,2025-05-23,East,Store,Debit Card
O05533,C0192,2025-10-25,South,Store,Net Banking
O05534,C0768,2025-10-14,North,Store,Cash on Delivery
O05535,C1890,2025-09-08,North,Online,Credit Card
O05536,C0400,2025-09-26,South,Store,Debit Card
O05537,C0634,2025-09-12,North,Store,UPI
O05538,C0936,2025-09-08,East,Online,Net Banking
O05539,C1377,2025-05-27,East,Online,Debit Card
O05540,C0511,2025-01-13,West,Online,Cash on Delivery
O05541,C1585,2025-06-30,South,Store,Debit Card
O05542,C0472,2025-01-21,South,Online,Debit Card
O05543,C0737,2025-07-10,South,Store,UPI
O05544,C1147,2025-07-08,West,Online,Debit Card
O05545,C0025,2025-03-20,West,Online,Credit Card
O05546,C1535,2025-10-26,North,Online,Credit Card
O05547,C1338,2025-09-29,North,Online,Credit Card
O05548,C1670,2025-08-11,South,Store,UPI
O05549,C0550,2025-12-09,East,Online,Net Banking
O05550,C0796,2025-05-03,South,Online,Credit Card
O05551,C1798,2025-04-23,South,Store,UPI
O05552,C0134,2025-03-22,North,Online,Debit Card
O05553,C0983,2025-08-06,South,Online,UPI
O05554,C0968,2025-03-31,South,Online,UPI
O05555,C0895,2025-11-21,East,Store,Credit Card
O05556,C0868,2025-05-10,East,Online,UPI
O05557,C1495,2025-07-18,North,Online,Net Banking
O05558,C0394,2025-08-01,South,Store,Debit Card
O05559,C1783,2025-05-11,South,Online,Debit Card
O05560,C1793,2025-10-11,South,Online,Debit Card
O05561,C0359,2025-09-25,South,Online,Credit Card
O05562,C1949,2025-10-18,East,Online,Debit Card
O05563,C0525,2025-08-27,South,Online,Debit Card
O05564,C0104,2025-07-07,North,Online,Credit Card
O05565,C0797,2025-07-03,South,Store,Credit Card
O05566,C1592,2025-10-04,West,Online,UPI
O05567,C1690,2025-06-06,South,Store,UPI
O05568,C1292,2025-06-29,South,Online,UPI
O05569,C1623,2025-03-14,South,Online,Debit Card
O05570,C0523,2025-09-21,East,Online,Credit Card
O05571,C1758,2025-02-04,North,Store,Debit Card
O05572,C1271,2025-12-29,North,Store,Credit Card
O05573,C0268,2025-03-05,South,Online,Credit Card
O05574,C0258,2025-06-09,North,Store,Debit Card
O05575,C0535,2025-04-13,North,Store,UPI
O05576,C0139,2025-05-04,West,Store,Cash on Delivery
O05577,C0566,2025-05-17,North,Online,Credit Card
O05578,C1987,2025-10-04,East,Online,Debit Card
O05579,C0481,2025-03-19,East,Store,UPI
O05580,C1273,2025-04-24,East,Online,Credit Card
O05581,C1956,2025-02-15,West,Store,Credit Card
O05582,C0507,2025-05-20,South,Online,UPI
O05583,C1393,2025-12-14,South,Store,Credit Card
O05584,C0901,2025-06-08,South,Online,Credit Card
O05585,C0571,2025-10-23,South,Store,Net Banking
O05586,C1901,2025-07-08,West,Store,Credit Card
O05587,C1314,2025-07-03,North,Online,UPI
O05588,C0878,2025-11-07,West,Online,UPI
O05589,C1625,2025-01-13,North,Online,Cash on Delivery
O05590,C1801,2025-11-20,East,Store,UPI
O05591,C1563,2025-07-16,South,Online,Debit Card
O05592,C1738,2025-05-28,South,Online,UPI
O05593,C0645,2025-12-03,North,Online,Credit Card
O05594,C0689,2025-05-23,West,Store,Credit Card
O05595,C0466,2025-12-25,West,Online,Cash on Delivery
O05596,C1393,2025-12-12,East,Store,Credit Card
O05597,C1607,2025-04-25,South,Online,UPI
O05598,C1321,2025-05-24,West,Store,Debit Card
O05599,C1199,2025-11-03,East,Store,UPI
O05600,C1543,2025-03-27,West,Online,Cash on Delivery
O05601,C0363,2025-10-09,West,Online,Credit Card
O05602,C0732,2025-02-27,South,Online,Net Banking
O05603,C1415,2025-03-31,South,Online,Net Banking
O05604,C0105,2025-07-22,South,Online,UPI
O05605,C1822,2025-10-13,West,Store,Cash on Delivery
O05606,C0343,2025-10-11,West,Online,Cash on Delivery
O05607,C1574,2025-08-28,East,Online,Net Banking
O05608,C1234,2025-04-27,North,Online,Credit Card
O05609,C1696,2025-06-21,South,Online,Debit Card
O05610,C1551,2025-04-17,North,Online,UPI
O05611,C1032,2025-04-29,South,Online,Cash on Delivery
O05612,C1513,2025-05-17,North,Store,UPI
O05613,C0693,2025-08-25,South,Store,Debit Card
O05614,C1168,2025-04-01,North,Online,Net Banking
O05615,C1831,2025-01-20,East,Store,Cash on Delivery
O05616,C0170,2025-09-26,South,Online,Net Banking
O05617,C0712,2025-01-11,West,Online,Net Banking
O05618,C0035,2025-12-23,West,Online,Debit Card
O05619,C1069,2025-05-27,South,Online,Credit Card
O05620,C1565,2025-01-04,South,Store,UPI
O05621,C0078,2025-11-26,North,Store,Cash on Delivery
O05622,C1099,2025-08-25,South,Online,Credit Card
O05623,C0831,2025-11-05,South,Online,Net Banking
O05624,C1566,2025-06-28,North,Online,Credit Card
O05625,C0441,2025-05-29,North,Online,Credit Card
O05626,C0326,2025-09-13,South,Online,Credit Card
O05627,C0190,2025-06-17,East,Online,Cash on Delivery
O05628,C0815,2025-08-10,East,Online,UPI
O05629,C0976,2025-04-29,East,Online,Credit Card
O05630,C1839,2025-05-20,West,Online,UPI
O05631,C0932,2025-02-07,South,Online,Credit Card
O05632,C0344,2025-10-25,South,Store,Credit Card
O05633,C1399,2025-05-27,East,Store,UPI
O05634,C0124,2025-12-24,East,Online,Debit Card
O05635,C0691,2025-04-22,North,Store,Net Banking
O05636,C1307,2025-07-12,West,Store,Net Banking
O05637,C0508,2025-05-10,West,Store,Debit Card
O05638,C1190,2025-09-26,North,Store,UPI
O05639,C0907,2025-11-02,South,Store,Debit Card
O05640,C1905,2025-07-17,West,Online,Debit Card
O05641,C0575,2025-06-03,North,Online,Debit Card
O05642,C1813,2025-10-13,North,Online,Debit Card
O05643,C1252,2025-03-25,West,Online,Debit Card
O05644,C1499,2025-08-25,North,Online,Debit Card
O05645,C0338,2025-10-09,South,Store,Net Banking
O05646,C0039,2025-04-26,South,Online,Credit Card
O05647,C1462,2025-09-13,South,Online,UPI
O05648,C0961,2025-10-10,South,Online,Net Banking
O05649,C0618,2025-02-22,South,Store,Debit Card
O05650,C1793,2025-05-17,West,Store,Debit Card
O05651,C0653,2025-06-17,West,Store,UPI
O05652,C0868,2025-10-23,West,Online,UPI
O05653,C1449,2025-08-14,West,Store,Net Banking
O05654,C1925,2025-07-03,North,Store,UPI
O05655,C1798,2025-05-15,South,Store,Credit Card
O05656,C1305,2025-01-02,West,Store,Credit Card
O05657,C0221,2025-01-10,South,Online,UPI
O05658,C0219,2025-04-14,South,Store,Debit Card
O05659,C1386,2025-02-22,West,Online,UPI
O05660,C1019,2025-02-23,East,Online,UPI
O05661,C0267,2025-08-26,South,Store,Cash on Delivery
O05662,C1392,2025-08-27,West,Online,Credit Card
O05663,C1885,2025-01-21,South,Store,Cash on Delivery
O05664,C0131,2025-08-23,South,Store,Credit Card
O05665,C1652,2025-03-06,East,Online,Net Banking
O05666,C0690,2025-06-06,West,Store,UPI
O05667,C0796,2025-12-28,North,Store,UPI
O05668,C1435,2025-07-29,East,Store,UPI
O05669,C0494,2025-01-16,West,Online,UPI
O05670,C0315,2025-05-26,South,Online,Cash on Delivery
O05671,C1928,2025-09-18,North,Online,Credit Card
O05672,C0697,2025-04-08,North,Store,Debit Card
O05673,C0340,2025-12-21,West,Store,Credit Card
O05674,C1380,2025-06-24,West,Online,UPI
O05675,C0434,2025-01-10,West,Online,Cash on Delivery
O05676,C1552,2025-08-05,South,Store,Debit Card
O05677,C0141,2025-09-20,North,Store,UPI
O05678,C1038,2025-07-06,South,Online,Credit Card
O05679,C0806,2025-12-10,South,Online,UPI
O05680,C1914,2025-12-02,West,Online,Debit Card
O05681,C1043,2025-03-03,West,Store,Credit Card
O05682,C1851,2025-02-06,East,Online,Cash on Delivery
O05683,C0498,2025-05-13,West,Store,Cash on Delivery
O05684,C0947,2025-08-28,North,Online,UPI
O05685,C1628,2025-08-26,South,Online,UPI
O05686,C0321,2025-04-27,West,Online,Net Banking
O05687,C1856,2025-12-17,South,Online,Credit Card
O05688,C1546,2025-05-11,West,Online,Credit Card
O05689,C1354,2025-11-01,North,Online,Credit Card
O05690,C0487,2025-11-10,South,Online,Credit Card
O05691,C1637,2025-02-14,East,Store,Debit Card
O05692,C1686,2025-04-11,West,Online,Cash on Delivery
O05693,C0586,2025-04-04,North,Online,Debit Card
O05694,C1175,2025-12-07,West,Online,Credit Card
O05695,C0122,2025-05-28,North,Online,UPI
O05696,C0789,2025-11-11,West,Store,Cash on Delivery
O05697,C0302,2025-07-14,South,Store,Credit Card
O05698,C1113,2025-07-06,East,Online,Credit Card
O05699,C1098,2025-12-02,North,Store,UPI
O05700,C1066,2025-06-30,West,Online,Cash on Delivery
O05701,C1355,2025-10-13,North,Online,Credit Card
O05702,C1850,2025-06-24,South,Online,Cash on Delivery
O05703,C0394,2025-02-15,North,Online,UPI
O05704,C0429,2025-01-25,West,Online,Credit Card
O05705,C0431,2025-04-01,North,Store,UPI
O05706,C1857,2025-10-05,South,Store,Credit Card
O05707,C0186,2025-06-05,North,Online,Cash on Delivery
O05708,C0063,2025-07-05,East,Online,Credit Card
O05709,C0321,2025-02-15,East,Store,Net Banking
O05710,C1539,2025-09-02,North,Store,Debit Card
O05711,C1160,2025-11-01,North,Store,UPI
O05712,C1840,2025-09-03,West,Online,Credit Card
O05713,C0409,2025-12-27,South,Online,Net Banking
O05714,C0789,2025-01-08,West,Store,Debit Card
O05715,C1111,2025-01-08,West,Online,UPI
O05716,C0147,2025-07-21,South,Online,Net Banking
O05717,C1838,2025-04-25,North,Online,Credit Card
O05718,C1610,2025-09-24,South,Store,Cash on Delivery
O05719,C0288,2025-10-28,West,Online,Debit Card
O05720,C1686,2025-02-16,West,Online,Credit Card
O05721,C0898,2025-12-06,East,Online,Credit Card
O05722,C0673,2025-01-14,South,Online,Net Banking
O05723,C1893,2025-09-24,South,Store,Cash on Delivery
O05724,C1038,2025-06-09,West,Store,Credit Card
O05725,C0455,2025-09-17,West,Online,UPI
O05726,C1619,2025-02-13,South,Online,UPI
O05727,C1432,2025-12-12,West,Store,Credit Card
O05728,C0385,2025-12-13,East,Store,Credit Card
O05729,C1355,2025-07-28,North,Store,Credit Card
O05730,C1258,2025-07-25,South,Online,UPI
O05731,C0551,2025-09-06,South,Online,Credit Card
O05732,C0862,2025-08-19,West,Store,Cash on Delivery
O05733,C1679,2025-08-06,North,Online,UPI
O05734,C0349,2025-08-22,East,Online,Debit Card
O05735,C1445,2025-11-18,South,Store,UPI
O05736,C1663,2025-08-29,West,Store,Debit Card
O05737,C1874,2025-03-27,East,Online,Cash on Delivery
O05738,C0650,2025-12-05,South,Store,UPI
O05739,C0534,2025-04-04,East,Online,Net Banking
O05740,C1869,2025-03-14,West,Online,UPI
O05741,C0926,2025-12-31,North,Online,Credit Card
O05742,C1138,2025-04-03,West,Online,UPI
O05743,C1027,2025-02-15,North,Online,Credit Card
O05744,C1030,2025-08-12,East,Online,UPI
O05745,C1250,2025-11-08,South,Online,Debit Card
O05746,C0847,2025-01-28,North,Online,UPI
O05747,C0785,2025-07-18,South,Online,Net Banking
O05748,C0802,2025-02-01,South,Store,UPI
O05749,C1313,2025-06-26,West,Online,UPI
O05750,C1636,2025-05-25,West,Store,Credit Card
O05751,C1111,2025-03-02,West,Online,Debit Card
O05752,C1356,2025-12-11,South,Online,Net Banking
O05753,C0827,2025-09-06,South,Online,Net Banking
O05754,C1548,2025-11-13,South,Store,Credit Card
O05755,C0788,2025-12-03,South,Online,Cash on Delivery
O05756,C0843,2025-12-10,South,Online,UPI
O05757,C0111,2025-10-14,North,Online,Cash on Delivery
O05758,C0523,2025-05-11,South,Store,Credit Card
O05759,C1477,2025-11-09,East,Online,UPI
O05760,C0174,2025-07-29,South,Online,Credit Card
O05761,C0448,2025-04-27,West,Online,Credit Card
O05762,C1554,2025-06-10,South,Store,Credit Card
O05763,C1747,2025-05-08,South,Store,UPI
O05764,C0831,2025-07-09,North,Store,Credit Card
O05765,C0814,2025-10-25,South,Online,Credit Card
O05766,C1019,2025-07-16,South,Online,Debit Card
O05767,C1541,2025-04-25,West,Online,Cash on Delivery
O05768,C0939,2025-02-09,North,Store,Cash on Delivery
O05769,C0347,2025-11-17,West,Store,Credit Card
O05770,C0863,2025-06-21,South,Store,Credit Card
O05771,C0510,2025-06-30,South,Online,Debit Card
O05772,C1368,2025-10-19,West,Online,Net Banking
O05773,C0286,2025-11-15,East,Online,Debit Card
O05774,C1218,2025-07-25,South,Online,Debit Card
O05775,C0260,2025-09-05,South,Online,Credit Card
O05776,C1945,2025-04-14,West,Online,Net Banking
O05777,C1281,2025-12-12,East,Online,Debit Card
O05778,C0278,2025-08-14,South,Online,UPI
O05779,C1918,2025-10-05,North,Store,Debit Card
O05780,C1148,2025-02-21,North,Store,UPI
O05781,C1214,2025-09-07,South,Store,UPI
O05782,C0127,2025-06-03,North,Store,Debit Card
O05783,C0376,2025-07-03,West,Online,Debit Card
O05784,C1616,2025-09-22,South,Online,Cash on Delivery
O05785,C0936,2025-10-29,South,Online,Cash on Delivery
O05786,C1233,2025-05-27,South,Online,Credit Card
O05787,C1975,2025-11-23,South,Store,UPI
O05788,C0857,2025-04-06,North,Online,UPI
O05789,C0762,2025-08-13,North,Store,Cash on Delivery
O05790,C1605,2025-03-08,North,Store,Credit Card
O05791,C0133,2025-05-04,West,Online,Credit Card
O05792,C0911,2025-11-30,West,Store,Debit Card
O05793,C1710,2025-01-06,South,Store,UPI
O05794,C0456,2025-12-06,North,Online,Debit Card
O05795,C0609,2025-05-19,South,Online,Net Banking
O05796,C0946,2025-09-27,South,Online,Debit Card
O05797,C0149,2025-02-11,North,Online,Credit Card
O05798,C0142,2025-09-08,North,Store,UPI
O05799,C0503,2025-12-04,South,Online,UPI
O05800,C1796,2025-08-10,West,Store,UPI
O05801,C0444,2025-06-01,South,Online,Credit Card
O05802,C1462,2025-10-29,North,Store,UPI
O05803,C0853,2025-10-02,North,Online,Credit Card
O05804,C1521,2025-02-22,North,Store,Credit Card
O05805,C0661,2025-09-17,South,Online,Credit Card
O05806,C1749,2025-09-16,West,Store,UPI
O05807,C0742,2025-10-15,South,Store,Credit Card
O05808,C1584,2025-05-14,West,Online,Debit Card
O05809,C1663,2025-06-15,East,Online,UPI
O05810,C0864,2025-12-19,South,Store,Credit Card
O05811,C1334,2025-08-16,West,Store,Debit Card
O05812,C0238,2025-07-24,South,Store,Debit Card
O05813,C0993,2025-12-28,West,Online,Cash on Delivery
O05814,C0747,2025-04-10,West,Online,Net Banking
O05815,C1909,2025-06-14,West,Online,Debit Card
O05816,C1869,2025-10-18,North,Store,Net Banking
O05817,C1567,2025-10-02,East,Online,Cash on Delivery
O05818,C1899,2025-12-21,North,Online,Net Banking
O05819,C1952,2025-09-13,East,Store,Debit Card
O05820,C1536,2025-05-13,South,Store,Net Banking
O05821,C1188,2025-06-14,East,Store,Credit Card
O05822,C0409,2025-02-10,South,Store,Cash on Delivery
O05823,C1631,2025-12-08,South,Online,UPI
O05824,C0389,2025-02-27,West,Online,UPI
O05825,C0371,2025-08-07,South,Store,UPI
O05826,C1760,2025-06-15,North,Store,Net Banking
O05827,C0229,2025-03-01,South,Online,Credit Card
O05828,C0284,2025-05-05,West,Online,Debit Card
O05829,C1022,2025-09-06,South,Online,Credit Card
O05830,C1169,2025-01-15,South,Online,Credit Card
O05831,C0092,2025-12-21,East,Online,Net Banking
O05832,C0757,2025-12-04,West,Online,Credit Card
O05833,C0451,2025-02-08,South,Store,Debit Card
O05834,C0605,2025-11-21,North,Online,Net Banking
O05835,C0362,2025-05-19,East,Store,UPI
O05836,C1355,2025-01-31,West,Online,Credit Card
O05837,C0946,2025-05-10,South,Online,UPI
O05838,C1920,2025-11-02,East,Store,Credit Card
O05839,C0017,2025-09-17,West,Store,Net Banking
O05840,C1556,2025-04-13,South,Store,UPI
O05841,C1820,2025-10-04,South,Store,UPI
O05842,C0973,2025-10-01,South,Store,Debit Card
O05843,C1399,2025-10-12,East,Store,Debit Card
O05844,C0882,2025-08-05,East,Store,Credit Card
O05845,C1191,2025-11-06,West,Online,Credit Card
O05846,C1816,2025-09-08,North,Store,UPI
O05847,C1061,2025-02-25,North,Online,UPI
O05848,C1157,2025-11-03,West,Store,Credit Card
O05849,C1974,2025-05-17,North,Online,Debit Card
O05850,C0994,2025-09-30,East,Online,Net Banking
O05851,C0347,2025-09-20,South,Online,Credit Card
O05852,C1366,2025-05-22,South,Online,UPI
O05853,C1386,2025-03-13,North,Online,UPI
O05854,C0475,2025-09-26,North,Online,Net Banking
O05855,C1458,2025-11-15,South,Store,Debit Card
O05856,C0128,2025-11-12,South,Online,Net Banking
O05857,C0641,2025-09-03,North,Store,Credit Card
O05858,C1711,2025-04-09,West,Store,UPI
O05859,C1236,2025-05-14,East,Online,Net Banking
O05860,C1215,2025-10-16,North,Online,Credit Card
O05861,C1242,2025-06-19,West,Store,UPI
O05862,C0330,2025-10-09,North,Store,Credit Card
O05863,C1923,2025-05-12,North,Online,Debit Card
O05864,C0597,2025-01-03,South,Online,Credit Card
O05865,C1573,2025-08-27,West,Online,Debit Card
O05866,C1980,2025-08-26,West,Store,Credit Card
O05867,C0482,2025-09-04,East,Online,Net Banking
O05868,C1269,2025-04-25,East,Online,Net Banking
O05869,C0085,2025-11-03,South,Online,Debit Card
O05870,C1273,2025-07-17,North,Online,UPI
O05871,C0883,2025-10-18,West,Online,Credit Card
O05872,C0145,2025-08-29,South,Store,Net Banking
O05873,C1345,2025-06-21,West,Store,UPI
O05874,C1938,2025-09-21,East,Store,UPI
O05875,C0167,2025-08-17,West,Store,Cash on Delivery
O05876,C1786,2025-07-25,North,Store,Net Banking
O05877,C1688,2025-09-11,West,Online,Cash on Delivery
O05878,C1096,2025-02-08,West,Online,Credit Card
O05879,C1803,2025-12-04,West,Store,UPI
O05880,C0619,2025-05-21,West,Store,UPI
O05881,C1441,2025-04-08,East,Store,Debit Card
O05882,C1397,2025-10-22,West,Online,Net Banking
O05883,C1161,2025-04-11,South,Online,Credit Card
O05884,C1667,2025-12-30,West,Store,Credit Card
O05885,C1753,2025-06-23,North,Store,Net Banking
O05886,C1573,2025-05-07,West,Online,UPI
O05887,C1177,2025-01-29,North,Online,UPI
O05888,C1955,2025-01-20,South,Store,Cash on Delivery
O05889,C1112,2025-02-12,West,Online,Credit Card
O05890,C1274,2025-01-03,East,Store,Net Banking
O05891,C0378,2025-05-18,West,Store,Cash on Delivery
O05892,C0643,2025-05-12,North,Online,Net Banking
O05893,C1810,2025-06-26,North,Online,Credit Card
O05894,C0996,2025-04-11,North,Store,Debit Card
O05895,C1023,2025-01-29,West,Online,Debit Card
O05896,C1633,2025-02-02,North,Online,Cash on Delivery
O05897,C0653,2025-03-21,West,Online,UPI
O05898,C0531,2025-05-14,West,Online,Debit Card
O05899,C0018,2025-03-07,West,Online,Net Banking
O05900,C0463,2025-06-02,West,Store,Credit Card
O05901,C1025,2025-12-08,South,Online,Debit Card
O05902,C1450,2025-04-23,North,Online,UPI
O05903,C0659,2025-03-16,West,Online,UPI
O05904,C0889,2025-09-16,South,Online,UPI
O05905,C0444,2025-07-18,South,Store,Credit Card
O05906,C1634,2025-01-22,West,Online,UPI
O05907,C1050,2025-10-27,West,Store,Debit Card
O05908,C0288,2025-10-03,North,Online,Credit Card
O05909,C1220,2025-12-25,West,Online,UPI
O05910,C0672,2025-12-13,North,Online,UPI
O05911,C1731,2025-08-20,South,Store,Debit Card
O05912,C0537,2025-09-23,West,Online,Credit Card
O05913,C1730,2025-06-18,West,Store,Debit Card
O05914,C1396,2025-11-27,South,Online,Net Banking
O05915,C0271,2025-08-09,East,Store,Net Banking
O05916,C1519,2025-05-18,East,Store,Debit Card
O05917,C1442,2025-01-05,South,Store,Debit Card
O05918,C0913,2025-08-21,South,Online,Credit Card
O05919,C0322,2025-07-30,East,Online,Credit Card
O05920,C0957,2025-11-03,South,Online,UPI
O05921,C1218,2025-03-23,East,Online,Cash on Delivery
O05922,C0265,2025-11-04,South,Store,Net Banking
O05923,C0683,2025-01-08,West,Online,Debit Card
O05924,C1404,2025-08-21,South,Online,Debit Card
O05925,C1106,2025-06-14,West,Online,Credit Card
O05926,C1985,2025-05-20,South,Online,UPI
O05927,C0434,2025-06-27,West,Online,UPI
O05928,C1556,2025-04-07,East,Store,Credit Card
O05929,C0851,2025-03-22,South,Online,Net Banking
O05930,C0447,2025-11-01,North,Online,Debit Card
O05931,C1903,2025-04-09,South,Online,Credit Card
O05932,C1247,2025-10-10,West,Online,Credit Card
O05933,C1071,2025-10-02,South,Online,Net Banking
O05934,C0590,2025-01-16,North,Online,Net Banking
O05935,C1763,2025-11-25,North,Online,Net Banking
O05936,C0061,2025-10-27,East,Online,Credit Card
O05937,C0231,2025-10-29,East,Store,Credit Card
O05938,C0360,2025-11-02,South,Store,Credit Card
O05939,C1307,2025-08-19,South,Store,UPI
O05940,C0206,2025-12-30,South,Online,Credit Card
O05941,C1595,2025-03-20,North,Online,Credit Card
O05942,C0392,2025-02-02,South,Online,Debit Card
O05943,C1353,2025-09-29,North,Online,Credit Card
O05944,C1592,2025-05-05,East,Store,UPI
O05945,C1758,2025-08-28,South,Online,Credit Card
O05946,C0586,2025-06-12,South,Online,Credit Card
O05947,C0150,2025-05-21,West,Store,Debit Card
O05948,C1515,2025-11-29,West,Online,Net Banking
O05949,C0898,2025-03-05,West,Online,UPI
O05950,C1898,2025-03-24,South,Store,Credit Card
O05951,C0377,2025-09-17,East,Online,Credit Card
O05952,C1149,2025-10-25,North,Store,Debit Card
O05953,C0239,2025-11-10,South,Online,Net Banking
O05954,C0971,2025-04-10,South,Store,Credit Card
O05955,C0003,2025-11-25,North,Store,Net Banking
O05956,C1501,2025-08-29,South,Online,UPI
O05957,C1210,2025-11-07,East,Store,Cash on Delivery
O05958,C0195,2025-02-01,West,Online,Net Banking
O05959,C0999,2025-05-30,East,Store,UPI
O05960,C0857,2025-07-30,North,Store,Debit Card
O05961,C1348,2025-08-17,East,Online,Credit Card
O05962,C0998,2025-02-14,North,Online,Cash on Delivery
O05963,C0918,2025-08-04,West,Online,UPI
O05964,C1663,2025-09-17,South,Online,Debit Card
O05965,C1039,2025-06-01,North,Online,Credit Card
O05966,C1629,2025-07-22,West,Online,UPI
O05967,C1771,2025-05-05,West,Store,Net Banking
O05968,C1697,2025-11-22,West,Store,Debit Card
O05969,C1912,2025-08-25,South,Online,Credit Card
O05970,C1396,2025-08-09,West,Store,Cash on Delivery
O05971,C1124,2025-12-15,South,Online,Cash on Delivery
O05972,C1062,2025-09-16,West,Store,Net Banking
O05973,C0410,2025-04-30,West,Store,UPI
O05974,C1656,2025-09-09,East,Store,Net Banking
O05975,C1387,2025-12-20,West,Store,UPI
O05976,C1747,2025-01-11,East,Online,Credit Card
O05977,C1403,2025-09-03,East,Online,Cash on Delivery
O05978,C0961,2025-03-11,South,Online,UPI
O05979,C0591,2025-11-05,West,Online,UPI
O05980,C1972,2025-09-08,South,Online,Net Banking
O05981,C1468,2025-12-12,East,Online,UPI
O05982,C1750,2025-09-18,West,Store,UPI
O05983,C1171,2025-01-08,South,Store,Credit Card
O05984,C1021,2025-07-25,South,Online,Debit Card
O05985,C0069,2025-12-02,North,Store,Credit Card
O05986,C0139,2025-04-11,South,Online,Credit Card
O05987,C1414,2025-02-07,West,Online,Cash on Delivery
O05988,C0449,2025-10-05,East,Online,Debit Card
O05989,C0165,2025-07-22,South,Online,Debit Card
O05990,C1553,2025-01-22,North,Online,Credit Card
O05991,C1242,2025-04-30,North,Online,Net Banking
O05992,C0223,2025-05-18,South,Online,UPI
O05993,C1000,2025-09-17,South,Online,Cash on Delivery
O05994,C0940,2025-07-11,South,Online,UPI
O05995,C0008,2025-07-17,East,Store,Net Banking
O05996,C1210,2025-11-02,North,Online,Cash on Delivery
O05997,C0794,2025-04-29,West,Online,UPI
O05998,C1757,2025-09-19,North,Online,UPI
O05999,C0232,2025-06-03,South,Online,UPI
O06000,C1695,2025-06-22,South,Online,Credit Card
O06001,C0013,2025-08-10,South,Online,Credit Card
O06002,C1529,2025-09-27,North,Store,UPI
O06003,C1566,2025-12-15,West,Store,UPI
O06004,C0816,2025-04-26,North,Store,Credit Card
O06005,C0562,2025-02-16,South,Store,UPI
O06006,C0285,2025-06-26,North,Online,Net Banking
O06007,C0680,2025-08-07,North,Online,Credit Card
O06008,C1340,2025-04-09,West,Online,UPI
O06009,C1450,2025-11-28,South,Online,UPI
O06010,C0363,2025-10-30,North,Online,UPI
O06011,C0023,2025-07-19,South,Online,UPI
O06012,C1123,2025-07-03,South,Store,UPI
O06013,C1162,2025-01-19,West,Online,UPI
O06014,C1962,2025-08-03,West,Store,Credit Card
O06015,C1523,2025-08-24,North,Store,Credit Card
O06016,C1101,2025-11-28,South,Online,Debit Card
O06017,C1184,2025-07-22,South,Online,Cash on Delivery
O06018,C1292,2025-03-11,North,Online,Debit Card
O06019,C0904,2025-03-21,North,Online,UPI
O06020,C1356,2025-03-12,West,Store,Credit Card
O06021,C0391,2025-12-13,West,Store,Debit Card
O06022,C1661,2025-10-28,South,Online,Credit Card
O06023,C1724,2025-11-07,West,Online,UPI
O06024,C0870,2025-11-12,East,Store,Net Banking
O06025,C0914,2025-02-13,South,Online,UPI
O06026,C0996,2025-09-29,West,Store,Credit Card
O06027,C1635,2025-09-29,South,Online,Debit Card
O06028,C0352,2025-04-08,South,Online,Cash on Delivery
O06029,C0684,2025-07-18,North,Online,Net Banking
O06030,C1230,2025-09-16,West,Online,Cash on Delivery
O06031,C1387,2025-11-30,South,Online,Credit Card
O06032,C0592,2025-02-19,West,Online,Credit Card
O06033,C0235,2025-11-29,South,Online,UPI
O06034,C1016,2025-12-08,West,Store,Credit Card
O06035,C1278,2025-12-08,North,Online,Net Banking
O06036,C1534,2025-01-03,South,Store,UPI
O06037,C0006,2025-04-06,West,Online,UPI
O06038,C0036,2025-09-25,West,Store,Cash on Delivery
O06039,C0774,2025-05-16,East,Online,UPI
O06040,C1128,2025-01-28,South,Store,UPI
O06041,C0008,2025-10-19,West,Online,Cash on Delivery
O06042,C0347,2025-01-14,South,Online,Credit Card
O06043,C0838,2025-07-02,South,Store,Net Banking
O06044,C0559,2025-12-16,South,Online,UPI
O06045,C1422,2025-06-30,North,Store,UPI
O06046,C0070,2025-12-05,South,Store,UPI
O06047,C1777,2025-06-18,East,Online,UPI
O06048,C0339,2025-05-26,West,Online,Credit Card
O06049,C0882,2025-02-18,North,Store,Debit Card
O06050,C1974,2025-05-30,South,Store,Credit Card
O06051,C1326,2025-05-22,South,Online,Credit Card
O06052,C1998,2025-11-14,North,Store,UPI
O06053,C0040,2025-12-07,West,Store,Debit Card
O06054,C1440,2025-01-11,West,Online,UPI
O06055,C0152,2025-02-14,North,Store,UPI
O06056,C1224,2025-09-09,North,Online,Cash on Delivery
O06057,C0652,2025-07-16,North,Online,Cash on Delivery
O06058,C1555,2025-05-07,South,Store,UPI
O06059,C0249,2025-04-22,West,Store,UPI
O06060,C1794,2025-04-08,West,Online,Credit Card
O06061,C0962,2025-07-30,West,Store,Credit Card
O06062,C1039,2025-01-09,West,Online,Net Banking
O06063,C1143,2025-10-11,North,Online,Credit Card
O06064,C0071,2025-05-08,North,Online,UPI
O06065,C0621,2025-06-25,South,Online,Credit Card
O06066,C1419,2025-07-31,South,Online,UPI
O06067,C1922,2025-04-02,South,Online,Credit Card
O06068,C1970,2025-11-26,South,Store,Credit Card
O06069,C1072,2025-09-22,North,Store,Cash on Delivery
O06070,C0517,2025-11-22,West,Online,UPI
O06071,C0956,2025-07-13,South,Online,Debit Card
O06072,C0927,2025-06-27,East,Store,UPI
O06073,C0795,2025-04-13,East,Online,Net Banking
O06074,C0723,2025-08-06,West,Online,UPI
O06075,C1737,2025-08-23,West,Online,UPI
O06076,C0781,2025-06-22,South,Store,UPI
O06077,C0059,2025-03-06,West,Online,Net Banking
O06078,C1443,2025-04-27,West,Store,UPI
O06079,C1331,2025-01-07,South,Store,Debit Card
O06080,C0757,2025-05-15,North,Store,UPI
O06081,C1260,2025-08-19,West,Store,Debit Card
O06082,C1883,2025-12-18,South,Store,Cash on Delivery
O06083,C1849,2025-03-20,North,Store,UPI
O06084,C1580,2025-01-26,West,Online,Debit Card
O06085,C1167,2025-05-06,South,Store,Credit Card
O06086,C0056,2025-03-11,South,Online,Credit Card
O06087,C1025,2025-09-27,South,Online,UPI
O06088,C1638,2025-01-03,West,Online,UPI
O06089,C1690,2025-12-26,West,Store,Net Banking
O06090,C1546,2025-11-17,South,Online,Credit Card
O06091,C1974,2025-07-18,North,Online,UPI
O06092,C1033,2025-12-07,North,Store,Credit Card
O06093,C0220,2025-09-04,West,Store,Debit Card
O06094,C0994,2025-12-30,North,Online,Cash on Delivery
O06095,C0638,2025-04-29,West,Online,Net Banking
O06096,C1672,2025-12-31,South,Store,Debit Card
O06097,C1555,2025-03-21,West,Store,Cash on Delivery
O06098,C0850,2025-05-28,South,Store,Debit Card
O06099,C0777,2025-12-12,West,Online,Credit Card
O06100,C0319,2025-06-04,East,Online,Credit Card
O06101,C0087,2025-04-02,West,Store,Cash on Delivery
O06102,C0626,2025-01-28,South,Online,UPI
O06103,C0483,2025-03-07,South,Store,Credit Card
O06104,C0531,2025-05-29,East,Store,Debit Card
O06105,C1997,2025-06-23,South,Online,UPI
O06106,C1363,2025-08-05,East,Store,Net Banking
O06107,C1103,2025-11-04,South,Online,Net Banking
O06108,C0358,2025-01-07,North,Store,Credit Card
O06109,C1683,2025-11-13,South,Online,Net Banking
O06110,C1290,2025-08-18,South,Store,UPI
O06111,C1030,2025-10-17,South,Online,Cash on Delivery
O06112,C0932,2025-10-17,South,Online,UPI
O06113,C1106,2025-12-02,South,Online,UPI
O06114,C1680,2025-02-12,South,Store,Credit Card
O06115,C1441,2025-08-16,West,Store,Debit Card
O06116,C0970,2025-12-04,West,Store,Debit Card
O06117,C1336,2025-10-04,South,Store,Credit Card
O06118,C1860,2025-02-13,North,Online,Net Banking
O06119,C0653,2025-08-30,North,Store,Debit Card
O06120,C1801,2025-10-31,East,Online,Net Banking
O06121,C1214,2025-04-28,West,Store,UPI
O06122,C0371,2025-09-05,West,Online,Cash on Delivery
O06123,C1934,2025-11-12,East,Store,Net Banking
O06124,C1373,2025-07-30,East,Online,Net Banking
O06125,C0772,2025-03-26,East,Online,Credit Card
O06126,C0430,2025-08-08,West,Online,Cash on Delivery
O06127,C1832,2025-08-21,West,Online,UPI
O06128,C1647,2025-06-16,East,Online,UPI
O06129,C0090,2025-09-21,West,Store,Credit Card
O06130,C1272,2025-06-27,South,Store,Cash on Delivery
O06131,C0230,2025-11-24,East,Store,Cash on Delivery
O06132,C0589,2025-10-28,North,Online,Credit Card
O06133,C1137,2025-11-01,South,Store,Debit Card
O06134,C0499,2025-07-31,South,Online,Credit Card
O06135,C1025,2025-03-27,East,Store,UPI
O06136,C0860,2025-10-06,South,Online,Debit Card
O06137,C1163,2025-02-01,North,Online,UPI
O06138,C1602,2025-07-28,South,Online,Debit Card
O06139,C0311,2025-01-25,South,Online,UPI
O06140,C1593,2025-07-31,North,Store,UPI
O06141,C0445,2025-09-23,East,Online,Debit Card
O06142,C0067,2025-06-22,West,Store,Credit Card
O06143,C0893,2025-06-21,South,Online,Net Banking
O06144,C0605,2025-02-24,South,Online,Debit Card
O06145,C0370,2025-05-09,South,Store,UPI
O06146,C0846,2025-07-01,East,Store,Net Banking
O06147,C1738,2025-11-20,West,Store,UPI
O06148,C1172,2025-11-30,East,Online,Debit Card
O06149,C1456,2025-12-17,East,Store,Credit Card
O06150,C0300,2025-02-15,West,Store,UPI
O06151,C0152,2025-05-06,South,Online,Credit Card
O06152,C0671,2025-07-08,East,Online,Cash on Delivery
O06153,C1549,2025-09-09,South,Online,UPI
O06154,C1772,2025-09-29,East,Online,Cash on Delivery
O06155,C0204,2025-10-26,West,Store,Credit Card
O06156,C0954,2025-07-20,South,Store,UPI
O06157,C0794,2025-08-10,West,Store,Debit Card
O06158,C1489,2025-12-20,West,Online,Debit Card
O06159,C0412,2025-04-14,North,Store,Credit Card
O06160,C0970,2025-11-01,West,Online,UPI
O06161,C1700,2025-10-02,South,Store,Net Banking
O06162,C0930,2025-03-04,West,Online,Net Banking
O06163,C1563,2025-12-09,West,Store,Debit Card
O06164,C1244,2025-11-17,East,Online,Debit Card
O06165,C1195,2025-10-24,East,Online,Credit Card
O06166,C0519,2025-02-26,West,Online,Credit Card
O06167,C1985,2025-03-04,East,Online,Debit Card
O06168,C0500,2025-09-22,West,Online,UPI
O06169,C1862,2025-02-18,South,Online,Debit Card
O06170,C1979,2025-02-20,South,Online,UPI
O06171,C1023,2025-06-15,North,Store,Net Banking
O06172,C1738,2025-01-03,West,Online,UPI
O06173,C1431,2025-10-05,East,Online,Net Banking
O06174,C1476,2025-08-05,West,Online,UPI
O06175,C0138,2025-02-05,South,Store,Cash on Delivery
O06176,C0275,2025-08-06,West,Online,Debit Card
O06177,C0140,2025-01-25,West,Store,Credit Card
O06178,C0061,2025-02-02,West,Store,UPI
O06179,C1672,2025-07-16,North,Online,Debit Card
O06180,C0351,2025-07-21,North,Online,Credit Card
O06181,C0013,2025-05-23,West,Online,Net Banking
O06182,C1876,2025-09-02,North,Store,Net Banking
O06183,C0558,2025-06-10,South,Online,Debit Card
O06184,C1633,2025-08-21,North,Online,UPI
O06185,C1922,2025-05-27,South,Store,UPI
O06186,C1047,2025-10-03,North,Store,Credit Card
O06187,C1854,2025-08-18,West,Online,Credit Card
O06188,C1938,2025-03-12,South,Online,Debit Card
O06189,C0289,2025-09-24,North,Online,Credit Card
O06190,C0294,2025-10-25,West,Store,Credit Card
O06191,C0740,2025-01-30,North,Online,Credit Card
O06192,C1119,2025-08-29,West,Online,Credit Card
O06193,C1573,2025-10-27,South,Store,Net Banking
O06194,C0367,2025-02-21,South,Store,UPI
O06195,C0387,2025-12-02,North,Online,UPI
O06196,C0613,2025-06-20,West,Store,UPI
O06197,C0543,2025-10-10,West,Online,UPI
O06198,C1881,2025-12-01,South,Store,Debit Card
O06199,C0792,2025-12-28,South,Online,Net Banking
O06200,C1737,2025-08-20,North,Online,Debit Card
O06201,C0112,2025-09-29,East,Store,Cash on Delivery
O06202,C0204,2025-04-19,West,Online,UPI
O06203,C1608,2025-05-04,West,Online,UPI
O06204,C0500,2025-11-16,West,Store,UPI
O06205,C0166,2025-06-14,North,Online,Debit Card
O06206,C1190,2025-11-07,North,Online,Credit Card
O06207,C0295,2025-01-24,South,Online,UPI
O06208,C0123,2025-04-05,North,Store,UPI
O06209,C0813,2025-03-16,South,Store,Net Banking
O06210,C1101,2025-07-31,South,Online,UPI
O06211,C1055,2025-02-06,South,Online,UPI
O06212,C1169,2025-05-25,South,Online,Credit Card
O06213,C0048,2025-12-27,South,Store,Credit Card
O06214,C0582,2025-10-29,South,Store,Debit Card
O06215,C0687,2025-10-18,South,Online,Debit Card
O06216,C0587,2025-03-02,South,Online,Net Banking
O06217,C1119,2025-06-02,South,Online,Net Banking
O06218,C0459,2025-09-22,South,Online,Credit Card
O06219,C1264,2025-01-10,North,Online,Net Banking
O06220,C1872,2025-06-28,West,Online,Debit Card
O06221,C1322,2025-12-10,South,Online,Net Banking
O06222,C0778,2025-02-07,West,Online,Credit Card
O06223,C0870,2025-12-03,West,Store,UPI
O06224,C1171,2025-03-27,South,Online,Debit Card
O06225,C1448,2025-03-24,West,Store,Cash on Delivery
O06226,C0604,2025-03-27,South,Store,Cash on Delivery
O06227,C0077,2025-12-11,West,Store,UPI
O06228,C1406,2025-08-27,North,Online,Credit Card
O06229,C1324,2025-10-15,West,Online,Net Banking
O06230,C0203,2025-06-02,South,Online,Credit Card
O06231,C1254,2025-11-23,South,Online,Credit Card
O06232,C0144,2025-08-19,East,Online,Cash on Delivery
O06233,C1287,2025-08-25,North,Online,Credit Card
O06234,C1489,2025-10-15,North,Online,UPI
O06235,C0032,2025-10-22,East,Online,UPI
O06236,C1454,2025-09-22,West,Store,Credit Card
O06237,C0241,2025-02-23,South,Online,Credit Card
O06238,C0531,2025-11-21,North,Online,Cash on Delivery
O06239,C1410,2025-04-22,South,Online,Net Banking
O06240,C0711,2025-12-30,North,Store,UPI
O06241,C1955,2025-06-10,West,Store,Net Banking
O06242,C1915,2025-02-23,South,Online,UPI
O06243,C1974,2025-05-14,South,Online,UPI
O06244,C0209,2025-08-16,West,Store,Credit Card
O06245,C0353,2025-06-12,West,Online,Credit Card
O06246,C0367,2025-11-09,South,Online,UPI
O06247,C1171,2025-09-22,South,Online,Credit Card
O06248,C0861,2025-04-03,West,Online,Cash on Delivery
O06249,C1492,2025-08-04,North,Online,Debit Card
O06250,C0565,2025-10-27,North,Online,Credit Card
O06251,C0400,2025-11-28,North,Online,Cash on Delivery
O06252,C1299,2025-06-13,West,Online,UPI
O06253,C1235,2025-12-09,West,Online,UPI
O06254,C1382,2025-01-17,South,Store,UPI
O06255,C0625,2025-09-20,South,Online,UPI
O06256,C1053,2025-10-25,South,Online,UPI
O06257,C1857,2025-06-24,East,Online,UPI
O06258,C1223,2025-01-06,West,Store,Credit Card
O06259,C1865,2025-09-24,South,Store,UPI
O06260,C0867,2025-05-24,West,Online,UPI
O06261,C0090,2025-03-09,South,Online,Debit Card
O06262,C1521,2025-03-11,West,Online,Credit Card
O06263,C0921,2025-10-21,North,Store,Debit Card
O06264,C0085,2025-03-24,North,Online,UPI
O06265,C0278,2025-07-16,North,Online,Debit Card
O06266,C0626,2025-12-23,East,Store,Cash on Delivery
O06267,C0382,2025-10-17,South,Online,UPI
O06268,C1369,2025-08-07,North,Store,Debit Card
O06269,C1223,2025-07-31,East,Online,Debit Card
O06270,C0660,2025-03-15,South,Store,Credit Card
O06271,C0170,2025-07-02,North,Store,UPI
O06272,C0158,2025-03-06,East,Store,UPI
O06273,C1892,2025-02-07,North,Store,Debit Card
O06274,C0691,2025-02-18,South,Online,Credit Card
O06275,C0215,2025-08-28,South,Store,Net Banking
O06276,C1423,2025-03-26,North,Store,UPI
O06277,C1740,2025-03-08,East,Online,UPI
O06278,C0244,2025-11-21,South,Online,Credit Card
O06279,C1890,2025-02-24,South,Online,Credit Card
O06280,C1450,2025-09-30,South,Store,Debit Card
O06281,C0505,2025-06-21,West,Online,UPI
O06282,C1551,2025-08-18,North,Online,Credit Card
O06283,C0840,2025-01-11,West,Online,Net Banking
O06284,C1271,2025-01-01,West,Store,Cash on Delivery
O06285,C0254,2025-11-05,West,Online,Net Banking
O06286,C0489,2025-07-13,West,Online,Credit Card
O06287,C1547,2025-02-02,North,Store,Net Banking
O06288,C1611,2025-05-25,South,Store,Credit Card
O06289,C0022,2025-07-24,South,Online,UPI
O06290,C0429,2025-03-02,North,Online,Cash on Delivery
O06291,C1216,2025-08-07,West,Online,UPI
O06292,C1812,2025-08-01,South,Online,UPI
O06293,C1349,2025-08-26,West,Online,UPI
O06294,C1414,2025-11-03,North,Online,Credit Card
O06295,C0778,2025-06-20,South,Store,Credit Card
O06296,C0110,2025-11-27,West,Store,Debit Card
O06297,C1532,2025-07-12,South,Store,UPI
O06298,C1599,2025-07-06,East,Store,UPI
O06299,C0887,2025-09-13,West,Online,UPI
O06300,C1013,2025-08-31,North,Online,UPI
O06301,C0471,2025-01-06,North,Store,UPI
O06302,C0906,2025-12-26,North,Store,UPI
O06303,C0484,2025-12-14,South,Online,Cash on Delivery
O06304,C0842,2025-04-30,South,Online,Net Banking
O06305,C0269,2025-08-11,East,Store,Credit Card
O06306,C1214,2025-10-21,East,Online,Credit Card
O06307,C0496,2025-12-07,East,Store,Cash on Delivery
O06308,C1450,2025-08-21,East,Online,Debit Card
O06309,C1036,2025-01-09,West,Online,Net Banking
O06310,C1792,2025-09-22,West,Online,Net Banking
O06311,C0443,2025-02-11,North,Online,UPI
O06312,C0546,2025-09-18,South,Store,UPI
O06313,C0487,2025-08-21,North,Online,UPI
O06314,C1262,2025-09-08,North,Online,Debit Card
O06315,C0214,2025-03-24,West,Online,Cash on Delivery
O06316,C1373,2025-07-19,West,Online,UPI
O06317,C1639,2025-09-01,North,Online,Net Banking
O06318,C1350,2025-05-08,East,Online,Debit Card
O06319,C0270,2025-03-21,South,Online,Debit Card
O06320,C0987,2025-04-07,South,Store,Debit Card
O06321,C1067,2025-11-18,North,Store,Credit Card
O06322,C0783,2025-07-09,North,Online,Debit Card
O06323,C0933,2025-09-15,North,Store,Net Banking
O06324,C1525,2025-07-27,West,Store,Credit Card
O06325,C1670,2025-11-10,South,Store,UPI
O06326,C0601,2025-07-24,West,Store,Credit Card
O06327,C0660,2025-02-12,East,Online,Debit Card
O06328,C0417,2025-03-28,West,Online,Net Banking
O06329,C0804,2025-01-07,West,Store,UPI
O06330,C1092,2025-11-10,West,Store,UPI
O06331,C1428,2025-09-16,West,Online,Credit Card
O06332,C0536,2025-10-17,West,Online,Net Banking
O06333,C0433,2025-10-03,North,Online,Credit Card
O06334,C0067,2025-11-07,West,Online,UPI
O06335,C0188,2025-12-28,West,Store,Debit Card
O06336,C0104,2025-09-13,West,Online,Credit Card
O06337,C0415,2025-04-19,East,Online,Credit Card
O06338,C1391,2025-02-15,South,Store,Credit Card
O06339,C1549,2025-08-22,South,Online,Debit Card
O06340,C1947,2025-10-21,West,Online,UPI
O06341,C1091,2025-08-12,East,Online,UPI
O06342,C0910,2025-05-09,North,Online,Debit Card
O06343,C1799,2025-10-05,West,Online,UPI
O06344,C0295,2025-07-03,West,Online,Credit Card
O06345,C1261,2025-05-03,South,Store,Credit Card
O06346,C1637,2025-11-13,East,Online,Debit Card
O06347,C1006,2025-08-17,West,Store,Net Banking
O06348,C0523,2025-05-01,North,Online,Net Banking
O06349,C1242,2025-05-19,North,Store,UPI
O06350,C1992,2025-08-16,North,Store,UPI
O06351,C0472,2025-06-23,South,Store,Cash on Delivery
O06352,C1127,2025-03-12,South,Online,UPI
O06353,C0102,2025-08-29,South,Online,Net Banking
O06354,C0466,2025-09-24,East,Store,UPI
O06355,C1535,2025-01-01,North,Store,Credit Card
O06356,C0993,2025-08-03,West,Store,Debit Card
O06357,C0399,2025-08-18,East,Online,Credit Card
O06358,C0671,2025-05-20,South,Online,Credit Card
O06359,C0242,2025-05-23,South,Online,UPI
O06360,C1559,2025-05-15,South,Online,UPI
O06361,C1886,2025-07-02,East,Store,Credit Card
O06362,C0212,2025-11-03,South,Online,Net Banking
O06363,C0476,2025-07-10,South,Online,Credit Card
O06364,C1715,2025-12-30,South,Online,Credit Card
O06365,C1758,2025-06-06,West,Store,Cash on Delivery
O06366,C1535,2025-09-28,West,Online,Credit Card
O06367,C1431,2025-08-08,South,Online,Credit Card
O06368,C1723,2025-10-18,North,Store,UPI
O06369,C0747,2025-11-27,East,Store,Net Banking
O06370,C1790,2025-07-26,South,Online,UPI
O06371,C1774,2025-07-19,East,Online,UPI
O06372,C0460,2025-12-14,North,Online,UPI
O06373,C0147,2025-12-11,East,Online,UPI
O06374,C1043,2025-12-31,South,Online,Credit Card
O06375,C1517,2025-03-11,North,Online,UPI
O06376,C1700,2025-01-02,West,Online,Credit Card
O06377,C0285,2025-06-29,South,Online,Credit Card
O06378,C0755,2025-10-09,North,Store,UPI
O06379,C1536,2025-02-03,South,Store,UPI
O06380,C0121,2025-06-05,North,Online,UPI
O06381,C1446,2025-08-19,North,Online,Debit Card
O06382,C0584,2025-04-03,West,Online,Debit Card
O06383,C0045,2025-10-08,South,Online,UPI
O06384,C0484,2025-04-10,East,Online,UPI
O06385,C1484,2025-11-12,South,Online,UPI
O06386,C1741,2025-05-26,North,Store,Net Banking
O06387,C0163,2025-08-25,North,Store,Cash on Delivery
O06388,C0928,2025-08-06,South,Store,Credit Card
O06389,C0403,2025-05-06,West,Online,Cash on Delivery
O06390,C1368,2025-06-29,East,Store,UPI
O06391,C1562,2025-11-14,East,Online,Debit Card
O06392,C1925,2025-08-07,South,Store,Debit Card
O06393,C0710,2025-01-26,South,Online,Credit Card
O06394,C0599,2025-10-02,South,Store,Debit Card
O06395,C0620,2025-03-22,North,Online,Credit Card
O06396,C1523,2025-07-16,South,Online,Net Banking
O06397,C0891,2025-07-10,South,Online,UPI
O06398,C0046,2025-07-17,West,Online,UPI
O06399,C1896,2025-01-15,East,Store,Credit Card
O06400,C0209,2025-04-27,South,Store,UPI
O06401,C1857,2025-01-24,North,Store,UPI
O06402,C0324,2025-06-21,South,Store,UPI
O06403,C1077,2025-09-02,North,Online,Credit Card
O06404,C0625,2025-09-13,West,Store,Debit Card
O06405,C1374,2025-01-30,East,Store,Credit Card
O06406,C0806,2025-02-23,North,Online,Credit Card
O06407,C0735,2025-09-15,South,Online,UPI
O06408,C0955,2025-08-01,West,Online,Credit Card
O06409,C1942,2025-11-10,South,Store,Credit Card
O06410,C0491,2025-03-31,South,Store,UPI
O06411,C0440,2025-02-23,East,Online,Credit Card
O06412,C0133,2025-06-01,West,Store,UPI
O06413,C1478,2025-09-07,East,Store,Credit Card
O06414,C1356,2025-07-16,South,Online,Cash on Delivery
O06415,C1218,2025-02-14,East,Store,Debit Card
O06416,C0048,2025-02-02,East,Store,Cash on Delivery
O06417,C1582,2025-09-21,North,Online,Debit Card
O06418,C1619,2025-05-07,South,Online,UPI
O06419,C1891,2025-09-18,East,Store,Debit Card
O06420,C1859,2025-05-06,East,Online,Net Banking
O06421,C0527,2025-05-14,South,Online,Cash on Delivery
O06422,C1421,2025-04-02,East,Store,Credit Card
O06423,C0806,2025-12-27,East,Online,UPI
O06424,C1192,2025-01-08,South,Online,Debit Card
O06425,C0665,2025-02-26,West,Store,UPI
O06426,C1315,2025-11-11,South,Store,UPI
O06427,C1906,2025-03-03,West,Online,UPI
O06428,C1305,2025-04-30,East,Online,UPI
O06429,C1842,2025-04-23,East,Online,Credit Card
O06430,C1864,2025-09-27,South,Online,Cash on Delivery
O06431,C0238,2025-06-19,West,Store,Debit Card
O06432,C1929,2025-11-12,West,Online,Debit Card
O06433,C1637,2025-10-14,West,Online,Net Banking
O06434,C0854,2025-08-01,North,Store,UPI
O06435,C1201,2025-04-18,North,Store,Credit Card
O06436,C1235,2025-10-28,South,Store,Debit Card
O06437,C1573,2025-11-20,South,Online,UPI
O06438,C1606,2025-11-11,East,Online,Credit Card
O06439,C0205,2025-01-24,South,Store,Debit Card
O06440,C0003,2025-09-27,West,Store,Net Banking
O06441,C0493,2025-09-29,East,Store,Credit Card
O06442,C1055,2025-12-14,East,Online,Debit Card
O06443,C1699,2025-04-23,North,Store,Debit Card
O06444,C1306,2025-10-26,South,Store,Cash on Delivery
O06445,C0272,2025-09-24,North,Online,Net Banking
O06446,C1435,2025-11-24,North,Online,UPI
O06447,C0937,2025-09-26,West,Online,Debit Card
O06448,C0738,2025-11-16,South,Store,Cash on Delivery
O06449,C1544,2025-05-31,West,Online,Credit Card
O06450,C0592,2025-03-11,West,Online,Debit Card
O06451,C1238,2025-06-01,East,Store,Credit Card
O06452,C0365,2025-11-04,North,Store,Credit Card
O06453,C0764,2025-02-28,South,Online,Credit Card
O06454,C1116,2025-09-07,South,Store,Credit Card
O06455,C1247,2025-12-28,West,Online,UPI
O06456,C1839,2025-11-29,West,Online,Debit Card
O06457,C0581,2025-09-18,South,Online,Credit Card
O06458,C1792,2025-10-28,East,Online,Cash on Delivery
O06459,C1634,2025-02-22,East,Store,UPI
O06460,C0720,2025-07-21,East,Store,Debit Card
O06461,C0281,2025-08-02,West,Store,UPI
O06462,C0516,2025-10-25,North,Store,Debit Card
O06463,C1316,2025-05-01,North,Store,Net Banking
O06464,C1578,2025-02-17,West,Store,Net Banking
O06465,C1225,2025-09-27,South,Online,Debit Card
O06466,C1450,2025-07-19,South,Store,UPI
O06467,C0204,2025-11-13,South,Online,Cash on Delivery
O06468,C1011,2025-07-15,East,Store,Credit Card
O06469,C1748,2025-11-14,North,Online,UPI
O06470,C0779,2025-07-24,East,Online,UPI
O06471,C1798,2025-10-25,West,Store,Debit Card
O06472,C0248,2025-10-05,South,Store,Net Banking
O06473,C1958,2025-04-24,West,Online,Net Banking
O06474,C1571,2025-05-11,South,Online,Credit Card
O06475,C1253,2025-12-01,East,Online,Debit Card
O06476,C1235,2025-04-10,South,Store,Cash on Delivery
O06477,C1873,2025-09-27,South,Online,Debit Card
O06478,C0754,2025-03-06,West,Online,Credit Card
O06479,C0330,2025-10-16,North,Store,Cash on Delivery
O06480,C1838,2025-04-07,West,Online,Cash on Delivery
O06481,C0206,2025-08-23,South,Online,Debit Card
O06482,C1320,2025-08-13,North,Store,Credit Card
O06483,C0532,2025-03-30,South,Store,Cash on Delivery
O06484,C1859,2025-07-18,West,Online,Net Banking
O06485,C1948,2025-11-25,West,Online,UPI
O06486,C0949,2025-09-22,South,Store,Cash on Delivery
O06487,C1067,2025-12-29,West,Online,Debit Card
O06488,C0910,2025-10-26,South,Online,Debit Card
O06489,C0851,2025-09-09,South,Online,Credit Card
O06490,C1875,2025-08-13,West,Online,UPI
O06491,C0575,2025-12-13,South,Store,UPI
O06492,C1920,2025-07-31,South,Store,Credit Card
O06493,C1301,2025-06-16,North,Store,Credit Card
O06494,C1922,2025-11-11,North,Online,Debit Card
O06495,C1225,2025-12-13,East,Online,Credit Card
O06496,C1638,2025-07-14,East,Online,Credit Card
O06497,C0980,2025-03-03,West,Store,UPI
O06498,C0925,2025-08-28,West,Online,Debit Card
O06499,C0515,2025-10-11,West,Store,Net Banking
O06500,C0421,2025-06-05,North,Online,Credit Card
O06501,C0076,2025-10-14,West,Online,UPI
O06502,C0767,2025-08-01,East,Online,UPI
O06503,C1976,2025-05-08,North,Online,Debit Card
O06504,C1877,2025-09-04,South,Online,Net Banking
O06505,C1381,2025-06-11,North,Online,Net Banking
O06506,C0728,2025-10-26,South,Online,Net Banking
O06507,C1041,2025-01-02,East,Online,Debit Card
O06508,C1514,2025-11-05,South,Online,Credit Card
O06509,C0005,2025-05-10,North,Store,UPI
O06510,C1847,2025-12-19,North,Store,Credit Card
O06511,C1741,2025-10-17,South,Online,UPI
O06512,C1941,2025-04-14,North,Online,UPI
O06513,C0189,2025-12-25,South,Store,UPI
O06514,C1896,2025-07-21,West,Store,UPI
O06515,C1227,2025-07-30,South,Store,UPI
O06516,C1111,2025-12-04,North,Online,Net Banking
O06517,C0360,2025-12-07,East,Store,Credit Card
O06518,C0984,2025-09-27,South,Store,Credit Card
O06519,C0727,2025-12-25,North,Online,UPI
O06520,C1976,2025-05-19,East,Online,Credit Card
O06521,C0680,2025-04-11,South,Store,Cash on Delivery
O06522,C0437,2025-01-14,East,Store,Credit Card
O06523,C1893,2025-05-26,South,Online,Net Banking
O06524,C0376,2025-08-26,North,Store,Cash on Delivery
O06525,C1809,2025-05-10,West,Online,Net Banking
O06526,C1927,2025-08-18,East,Store,Debit Card
O06527,C0615,2025-01-23,South,Online,UPI
O06528,C1379,2025-05-29,West,Online,UPI
O06529,C1594,2025-10-14,North,Online,Debit Card
O06530,C1073,2025-02-16,North,Online,Cash on Delivery
O06531,C1394,2025-10-03,West,Store,Debit Card
O06532,C0265,2025-10-19,North,Store,UPI
O06533,C1033,2025-08-15,North,Online,UPI
O06534,C1027,2025-11-27,South,Online,Credit Card
O06535,C1133,2025-12-18,South,Online,Cash on Delivery
O06536,C1889,2025-01-16,South,Online,UPI
O06537,C1650,2025-09-21,South,Online,UPI
O06538,C1206,2025-04-13,North,Online,Credit Card
O06539,C0807,2025-06-18,West,Online,UPI
O06540,C0810,2025-09-02,West,Store,UPI
O06541,C0041,2025-10-02,South,Store,UPI
O06542,C1103,2025-11-12,East,Online,Credit Card
O06543,C0505,2025-09-30,South,Store,UPI
O06544,C1773,2025-10-23,South,Online,UPI
O06545,C1548,2025-08-25,North,Store,Credit Card
O06546,C1826,2025-02-22,South,Online,Debit Card
O06547,C1992,2025-01-10,North,Online,Debit Card
O06548,C0801,2025-08-01,West,Online,Debit Card
O06549,C0857,2025-10-03,North,Store,Credit Card
O06550,C1217,2025-02-18,South,Store,Net Banking
O06551,C0862,2025-06-26,South,Store,UPI
O06552,C0559,2025-04-21,West,Store,UPI
O06553,C1415,2025-08-14,North,Store,Debit Card
O06554,C0903,2025-06-11,North,Store,Credit Card
O06555,C1884,2025-03-29,South,Online,UPI
O06556,C0440,2025-01-03,North,Online,UPI
O06557,C0888,2025-05-16,South,Store,Net Banking
O06558,C1063,2025-07-27,North,Store,Net Banking
O06559,C1816,2025-12-10,East,Online,UPI
O06560,C1157,2025-04-09,South,Store,UPI
O06561,C0139,2025-07-26,South,Store,UPI
O06562,C0676,2025-08-14,North,Online,UPI
O06563,C1773,2025-09-11,East,Store,UPI
O06564,C0545,2025-05-19,North,Store,UPI
O06565,C0682,2025-02-14,West,Online,Debit Card
O06566,C0303,2025-12-08,North,Store,Cash on Delivery
O06567,C1439,2025-12-17,South,Online,UPI
O06568,C0280,2025-06-29,East,Online,Credit Card
O06569,C0736,2025-08-19,North,Online,Debit Card
O06570,C1423,2025-01-14,East,Online,UPI
O06571,C1791,2025-01-22,East,Store,UPI
O06572,C0444,2025-02-04,East,Online,UPI
O06573,C0665,2025-10-11,South,Online,Debit Card
O06574,C0236,2025-04-09,East,Online,UPI
O06575,C0876,2025-03-22,South,Online,UPI
O06576,C1998,2025-01-04,West,Online,Debit Card
O06577,C0609,2025-01-11,West,Online,Credit Card
O06578,C0520,2025-06-17,South,Online,Net Banking
O06579,C0800,2025-08-05,West,Online,Credit Card
O06580,C1793,2025-08-18,West,Store,UPI
O06581,C1095,2025-07-06,South,Store,UPI
O06582,C1219,2025-07-07,West,Store,Net Banking
O06583,C1562,2025-10-15,South,Online,UPI
O06584,C1431,2025-05-04,North,Store,UPI
O06585,C1198,2025-04-13,West,Online,UPI
O06586,C1122,2025-11-17,North,Store,Cash on Delivery
O06587,C1067,2025-09-24,North,Online,Cash on Delivery
O06588,C0362,2025-07-13,North,Store,Debit Card
O06589,C0829,2025-04-28,South,Store,UPI
O06590,C1695,2025-03-02,West,Store,UPI
O06591,C0079,2025-01-18,West,Store,UPI
O06592,C1656,2025-11-16,South,Online,UPI
O06593,C1132,2025-08-23,East,Online,Cash on Delivery
O06594,C0700,2025-01-21,South,Online,Debit Card
O06595,C0229,2025-03-12,East,Online,UPI
O06596,C1528,2025-04-30,South,Store,Net Banking
O06597,C0002,2025-04-23,North,Store,UPI
O06598,C1087,2025-08-08,South,Store,Credit Card
O06599,C0325,2025-06-15,East,Store,UPI
O06600,C1819,2025-11-25,North,Online,Credit Card
O06601,C0365,2025-10-04,South,Store,UPI
O06602,C1606,2025-12-04,South,Store,UPI
O06603,C1149,2025-11-19,West,Store,Cash on Delivery
O06604,C0082,2025-12-08,South,Online,Cash on Delivery
O06605,C1441,2025-12-25,South,Online,Credit Card
O06606,C1759,2025-05-12,East,Online,Net Banking
O06607,C0443,2025-04-02,North,Online,UPI
O06608,C1938,2025-03-14,South,Online,Credit Card
O06609,C1597,2025-09-04,West,Online,UPI
O06610,C1485,2025-09-22,South,Online,UPI
O06611,C0673,2025-02-09,North,Online,Credit Card
O06612,C0240,2025-11-06,South,Online,Debit Card
O06613,C0859,2025-10-25,West,Store,Debit Card
O06614,C1615,2025-09-04,South,Online,Credit Card
O06615,C1174,2025-06-28,East,Online,Credit Card
O06616,C1295,2025-03-09,South,Online,Debit Card
O06617,C1563,2025-07-23,North,Online,Cash on Delivery
O06618,C0678,2025-03-12,West,Online,UPI
O06619,C0075,2025-08-27,North,Store,Credit Card
O06620,C1769,2025-05-12,South,Online,Cash on Delivery
O06621,C1227,2025-04-17,East,Online,Credit Card
O06622,C1132,2025-06-30,East,Online,Net Banking
O06623,C1147,2025-08-19,South,Online,Credit Card
O06624,C1706,2025-06-03,South,Store,Cash on Delivery
O06625,C1539,2025-12-21,East,Online,Net Banking
O06626,C1341,2025-01-03,West,Online,Credit Card
O06627,C1565,2025-12-05,North,Store,UPI
O06628,C0578,2025-01-01,North,Store,Credit Card
O06629,C1424,2025-04-05,South,Online,UPI
O06630,C1951,2025-12-30,South,Store,UPI
O06631,C0470,2025-10-07,West,Online,Credit Card
O06632,C1143,2025-09-10,West,Online,Credit Card
O06633,C1363,2025-10-07,West,Store,Net Banking
O06634,C1034,2025-06-18,North,Store,UPI
O06635,C1938,2025-10-25,West,Online,UPI
O06636,C0808,2025-03-10,North,Online,Debit Card
O06637,C0436,2025-10-29,South,Online,Debit Card
O06638,C0273,2025-12-13,West,Store,UPI
O06639,C1699,2025-11-18,South,Online,UPI
O06640,C1373,2025-10-11,South,Store,UPI
O06641,C1156,2025-09-12,South,Online,Net Banking
O06642,C0862,2025-07-29,East,Store,UPI
O06643,C0820,2025-06-13,West,Store,Credit Card
O06644,C1870,2025-11-20,South,Online,Cash on Delivery
O06645,C1361,2025-09-11,North,Online,UPI
O06646,C1931,2025-06-28,North,Online,Net Banking
O06647,C1604,2025-10-26,West,Store,Debit Card
O06648,C1536,2025-01-25,South,Online,Credit Card
O06649,C1108,2025-11-04,South,Store,Cash on Delivery
O06650,C0485,2025-11-03,South,Online,UPI
O06651,C1308,2025-04-09,West,Online,Net Banking
O06652,C1432,2025-01-18,South,Online,UPI
O06653,C1044,2025-10-03,North,Online,Credit Card
O06654,C0041,2025-03-29,East,Online,UPI
O06655,C1921,2025-12-30,South,Store,Credit Card
O06656,C1653,2025-01-05,South,Store,UPI
O06657,C0705,2025-04-10,East,Online,UPI
O06658,C0988,2025-01-20,West,Store,UPI
O06659,C0247,2025-10-25,North,Online,UPI
O06660,C1874,2025-08-18,East,Store,UPI
O06661,C0462,2025-11-15,North,Online,Debit Card
O06662,C0756,2025-12-20,North,Online,Debit Card
O06663,C0858,2025-08-29,West,Store,Debit Card
O06664,C0527,2025-04-11,East,Online,Debit Card
O06665,C1270,2025-02-11,North,Store,UPI
O06666,C1991,2025-11-21,South,Store,UPI
O06667,C1711,2025-04-16,West,Online,Debit Card
O06668,C1062,2025-11-29,South,Online,Credit Card
O06669,C0262,2025-11-24,West,Online,Debit Card
O06670,C1727,2025-09-04,South,Online,UPI
O06671,C0514,2025-08-27,North,Online,Credit Card
O06672,C1823,2025-12-17,West,Online,Credit Card
O06673,C0791,2025-10-16,West,Online,Debit Card
O06674,C1037,2025-09-23,North,Online,Cash on Delivery
O06675,C0874,2025-06-28,South,Online,Credit Card
O06676,C0912,2025-07-16,South,Online,Debit Card
O06677,C0330,2025-06-11,West,Online,Debit Card
O06678,C1106,2025-12-15,West,Store,Cash on Delivery
O06679,C0806,2025-09-07,East,Store,Net Banking
O06680,C1696,2025-10-24,West,Online,UPI
O06681,C0955,2025-01-18,West,Store,UPI
O06682,C1930,2025-11-16,East,Online,Cash on Delivery
O06683,C0594,2025-06-21,North,Online,Debit Card
O06684,C0657,2025-10-10,South,Online,Credit Card
O06685,C0074,2025-01-19,West,Online,Debit Card
O06686,C1478,2025-11-29,East,Store,UPI
O06687,C0147,2025-09-15,West,Online,Net Banking
O06688,C0571,2025-07-06,South,Store,Credit Card
O06689,C1822,2025-05-09,West,Online,Net Banking
O06690,C1222,2025-05-12,South,Online,Debit Card
O06691,C1118,2025-05-09,West,Online,UPI
O06692,C1610,2025-02-28,East,Online,Cash on Delivery
O06693,C1543,2025-07-08,East,Online,Credit Card
O06694,C1773,2025-07-05,West,Online,Debit Card
O06695,C1331,2025-06-19,East,Online,UPI
O06696,C0898,2025-09-29,North,Store,Credit Card
O06697,C0262,2025-06-22,East,Store,Debit Card
O06698,C0740,2025-02-10,East,Store,Debit Card
O06699,C1411,2025-11-16,East,Store,Cash on Delivery
O06700,C0507,2025-06-24,South,Online,Net Banking
O06701,C1342,2025-09-13,South,Store,Credit Card
O06702,C0267,2025-12-10,South,Store,Net Banking
O06703,C0121,2025-10-20,North,Online,Cash on Delivery
O06704,C0730,2025-08-04,East,Store,Cash on Delivery
O06705,C0460,2025-08-06,East,Online,Cash on Delivery
O06706,C1744,2025-11-15,East,Online,Debit Card
O06707,C0757,2025-11-07,North,Online,Net Banking
O06708,C0838,2025-03-20,West,Online,Debit Card
O06709,C0808,2025-09-03,West,Online,UPI
O06710,C0635,2025-11-20,North,Store,Net Banking
O06711,C1836,2025-11-01,South,Online,UPI
O06712,C1479,2025-02-25,North,Online,Credit Card
O06713,C0318,2025-06-28,North,Online,Credit Card
O06714,C0432,2025-07-28,South,Store,UPI
O06715,C0163,2025-04-21,North,Store,Net Banking
O06716,C0513,2025-09-21,West,Online,Credit Card
O06717,C1314,2025-07-13,North,Store,Credit Card
O06718,C1872,2025-05-07,North,Store,Credit Card
O06719,C0964,2025-05-22,South,Store,Debit Card
O06720,C0164,2025-11-18,North,Store,UPI
O06721,C0095,2025-11-20,South,Online,Credit Card
O06722,C0830,2025-11-04,West,Online,UPI
O06723,C0530,2025-12-05,West,Store,Cash on Delivery
O06724,C1154,2025-12-17,North,Store,UPI
O06725,C0237,2025-07-18,East,Online,Cash on Delivery
O06726,C0461,2025-02-13,South,Online,UPI
O06727,C1112,2025-10-31,North,Online,UPI
O06728,C0563,2025-09-06,East,Online,Cash on Delivery
O06729,C0730,2025-06-08,East,Online,Debit Card
O06730,C0444,2025-12-24,South,Online,Credit Card
O06731,C0104,2025-05-23,South,Online,Credit Card
O06732,C0691,2025-12-03,West,Online,UPI
O06733,C0660,2025-08-23,East,Online,UPI
O06734,C1798,2025-01-17,South,Online,UPI
O06735,C1786,2025-11-19,West,Online,UPI
O06736,C0864,2025-10-18,East,Online,UPI
O06737,C0576,2025-09-09,West,Online,Credit Card
O06738,C0836,2025-08-30,North,Online,Net Banking
O06739,C1216,2025-04-05,East,Online,Credit Card
O06740,C0774,2025-04-04,West,Online,Credit Card
O06741,C1513,2025-01-14,South,Store,UPI
O06742,C1929,2025-03-10,South,Store,Cash on Delivery
O06743,C0807,2025-05-22,West,Online,UPI
O06744,C0235,2025-08-05,South,Store,Credit Card
O06745,C0242,2025-02-28,South,Online,Cash on Delivery
O06746,C1744,2025-08-11,South,Online,Credit Card
O06747,C0833,2025-04-23,West,Online,Credit Card
O06748,C0655,2025-04-20,North,Store,Debit Card
O06749,C1239,2025-12-16,West,Online,UPI
O06750,C1914,2025-12-29,North,Store,Credit Card
O06751,C0850,2025-11-03,East,Store,Credit Card
O06752,C0631,2025-01-25,North,Online,Cash on Delivery
O06753,C1726,2025-10-07,North,Store,Cash on Delivery
O06754,C0166,2025-03-20,South,Store,Debit Card
O06755,C1689,2025-08-15,West,Online,Credit Card
O06756,C1041,2025-11-29,South,Online,Credit Card
O06757,C0041,2025-06-08,West,Online,Cash on Delivery
O06758,C0456,2025-12-10,East,Online,Debit Card
O06759,C1359,2025-10-01,South,Online,UPI
O06760,C1506,2025-05-08,South,Online,Cash on Delivery
O06761,C0392,2025-02-12,North,Online,Cash on Delivery
O06762,C1315,2025-11-04,East,Online,UPI
O06763,C1979,2025-07-06,North,Online,Debit Card
O06764,C1373,2025-02-02,South,Store,Net Banking
O06765,C1405,2025-02-16,West,Online,UPI
O06766,C0387,2025-12-22,West,Store,Cash on Delivery
O06767,C1275,2025-04-15,North,Online,UPI
O06768,C1418,2025-12-21,North,Online,Credit Card
O06769,C0222,2025-09-22,North,Online,Cash on Delivery
O06770,C0623,2025-05-08,South,Online,Cash on Delivery
O06771,C1766,2025-06-09,East,Online,UPI
O06772,C1998,2025-10-23,South,Online,Net Banking
O06773,C0347,2025-06-28,South,Store,Debit Card
O06774,C1464,2025-02-03,North,Online,Net Banking
O06775,C1004,2025-04-10,West,Online,Credit Card
O06776,C1181,2025-11-19,West,Online,Cash on Delivery
O06777,C1022,2025-09-27,South,Store,Debit Card
O06778,C1735,2025-07-22,South,Store,Debit Card
O06779,C0891,2025-04-16,South,Online,Credit Card
O06780,C1179,2025-07-12,North,Online,Credit Card
O06781,C1339,2025-10-27,South,Store,UPI
O06782,C1106,2025-02-06,East,Store,UPI
O06783,C1760,2025-12-30,North,Store,Cash on Delivery
O06784,C0475,2025-11-18,North,Store,Debit Card
O06785,C1897,2025-05-15,East,Online,Credit Card
O06786,C1357,2025-11-22,North,Online,Credit Card
O06787,C1921,2025-09-22,West,Online,Debit Card
O06788,C0750,2025-09-17,East,Online,Credit Card
O06789,C0958,2025-03-04,West,Store,Net Banking
O06790,C0087,2025-12-03,South,Online,UPI
O06791,C1848,2025-07-03,West,Online,UPI
O06792,C1633,2025-11-01,South,Store,UPI
O06793,C0593,2025-05-08,North,Online,UPI
O06794,C0104,2025-05-11,East,Online,Debit Card
O06795,C1394,2025-12-21,North,Store,Debit Card
O06796,C1345,2025-07-20,South,Online,Credit Card
O06797,C1056,2025-01-28,South,Online,Net Banking
O06798,C0314,2025-11-11,West,Online,Cash on Delivery
O06799,C1837,2025-04-09,South,Online,Debit Card
O06800,C0866,2025-11-24,West,Online,Debit Card
O06801,C1450,2025-12-06,North,Store,Credit Card
O06802,C1719,2025-02-03,North,Online,Credit Card
O06803,C1097,2025-08-19,West,Store,UPI
O06804,C0189,2025-12-26,West,Online,UPI
O06805,C1776,2025-12-11,South,Store,UPI
O06806,C1335,2025-07-30,North,Online,Credit Card
O06807,C1789,2025-09-22,West,Store,UPI
O06808,C1226,2025-08-27,South,Online,Credit Card
O06809,C1815,2025-03-30,North,Store,Net Banking
O06810,C1736,2025-09-12,West,Online,Credit Card
O06811,C0432,2025-05-21,South,Store,Credit Card
O06812,C0346,2025-05-23,West,Online,Credit Card
O06813,C0321,2025-06-22,South,Store,Credit Card
O06814,C1600,2025-11-16,North,Online,UPI
O06815,C0481,2025-04-13,South,Online,Debit Card
O06816,C0901,2025-04-18,East,Store,UPI
O06817,C1576,2025-01-04,West,Online,Credit Card
O06818,C0858,2025-03-10,South,Store,Debit Card
O06819,C0124,2025-12-25,South,Online,Credit Card
O06820,C0724,2025-06-27,East,Store,Cash on Delivery
O06821,C0190,2025-03-27,West,Online,UPI
O06822,C0772,2025-12-21,North,Online,Credit Card
O06823,C1474,2025-01-13,East,Store,UPI
O06824,C1040,2025-07-16,South,Store,Cash on Delivery
O06825,C1350,2025-11-01,West,Store,UPI
O06826,C0214,2025-10-22,North,Store,Credit Card
O06827,C1501,2025-03-24,North,Online,Credit Card
O06828,C0851,2025-10-01,West,Store,Cash on Delivery
O06829,C0574,2025-09-02,East,Online,Credit Card
O06830,C1304,2025-09-20,West,Online,Credit Card
O06831,C0270,2025-04-24,East,Store,Credit Card
O06832,C0997,2025-11-03,South,Online,Debit Card
O06833,C0845,2025-08-11,West,Store,UPI
O06834,C0332,2025-10-06,South,Store,UPI
O06835,C1905,2025-12-13,East,Store,UPI
O06836,C0727,2025-11-17,South,Online,Credit Card
O06837,C0082,2025-10-25,North,Store,Credit Card
O06838,C0886,2025-05-04,South,Online,Cash on Delivery
O06839,C1934,2025-01-25,South,Online,Credit Card
O06840,C1338,2025-08-17,South,Store,UPI
O06841,C1274,2025-01-16,North,Store,Credit Card
O06842,C1802,2025-10-03,South,Online,Credit Card
O06843,C0168,2025-10-10,North,Store,Debit Card
O06844,C1101,2025-08-13,North,Store,Debit Card
O06845,C0642,2025-03-16,East,Online,Debit Card
O06846,C1353,2025-11-23,North,Online,Cash on Delivery
O06847,C1706,2025-08-24,North,Store,UPI
O06848,C0155,2025-07-27,West,Online,Debit Card
O06849,C0317,2025-08-14,South,Online,Net Banking
O06850,C1909,2025-02-07,West,Online,UPI
O06851,C0984,2025-10-11,East,Store,Debit Card
O06852,C0631,2025-01-28,South,Store,UPI
O06853,C0305,2025-08-18,South,Store,Credit Card
O06854,C0709,2025-03-16,West,Store,Credit Card
O06855,C0010,2025-04-01,North,Store,UPI
O06856,C0446,2025-04-11,South,Store,Debit Card
O06857,C0367,2025-01-07,East,Online,Credit Card
O06858,C0170,2025-11-28,South,Online,UPI
O06859,C1939,2025-11-01,West,Online,Debit Card
O06860,C1581,2025-01-15,East,Online,Credit Card
O06861,C1881,2025-01-26,West,Online,UPI
O06862,C0481,2025-10-25,West,Online,Net Banking
O06863,C0577,2025-01-04,East,Online,Cash on Delivery
O06864,C0566,2025-07-10,South,Online,Credit Card
O06865,C1118,2025-02-18,South,Online,Cash on Delivery
O06866,C0364,2025-08-23,East,Online,Cash on Delivery
O06867,C0471,2025-12-31,West,Store,Credit Card
O06868,C1950,2025-03-17,East,Store,Cash on Delivery
O06869,C0705,2025-12-18,East,Store,Net Banking
O06870,C1563,2025-11-20,West,Online,Net Banking
O06871,C0458,2025-12-27,West,Store,UPI
O06872,C1860,2025-10-20,West,Store,Net Banking
O06873,C1388,2025-11-18,South,Online,UPI
O06874,C1724,2025-08-24,West,Online,Debit Card
O06875,C1033,2025-11-21,North,Online,UPI
O06876,C1813,2025-02-19,East,Online,Net Banking
O06877,C0726,2025-10-12,East,Online,Net Banking
O06878,C0959,2025-09-04,East,Online,Credit Card
O06879,C0124,2025-01-28,South,Online,Credit Card
O06880,C0342,2025-05-05,West,Online,UPI
O06881,C1543,2025-04-04,South,Online,UPI
O06882,C0654,2025-06-17,West,Store,Cash on Delivery
O06883,C0205,2025-03-28,East,Online,Debit Card
O06884,C0585,2025-04-28,East,Store,Debit Card
O06885,C0706,2025-05-06,East,Online,Net Banking
O06886,C1435,2025-08-25,West,Store,Credit Card
O06887,C0182,2025-03-02,West,Store,Credit Card
O06888,C0052,2025-04-14,South,Online,Credit Card
O06889,C1449,2025-05-14,West,Store,UPI
O06890,C0285,2025-07-03,South,Store,Net Banking
O06891,C0840,2025-01-18,North,Store,Net Banking
O06892,C1366,2025-12-31,West,Online,Credit Card
O06893,C1029,2025-05-08,North,Online,Credit Card
O06894,C0247,2025-05-03,East,Store,Credit Card
O06895,C1445,2025-08-10,South,Online,Debit Card
O06896,C0097,2025-11-17,North,Online,Debit Card
O06897,C0465,2025-07-06,North,Store,UPI
O06898,C0219,2025-04-18,East,Store,Debit Card
O06899,C1026,2025-08-14,South,Online,Debit Card
O06900,C1382,2025-07-15,North,Online,UPI
O06901,C1300,2025-06-24,West,Online,Debit Card
O06902,C0279,2025-12-27,South,Online,Credit Card
O06903,C0687,2025-12-30,South,Store,Net Banking
O06904,C0293,2025-08-12,West,Online,Cash on Delivery
O06905,C0686,2025-01-31,South,Online,Credit Card
O06906,C0461,2025-08-14,North,Store,Credit Card
O06907,C1481,2025-12-17,South,Online,Cash on Delivery
O06908,C1502,2025-12-09,South,Store,UPI
O06909,C1637,2025-04-04,North,Online,Credit Card
O06910,C0401,2025-03-25,South,Online,Credit Card
O06911,C0027,2025-03-09,South,Store,UPI
O06912,C0071,2025-11-06,South,Online,Net Banking
O06913,C1687,2025-07-18,South,Store,UPI
O06914,C1812,2025-05-23,West,Online,Net Banking
O06915,C0424,2025-05-17,North,Store,Debit Card
O06916,C1753,2025-04-28,North,Online,Debit Card
O06917,C1060,2025-11-26,South,Store,UPI
O06918,C0370,2025-06-19,South,Store,Credit Card
O06919,C0626,2025-04-16,North,Online,Cash on Delivery
O06920,C0531,2025-10-01,South,Online,Credit Card
O06921,C1528,2025-09-06,South,Store,UPI
O06922,C0378,2025-10-03,South,Store,Debit Card
O06923,C0367,2025-11-07,North,Online,Debit Card
O06924,C1440,2025-02-15,North,Store,Credit Card
O06925,C0605,2025-01-01,South,Store,Credit Card
O06926,C0501,2025-01-24,South,Store,Credit Card
O06927,C1616,2025-09-30,North,Online,UPI
O06928,C1863,2025-12-12,South,Online,Debit Card
O06929,C1111,2025-05-20,West,Store,Cash on Delivery
O06930,C1656,2025-10-25,North,Store,Net Banking
O06931,C1683,2025-10-08,South,Online,Debit Card
O06932,C1177,2025-12-25,West,Online,Credit Card
O06933,C1660,2025-07-11,North,Store,Debit Card
O06934,C0018,2025-03-15,North,Online,Credit Card
O06935,C0071,2025-10-19,West,Online,Net Banking
O06936,C1768,2025-11-06,West,Online,Credit Card
O06937,C0281,2025-09-30,West,Online,UPI
O06938,C1456,2025-11-20,West,Online,Credit Card
O06939,C0841,2025-06-04,South,Online,UPI
O06940,C1576,2025-09-25,South,Store,Credit Card
O06941,C1331,2025-04-24,South,Store,Net Banking
O06942,C0144,2025-07-02,West,Online,Debit Card
O06943,C0674,2025-04-15,West,Online,UPI
O06944,C1418,2025-03-10,West,Store,Debit Card
O06945,C1844,2025-01-17,North,Online,UPI
O06946,C1610,2025-09-19,East,Store,Debit Card
O06947,C1784,2025-11-23,West,Store,UPI
O06948,C1914,2025-05-13,North,Store,Debit Card
O06949,C1789,2025-06-26,South,Store,Net Banking
O06950,C1161,2025-01-02,North,Store,UPI
O06951,C0673,2025-06-20,West,Store,Debit Card
O06952,C1017,2025-05-01,East,Online,Debit Card
O06953,C1592,2025-08-16,East,Store,Debit Card
O06954,C0851,2025-12-04,South,Online,Cash on Delivery
O06955,C1662,2025-07-24,East,Online,Credit Card
O06956,C1403,2025-09-20,North,Online,UPI
O06957,C0419,2025-09-30,North,Store,Debit Card
O06958,C1842,2025-03-09,West,Store,Credit Card
O06959,C1693,2025-05-26,West,Store,Net Banking
O06960,C1200,2025-02-20,North,Online,Net Banking
O06961,C0389,2025-06-30,South,Store,Debit Card
O06962,C0455,2025-11-27,West,Store,Credit Card
O06963,C1679,2025-07-15,South,Online,Credit Card
O06964,C0036,2025-07-06,South,Online,Cash on Delivery
O06965,C0968,2025-04-02,North,Online,Credit Card
O06966,C1239,2025-05-12,North,Online,Credit Card
O06967,C0466,2025-12-12,East,Online,Debit Card
O06968,C1730,2025-05-09,North,Online,UPI
O06969,C1045,2025-10-08,North,Online,Debit Card
O06970,C0132,2025-01-20,East,Store,UPI
O06971,C0641,2025-02-27,West,Online,Cash on Delivery
O06972,C0796,2025-05-12,North,Store,Credit Card
O06973,C0446,2025-12-01,East,Online,UPI
O06974,C1881,2025-04-06,North,Online,Net Banking
O06975,C0722,2025-10-07,North,Store,Net Banking
O06976,C1004,2025-03-15,West,Online,UPI
O06977,C1071,2025-08-30,West,Online,UPI
O06978,C0442,2025-08-21,North,Store,Credit Card
O06979,C1136,2025-09-02,North,Online,Debit Card
O06980,C0708,2025-05-02,West,Store,UPI
O06981,C0021,2025-03-13,South,Store,Credit Card
O06982,C0817,2025-11-27,South,Online,Credit Card
O06983,C1168,2025-08-15,West,Store,Net Banking
O06984,C0235,2025-04-03,South,Store,Net Banking
O06985,C1559,2025-06-20,West,Store,UPI
O06986,C1322,2025-01-31,South,Online,Debit Card
O06987,C0620,2025-07-13,South,Store,Credit Card
O06988,C1185,2025-06-24,North,Online,Credit Card
O06989,C0608,2025-03-01,West,Online,UPI
O06990,C1296,2025-07-01,North,Store,Debit Card
O06991,C0308,2025-09-08,South,Store,Net Banking
O06992,C1222,2025-12-10,South,Online,UPI
O06993,C0111,2025-09-29,South,Online,UPI
O06994,C0034,2025-07-22,South,Store,Debit Card
O06995,C0509,2025-10-21,South,Online,Cash on Delivery
O06996,C0349,2025-04-30,West,Online,Debit Card
O06997,C0982,2025-09-18,South,Online,UPI
O06998,C0332,2025-01-03,North,Store,Net Banking
O06999,C0489,2025-02-02,West,Store,Credit Card
O07000,C0196,2025-09-03,South,Online,Credit Card
O07001,C1774,2025-03-26,North,Store,UPI
O07002,C1471,2025-09-24,West,Online,UPI
O07003,C0436,2025-09-07,West,Online,Credit Card
O07004,C0241,2025-01-29,West,Store,Net Banking
O07005,C1701,2025-06-12,North,Online,Debit Card
O07006,C1337,2025-08-30,West,Online,Cash on Delivery
O07007,C1772,2025-10-03,East,Online,Credit Card
O07008,C0357,2025-11-05,West,Online,Debit Card
O07009,C0718,2025-05-20,West,Online,Debit Card
O07010,C0237,2025-11-11,East,Store,Credit Card
O07011,C0847,2025-05-29,North,Online,UPI
O07012,C0326,2025-01-04,East,Store,Net Banking
O07013,C0009,2025-08-29,North,Online,UPI
O07014,C1017,2025-04-15,West,Store,Cash on Delivery
O07015,C1959,2025-02-25,North,Store,Net Banking
O07016,C1291,2025-04-21,West,Store,UPI
O07017,C1514,2025-11-08,South,Online,UPI
O07018,C1624,2025-12-05,West,Online,Debit Card
O07019,C1945,2025-12-20,South,Online,Credit Card
O07020,C0258,2025-05-09,North,Online,Debit Card
O07021,C0502,2025-07-06,North,Online,UPI
O07022,C1233,2025-10-31,East,Store,Net Banking
O07023,C1643,2025-05-15,South,Online,Credit Card
O07024,C1548,2025-06-09,West,Store,Credit Card
O07025,C1456,2025-04-13,West,Store,Cash on Delivery
O07026,C0625,2025-08-16,West,Online,Net Banking
O07027,C0730,2025-09-14,South,Store,Debit Card
O07028,C0160,2025-05-15,West,Online,Net Banking
O07029,C0628,2025-01-12,North,Store,Cash on Delivery
O07030,C0312,2025-10-10,South,Store,Net Banking
O07031,C1877,2025-08-31,North,Store,Net Banking
O07032,C0184,2025-04-06,South,Online,UPI
O07033,C0727,2025-05-14,West,Store,Net Banking
O07034,C1775,2025-12-19,East,Store,Net Banking
O07035,C1912,2025-09-05,South,Online,Debit Card
O07036,C0754,2025-08-24,South,Online,Debit Card
O07037,C0931,2025-09-08,East,Store,Debit Card
O07038,C1047,2025-12-18,South,Online,Credit Card
O07039,C1645,2025-05-23,West,Online,UPI
O07040,C1538,2025-04-30,West,Store,Debit Card
O07041,C1049,2025-06-06,North,Store,Credit Card
O07042,C0743,2025-10-31,West,Online,Credit Card
O07043,C0745,2025-02-24,North,Online,Cash on Delivery
O07044,C1299,2025-04-01,East,Online,UPI
O07045,C1671,2025-04-09,West,Online,Cash on Delivery
O07046,C0154,2025-09-07,West,Online,Credit Card
O07047,C1538,2025-09-09,East,Store,Cash on Delivery
O07048,C0962,2025-06-04,South,Store,UPI
O07049,C0291,2025-04-28,East,Store,UPI
O07050,C0194,2025-10-16,East,Store,Debit Card
O07051,C0675,2025-01-15,East,Store,Credit Card
O07052,C0497,2025-10-11,South,Online,Debit Card
O07053,C0209,2025-04-02,West,Online,Debit Card
O07054,C0587,2025-12-02,North,Online,Credit Card
O07055,C1668,2025-06-20,South,Store,Cash on Delivery
O07056,C1436,2025-09-09,West,Store,Credit Card
O07057,C0419,2025-02-24,South,Online,UPI
O07058,C1349,2025-04-20,South,Online,Net Banking
O07059,C0904,2025-09-28,East,Online,Credit Card
O07060,C1495,2025-08-08,East,Online,Credit Card
O07061,C0495,2025-10-21,South,Store,Debit Card
O07062,C0124,2025-08-13,South,Online,UPI
O07063,C0626,2025-08-15,West,Online,Credit Card
O07064,C1988,2025-11-18,South,Store,UPI
O07065,C1112,2025-06-24,North,Online,UPI
O07066,C0109,2025-11-29,North,Online,Credit Card
O07067,C1951,2025-06-05,West,Store,UPI
O07068,C1652,2025-05-19,North,Online,Net Banking
O07069,C1088,2025-10-24,South,Online,Net Banking
O07070,C1481,2025-01-06,South,Online,UPI
O07071,C0370,2025-03-17,North,Online,Debit Card
O07072,C1184,2025-02-02,South,Online,Credit Card
O07073,C1826,2025-07-26,South,Store,UPI
O07074,C0878,2025-09-04,North,Online,UPI
O07075,C0078,2025-01-05,South,Store,Debit Card
O07076,C1515,2025-03-13,West,Online,UPI
O07077,C1461,2025-05-09,North,Store,Net Banking
O07078,C1480,2025-05-06,South,Store,Net Banking
O07079,C1297,2025-02-13,West,Online,Debit Card
O07080,C0275,2025-03-18,South,Store,Net Banking
O07081,C0230,2025-11-14,North,Store,UPI
O07082,C1586,2025-09-28,West,Online,Debit Card
O07083,C1711,2025-05-06,East,Store,UPI
O07084,C0158,2025-04-23,South,Online,Credit Card
O07085,C1163,2025-02-06,North,Store,Credit Card
O07086,C1002,2025-05-27,North,Online,UPI
O07087,C0701,2025-06-14,North,Online,Debit Card
O07088,C1291,2025-12-02,North,Online,UPI
O07089,C1829,2025-10-12,South,Online,UPI
O07090,C1644,2025-07-14,West,Online,Net Banking
O07091,C0307,2025-03-02,West,Online,UPI
O07092,C0927,2025-09-13,South,Store,UPI
O07093,C1872,2025-12-12,West,Online,UPI
O07094,C0474,2025-02-05,North,Online,Credit Card
O07095,C1709,2025-11-15,West,Store,Net Banking
O07096,C0982,2025-03-21,East,Store,Net Banking
O07097,C1043,2025-09-28,North,Store,Debit Card
O07098,C0501,2025-03-22,West,Online,Credit Card
O07099,C1839,2025-08-25,West,Store,Net Banking
O07100,C1058,2025-04-13,West,Online,Debit Card
O07101,C1150,2025-08-05,West,Online,Net Banking
O07102,C0926,2025-08-25,South,Store,UPI
O07103,C0179,2025-09-01,West,Online,Debit Card
O07104,C1562,2025-09-22,North,Online,UPI
O07105,C0658,2025-02-01,West,Online,Credit Card
O07106,C0481,2025-09-29,South,Online,Net Banking
O07107,C1565,2025-03-10,South,Online,Debit Card
O07108,C0400,2025-09-20,West,Store,Net Banking
O07109,C1366,2025-02-25,South,Store,UPI
O07110,C0949,2025-07-14,North,Store,Credit Card
O07111,C1600,2025-06-10,North,Online,Cash on Delivery
O07112,C0102,2025-12-22,South,Store,UPI
O07113,C1550,2025-09-05,East,Store,UPI
O07114,C0459,2025-02-09,North,Online,Credit Card
O07115,C1742,2025-09-28,South,Online,Debit Card
O07116,C0708,2025-03-26,North,Online,Credit Card
O07117,C0014,2025-05-02,North,Online,UPI
O07118,C0976,2025-06-07,West,Online,Debit Card
O07119,C0110,2025-10-23,South,Store,Debit Card
O07120,C0539,2025-12-15,North,Store,Debit Card
O07121,C1434,2025-12-09,South,Online,UPI
O07122,C1122,2025-03-17,West,Online,UPI
O07123,C1418,2025-01-28,North,Online,Credit Card
O07124,C1757,2025-11-09,North,Online,Credit Card
O07125,C0937,2025-05-03,North,Store,UPI
O07126,C1088,2025-08-19,South,Online,Net Banking
O07127,C0117,2025-12-25,South,Store,Cash on Delivery
O07128,C0574,2025-03-23,East,Online,UPI
O07129,C1449,2025-06-06,North,Online,Credit Card
O07130,C0124,2025-11-21,North,Store,Credit Card
O07131,C0719,2025-09-11,South,Online,Credit Card
O07132,C0274,2025-12-13,East,Online,Credit Card
O07133,C1715,2025-09-05,South,Store,Credit Card
O07134,C1123,2025-05-09,South,Online,Credit Card
O07135,C1289,2025-11-01,North,Store,UPI
O07136,C1368,2025-10-17,West,Store,Debit Card
O07137,C0449,2025-12-11,North,Online,Credit Card
O07138,C0100,2025-07-13,West,Online,UPI
O07139,C0796,2025-07-22,East,Store,Credit Card
O07140,C0372,2025-05-17,South,Online,UPI
O07141,C0644,2025-04-26,South,Online,Credit Card
O07142,C0639,2025-12-30,North,Online,UPI
O07143,C1565,2025-12-25,North,Store,Debit Card
O07144,C0640,2025-08-01,East,Store,Credit Card
O07145,C0303,2025-12-18,West,Online,Debit Card
O07146,C1917,2025-05-29,North,Online,Credit Card
O07147,C0099,2025-11-15,West,Store,Debit Card
O07148,C0408,2025-09-06,South,Online,Net Banking
O07149,C0695,2025-10-04,South,Online,Credit Card
O07150,C0126,2025-10-04,South,Online,Credit Card
O07151,C1799,2025-09-07,South,Online,Net Banking
O07152,C0707,2025-11-16,South,Online,Debit Card
O07153,C1565,2025-06-12,South,Online,Credit Card
O07154,C0269,2025-11-15,East,Online,Debit Card
O07155,C1044,2025-03-22,South,Store,UPI
O07156,C0254,2025-03-29,North,Online,UPI
O07157,C0464,2025-10-04,East,Store,Debit Card
O07158,C0815,2025-10-14,West,Store,Debit Card
O07159,C1726,2025-12-02,North,Online,Credit Card
O07160,C0613,2025-04-28,South,Store,UPI
O07161,C1510,2025-01-26,South,Online,Cash on Delivery
O07162,C0184,2025-07-24,North,Online,Debit Card
O07163,C0504,2025-11-23,West,Online,Credit Card
O07164,C1209,2025-12-23,West,Online,UPI
O07165,C0937,2025-11-18,East,Online,Credit Card
O07166,C1004,2025-07-18,North,Store,UPI
O07167,C1357,2025-11-20,West,Store,Credit Card
O07168,C0155,2025-04-04,South,Online,Cash on Delivery
O07169,C1391,2025-12-08,East,Online,Debit Card
O07170,C1726,2025-08-14,East,Online,Cash on Delivery
O07171,C1533,2025-06-11,North,Online,Credit Card
O07172,C0570,2025-08-19,North,Online,UPI
O07173,C0702,2025-10-25,West,Online,Cash on Delivery
O07174,C1923,2025-04-14,South,Online,Net Banking
O07175,C1580,2025-02-15,East,Online,Credit Card
O07176,C1864,2025-10-09,North,Store,UPI
O07177,C1827,2025-12-17,West,Online,Debit Card
O07178,C0869,2025-09-07,North,Online,UPI
O07179,C0259,2025-03-05,West,Store,Cash on Delivery
O07180,C0458,2025-09-09,South,Store,Debit Card
O07181,C0589,2025-02-22,North,Online,UPI
O07182,C1670,2025-05-09,South,Online,UPI
O07183,C0553,2025-01-15,South,Store,UPI
O07184,C0723,2025-07-17,South,Store,Net Banking
O07185,C1703,2025-05-16,South,Online,UPI
O07186,C0328,2025-02-13,East,Store,Credit Card
O07187,C1328,2025-05-11,South,Online,Credit Card
O07188,C1104,2025-09-11,West,Online,Credit Card
O07189,C1969,2025-05-04,North,Store,Debit Card
O07190,C0979,2025-03-05,East,Online,UPI
O07191,C1043,2025-08-06,North,Online,UPI
O07192,C1701,2025-10-15,East,Store,Credit Card
O07193,C1984,2025-11-09,North,Online,Cash on Delivery
O07194,C1459,2025-07-11,North,Store,Credit Card
O07195,C1397,2025-10-02,West,Store,UPI
O07196,C1753,2025-11-10,South,Store,Credit Card
O07197,C1960,2025-09-19,West,Store,UPI
O07198,C1470,2025-07-31,North,Store,Debit Card
O07199,C0585,2025-01-28,North,Online,UPI
O07200,C1285,2025-05-04,North,Store,Cash on Delivery
O07201,C0473,2025-05-16,North,Online,Debit Card
O07202,C1001,2025-06-13,North,Store,Debit Card
O07203,C0889,2025-12-17,South,Online,UPI
O07204,C1976,2025-04-01,South,Store,UPI
O07205,C1109,2025-08-05,West,Online,UPI
O07206,C1919,2025-12-29,South,Online,Net Banking
O07207,C1617,2025-09-01,East,Store,Cash on Delivery
O07208,C1698,2025-04-01,South,Online,UPI
O07209,C0339,2025-12-19,South,Online,Cash on Delivery
O07210,C1551,2025-05-22,North,Store,Debit Card
O07211,C0503,2025-01-22,South,Online,Net Banking
O07212,C1156,2025-06-27,West,Online,Cash on Delivery
O07213,C0973,2025-04-14,South,Online,Cash on Delivery
O07214,C0520,2025-11-06,South,Store,Credit Card
O07215,C1970,2025-04-06,North,Online,Credit Card
O07216,C1751,2025-11-06,West,Online,Debit Card
O07217,C1149,2025-01-17,West,Store,UPI
O07218,C0022,2025-12-10,South,Store,Credit Card
O07219,C0367,2025-01-20,West,Store,Net Banking
O07220,C0455,2025-12-13,West,Online,UPI
O07221,C1944,2025-02-03,South,Store,Credit Card
O07222,C0808,2025-11-22,North,Store,UPI
O07223,C0094,2025-11-10,West,Store,Credit Card
O07224,C1173,2025-08-23,East,Store,UPI
O07225,C1901,2025-01-17,North,Store,Cash on Delivery
O07226,C1122,2025-09-02,West,Store,Net Banking
O07227,C0889,2025-08-31,South,Store,UPI
O07228,C0352,2025-08-11,North,Store,Credit Card
O07229,C1758,2025-09-05,West,Online,UPI
O07230,C0210,2025-12-22,North,Store,UPI
O07231,C1868,2025-12-30,West,Online,Credit Card
O07232,C0445,2025-07-29,South,Online,Credit Card
O07233,C0277,2025-02-11,North,Online,Credit Card
O07234,C0698,2025-03-01,North,Online,UPI
O07235,C0010,2025-10-05,South,Online,Credit Card
O07236,C0029,2025-12-26,North,Online,Cash on Delivery
O07237,C0373,2025-06-28,West,Store,Net Banking
O07238,C1385,2025-02-14,West,Store,UPI
O07239,C1629,2025-05-28,East,Online,Debit Card
O07240,C0496,2025-06-09,South,Online,UPI
O07241,C1290,2025-12-30,South,Online,Net Banking
O07242,C0703,2025-09-24,South,Store,Net Banking
O07243,C0866,2025-02-22,East,Online,Debit Card
O07244,C0670,2025-05-22,South,Online,Debit Card
O07245,C1783,2025-01-23,North,Online,Net Banking
O07246,C1024,2025-09-12,North,Online,UPI
O07247,C1013,2025-09-19,North,Store,Debit Card
O07248,C1720,2025-01-27,South,Store,UPI
O07249,C1315,2025-05-22,South,Online,UPI
O07250,C0299,2025-12-02,East,Online,Debit Card
O07251,C0378,2025-11-08,West,Store,UPI
O07252,C0682,2025-08-16,South,Store,UPI
O07253,C0196,2025-07-16,South,Store,UPI
O07254,C1385,2025-12-29,North,Store,Cash on Delivery
O07255,C0991,2025-10-05,East,Store,UPI
O07256,C0089,2025-12-17,West,Online,Credit Card
O07257,C0801,2025-02-02,West,Online,UPI
O07258,C1660,2025-04-03,North,Store,Cash on Delivery
O07259,C1815,2025-01-15,South,Online,UPI
O07260,C1924,2025-11-21,East,Online,Credit Card
O07261,C1846,2025-09-26,South,Store,Credit Card
O07262,C1216,2025-03-20,South,Online,Debit Card
O07263,C1855,2025-12-24,South,Online,Net Banking
O07264,C1914,2025-12-18,South,Online,UPI
O07265,C1271,2025-04-08,West,Online,UPI
O07266,C0827,2025-09-10,North,Online,Credit Card
O07267,C1933,2025-09-17,West,Online,Credit Card
O07268,C0831,2025-01-02,North,Online,Net Banking
O07269,C0333,2025-09-24,South,Store,UPI
O07270,C0213,2025-04-07,West,Online,Net Banking
O07271,C1135,2025-12-01,West,Store,UPI
O07272,C0071,2025-11-12,West,Store,UPI
O07273,C0238,2025-12-03,South,Online,Debit Card
O07274,C0490,2025-10-17,North,Online,Debit Card
O07275,C1060,2025-03-14,South,Store,UPI
O07276,C0957,2025-05-31,South,Online,Cash on Delivery
O07277,C1023,2025-10-01,South,Online,UPI
O07278,C1016,2025-05-17,North,Online,Net Banking
O07279,C1989,2025-10-01,South,Store,UPI
O07280,C0436,2025-05-22,South,Store,UPI
O07281,C0949,2025-03-20,West,Store,Net Banking
O07282,C1226,2025-07-28,South,Online,UPI
O07283,C0548,2025-09-23,South,Online,Credit Card
O07284,C0363,2025-07-28,North,Online,Net Banking
O07285,C0094,2025-09-09,North,Store,UPI
O07286,C0653,2025-06-29,South,Store,Debit Card
O07287,C0509,2025-10-24,South,Online,Credit Card
O07288,C0392,2025-09-11,West,Online,UPI
O07289,C0543,2025-08-17,East,Online,UPI
O07290,C1394,2025-06-28,North,Store,UPI
O07291,C1656,2025-08-03,South,Store,Credit Card
O07292,C1034,2025-01-24,East,Online,Credit Card
O07293,C0134,2025-09-17,West,Online,Debit Card
O07294,C1473,2025-03-31,West,Store,Credit Card
O07295,C0304,2025-11-19,East,Online,Credit Card
O07296,C0115,2025-11-03,North,Store,Net Banking
O07297,C1137,2025-07-31,West,Store,Credit Card
O07298,C0851,2025-11-15,West,Store,Cash on Delivery
O07299,C0624,2025-09-18,East,Online,Credit Card
O07300,C1934,2025-03-04,South,Store,Cash on Delivery
O07301,C0183,2025-10-11,South,Online,Net Banking
O07302,C0108,2025-12-30,West,Online,Credit Card
O07303,C1175,2025-01-19,East,Online,Debit Card
O07304,C0837,2025-04-16,South,Online,UPI
O07305,C1604,2025-08-25,South,Store,Credit Card
O07306,C0081,2025-06-21,West,Store,Credit Card
O07307,C0839,2025-09-07,South,Online,Credit Card
O07308,C0294,2025-08-21,North,Online,UPI
O07309,C0083,2025-10-27,West,Online,Net Banking
O07310,C0926,2025-02-02,North,Online,UPI
O07311,C1470,2025-06-30,North,Online,Net Banking
O07312,C0316,2025-11-19,West,Online,Cash on Delivery
O07313,C1685,2025-06-01,North,Store,UPI
O07314,C1038,2025-07-23,South,Online,Credit Card
O07315,C0961,2025-01-10,West,Store,Credit Card
O07316,C1846,2025-04-08,West,Online,Cash on Delivery
O07317,C0659,2025-07-08,South,Online,Net Banking
O07318,C0401,2025-06-15,South,Online,Credit Card
O07319,C1573,2025-10-03,West,Online,Cash on Delivery
O07320,C0215,2025-08-29,West,Online,Credit Card
O07321,C1745,2025-11-25,North,Online,Credit Card
O07322,C1651,2025-11-17,South,Store,Credit Card
O07323,C1954,2025-04-15,South,Online,Net Banking
O07324,C0921,2025-01-09,East,Online,UPI
O07325,C1245,2025-11-17,South,Online,Debit Card
O07326,C1766,2025-05-19,East,Online,UPI
O07327,C0264,2025-05-26,North,Store,UPI
O07328,C0613,2025-03-11,North,Online,Cash on Delivery
O07329,C0944,2025-09-26,South,Online,Debit Card
O07330,C1256,2025-04-30,East,Store,Credit Card
O07331,C1359,2025-03-19,East,Online,Debit Card
O07332,C1847,2025-07-23,North,Online,Credit Card
O07333,C0979,2025-10-15,North,Store,UPI
O07334,C0344,2025-04-26,West,Store,Credit Card
O07335,C0380,2025-10-05,South,Store,Cash on Delivery
O07336,C1602,2025-07-08,East,Online,UPI
O07337,C0923,2025-06-16,South,Online,UPI
O07338,C1264,2025-05-31,West,Online,Debit Card
O07339,C1126,2025-03-06,West,Online,Credit Card
O07340,C1626,2025-05-20,North,Store,Credit Card
O07341,C0437,2025-11-25,North,Online,Credit Card
O07342,C0342,2025-02-15,North,Online,Cash on Delivery
O07343,C1468,2025-12-19,South,Online,UPI
O07344,C0869,2025-02-18,South,Online,UPI
O07345,C1632,2025-06-01,South,Online,Credit Card
O07346,C0258,2025-08-28,East,Online,Credit Card
O07347,C0544,2025-11-12,South,Store,UPI
O07348,C1921,2025-03-05,East,Online,Credit Card
O07349,C1688,2025-03-04,South,Online,Credit Card
O07350,C0126,2025-09-04,East,Online,Debit Card
O07351,C1634,2025-05-05,West,Online,Credit Card
O07352,C0131,2025-09-10,North,Online,UPI
O07353,C0241,2025-11-06,North,Online,Credit Card
O07354,C1797,2025-02-04,North,Store,Net Banking
O07355,C0253,2025-11-14,North,Online,Debit Card
O07356,C0602,2025-01-18,South,Online,Credit Card
O07357,C0271,2025-12-01,East,Online,Debit Card
O07358,C1195,2025-12-24,North,Online,Credit Card
O07359,C0115,2025-09-17,South,Store,Net Banking
O07360,C0575,2025-12-27,South,Online,Debit Card
O07361,C0653,2025-11-07,West,Online,UPI
O07362,C1298,2025-01-21,East,Store,UPI
O07363,C0994,2025-01-02,North,Online,UPI
O07364,C0385,2025-01-10,South,Online,UPI
O07365,C0929,2025-07-04,North,Store,Credit Card
O07366,C0918,2025-09-02,South,Online,UPI
O07367,C0708,2025-07-15,South,Online,Debit Card
O07368,C1067,2025-09-20,North,Online,Credit Card
O07369,C0653,2025-07-03,South,Online,UPI
O07370,C0668,2025-01-20,West,Online,UPI
O07371,C1567,2025-04-08,South,Store,UPI
O07372,C0504,2025-12-29,South,Online,Credit Card
O07373,C0659,2025-05-26,South,Store,Credit Card
O07374,C0281,2025-05-17,South,Online,Credit Card
O07375,C1397,2025-03-09,West,Online,UPI
O07376,C1413,2025-12-28,East,Store,Cash on Delivery
O07377,C1357,2025-04-10,South,Online,Credit Card
O07378,C0337,2025-09-10,East,Online,Credit Card
O07379,C0904,2025-01-20,North,Online,Credit Card
O07380,C0585,2025-01-31,South,Online,UPI
O07381,C1528,2025-10-04,South,Online,Debit Card
O07382,C0674,2025-09-06,South,Online,Debit Card
O07383,C0832,2025-09-21,North,Online,UPI
O07384,C0909,2025-04-10,North,Online,UPI
O07385,C1522,2025-12-27,South,Online,Credit Card
O07386,C1406,2025-08-11,South,Online,Credit Card
O07387,C1640,2025-12-22,South,Store,Cash on Delivery
O07388,C0856,2025-03-14,North,Store,Credit Card
O07389,C1640,2025-06-17,South,Online,Net Banking
O07390,C1743,2025-05-22,West,Online,UPI
O07391,C1048,2025-10-16,West,Online,Credit Card
O07392,C1360,2025-10-14,North,Online,Credit Card
O07393,C1820,2025-07-17,South,Store,Cash on Delivery
O07394,C1677,2025-01-08,West,Online,Credit Card
O07395,C0553,2025-03-19,West,Store,Debit Card
O07396,C1433,2025-01-23,North,Store,UPI
O07397,C0892,2025-11-14,West,Store,Credit Card
O07398,C0298,2025-05-04,West,Online,Credit Card
O07399,C0744,2025-02-22,South,Online,UPI
O07400,C1956,2025-05-29,North,Store,Debit Card
O07401,C1916,2025-02-05,West,Store,Credit Card
O07402,C1574,2025-12-25,North,Online,Credit Card
O07403,C1981,2025-05-14,North,Online,Credit Card
O07404,C1146,2025-12-11,East,Online,Debit Card
O07405,C1516,2025-09-22,East,Online,UPI
O07406,C0331,2025-08-14,South,Online,Credit Card
O07407,C0598,2025-07-13,South,Online,Net Banking
O07408,C0346,2025-09-24,East,Store,UPI
O07409,C1876,2025-09-24,North,Store,Net Banking
O07410,C1229,2025-01-05,East,Online,Net Banking
O07411,C1866,2025-12-03,West,Store,UPI
O07412,C0833,2025-06-03,East,Store,UPI
O07413,C0807,2025-05-28,South,Online,Debit Card
O07414,C1352,2025-06-17,West,Store,Cash on Delivery
O07415,C1136,2025-09-23,West,Online,UPI
O07416,C0745,2025-06-06,South,Store,Cash on Delivery
O07417,C0636,2025-06-05,South,Online,UPI
O07418,C1026,2025-01-29,South,Store,Credit Card
O07419,C0152,2025-06-21,South,Online,Net Banking
O07420,C0376,2025-03-08,East,Online,UPI
O07421,C0088,2025-11-17,East,Online,Debit Card
O07422,C0311,2025-05-21,East,Online,UPI
O07423,C0398,2025-12-20,East,Store,Credit Card
O07424,C0152,2025-09-23,North,Online,Cash on Delivery
O07425,C0111,2025-10-16,East,Online,UPI
O07426,C1640,2025-12-16,South,Store,Debit Card
O07427,C0366,2025-04-14,South,Online,Cash on Delivery
O07428,C1111,2025-08-14,East,Store,Net Banking
O07429,C0198,2025-01-19,West,Online,Cash on Delivery
O07430,C1895,2025-02-15,North,Online,Cash on Delivery
O07431,C0478,2025-06-02,West,Online,UPI
O07432,C1499,2025-09-22,South,Store,Debit Card
O07433,C1283,2025-11-10,South,Store,Credit Card
O07434,C1538,2025-04-21,North,Store,Debit Card
O07435,C1259,2025-10-14,West,Online,Debit Card
O07436,C1019,2025-04-08,West,Online,UPI
O07437,C1545,2025-01-03,West,Online,Net Banking
O07438,C1631,2025-01-25,West,Online,Credit Card
O07439,C0760,2025-08-20,West,Online,Debit Card
O07440,C1885,2025-07-20,North,Store,Credit Card
O07441,C1975,2025-04-26,West,Store,Credit Card
O07442,C1444,2025-01-04,East,Online,Debit Card
O07443,C1858,2025-08-14,West,Store,Credit Card
O07444,C0212,2025-11-05,East,Online,Net Banking
O07445,C1081,2025-02-01,North,Online,Net Banking
O07446,C1303,2025-10-10,East,Online,Net Banking
O07447,C1856,2025-09-06,North,Online,Debit Card
O07448,C0241,2025-07-14,West,Store,Cash on Delivery
O07449,C1613,2025-01-23,West,Online,UPI
O07450,C0155,2025-12-08,West,Online,Debit Card
O07451,C0717,2025-07-13,South,Online,UPI
O07452,C1386,2025-06-15,South,Store,Credit Card
O07453,C0582,2025-11-19,South,Online,Net Banking
O07454,C1670,2025-11-14,North,Store,Debit Card
O07455,C1862,2025-10-07,South,Online,Credit Card
O07456,C0318,2025-11-09,West,Store,Debit Card
O07457,C0517,2025-02-25,South,Online,UPI
O07458,C0149,2025-10-18,South,Online,Cash on Delivery
O07459,C1421,2025-05-19,West,Online,UPI
O07460,C1774,2025-11-21,East,Store,UPI
O07461,C1204,2025-06-04,West,Store,UPI
O07462,C0265,2025-01-25,East,Store,Cash on Delivery
O07463,C0348,2025-06-20,South,Online,Credit Card
O07464,C0071,2025-10-17,West,Online,Credit Card
O07465,C0980,2025-07-22,South,Online,Credit Card
O07466,C1443,2025-10-19,South,Online,UPI
O07467,C0301,2025-01-17,South,Online,UPI
O07468,C1696,2025-03-19,South,Store,UPI
O07469,C0506,2025-08-13,North,Store,Credit Card
O07470,C1029,2025-06-09,North,Online,UPI
O07471,C1336,2025-09-21,South,Online,Credit Card
O07472,C1080,2025-12-20,East,Online,Credit Card
O07473,C0956,2025-09-15,North,Online,Credit Card
O07474,C0674,2025-06-21,South,Online,Net Banking
O07475,C0861,2025-08-05,West,Online,UPI
O07476,C0477,2025-12-05,South,Online,Credit Card
O07477,C0590,2025-09-19,North,Store,UPI
O07478,C1511,2025-11-01,West,Online,Cash on Delivery
O07479,C1766,2025-05-08,South,Store,Cash on Delivery
O07480,C1699,2025-10-13,South,Store,UPI
O07481,C0662,2025-03-03,South,Online,UPI
O07482,C0643,2025-10-14,West,Online,UPI
O07483,C0117,2025-11-25,West,Store,UPI
O07484,C0548,2025-12-01,East,Online,UPI
O07485,C1172,2025-02-22,South,Online,UPI
O07486,C0536,2025-11-09,South,Online,UPI
O07487,C1467,2025-02-19,South,Store,UPI
O07488,C0102,2025-07-14,West,Online,Credit Card
O07489,C0824,2025-09-22,North,Online,UPI
O07490,C0563,2025-07-16,East,Store,Credit Card
O07491,C0989,2025-05-23,North,Online,Net Banking
O07492,C0052,2025-09-23,South,Store,Credit Card
O07493,C0838,2025-09-15,East,Online,UPI
O07494,C1577,2025-08-19,North,Store,Cash on Delivery
O07495,C1714,2025-07-31,South,Online,Credit Card
O07496,C0512,2025-09-30,East,Online,UPI
O07497,C0858,2025-06-16,North,Online,Debit Card
O07498,C1381,2025-02-01,North,Online,UPI
O07499,C0928,2025-08-04,West,Online,Credit Card
O07500,C1087,2025-10-06,South,Online,Debit Card
O07501,C0684,2025-05-08,North,Online,Credit Card
O07502,C1675,2025-03-04,West,Online,Net Banking
O07503,C1264,2025-12-05,East,Online,Credit Card
O07504,C1921,2025-11-20,South,Online,UPI
O07505,C1560,2025-09-01,West,Store,Credit Card
O07506,C0735,2025-10-26,North,Online,Credit Card
O07507,C0656,2025-12-22,West,Store,Debit Card
O07508,C0177,2025-08-15,West,Online,Debit Card
O07509,C1245,2025-04-16,North,Online,UPI
O07510,C1500,2025-09-08,North,Online,Cash on Delivery
O07511,C0709,2025-12-06,West,Online,UPI
O07512,C0043,2025-09-25,South,Store,Cash on Delivery
O07513,C1652,2025-01-13,West,Online,UPI
O07514,C0446,2025-12-06,West,Store,Debit Card
O07515,C1165,2025-10-16,North,Store,Debit Card
O07516,C0107,2025-06-16,North,Online,Credit Card
O07517,C0126,2025-12-28,West,Store,Net Banking
O07518,C1797,2025-10-05,South,Online,Debit Card
O07519,C1345,2025-11-08,South,Store,Debit Card
O07520,C0011,2025-12-14,South,Online,Net Banking
O07521,C0202,2025-01-19,West,Online,UPI
O07522,C0986,2025-10-22,North,Online,Credit Card
O07523,C1361,2025-06-10,East,Store,Debit Card
O07524,C0848,2025-11-21,West,Online,UPI
O07525,C1746,2025-11-24,North,Online,UPI
O07526,C1306,2025-11-09,North,Store,UPI
O07527,C1229,2025-10-24,West,Online,UPI
O07528,C0580,2025-10-29,West,Store,Debit Card
O07529,C1364,2025-05-06,West,Online,Debit Card
O07530,C1748,2025-06-17,West,Store,UPI
O07531,C0098,2025-02-21,East,Online,Credit Card
O07532,C1469,2025-11-09,West,Store,UPI
O07533,C1760,2025-09-10,South,Store,Cash on Delivery
O07534,C0865,2025-08-30,West,Online,Debit Card
O07535,C1532,2025-04-16,East,Store,UPI
O07536,C0717,2025-08-31,South,Store,UPI
O07537,C0386,2025-07-05,East,Store,Net Banking
O07538,C1632,2025-12-30,East,Store,Credit Card
O07539,C0623,2025-11-20,West,Store,Credit Card
O07540,C1515,2025-07-31,South,Online,Debit Card
O07541,C0631,2025-11-02,South,Store,Credit Card
O07542,C0799,2025-03-14,South,Store,Cash on Delivery
O07543,C1371,2025-02-15,West,Online,Net Banking
O07544,C0683,2025-09-05,North,Online,UPI
O07545,C1616,2025-10-07,East,Online,Debit Card
O07546,C0078,2025-01-25,South,Store,Net Banking
O07547,C0024,2025-03-29,West,Store,UPI
O07548,C0164,2025-08-04,West,Store,Net Banking
O07549,C0513,2025-01-29,West,Online,Credit Card
O07550,C0108,2025-06-24,West,Online,UPI
O07551,C0762,2025-07-15,East,Online,Cash on Delivery
O07552,C0049,2025-12-08,West,Store,Debit Card
O07553,C1513,2025-05-14,South,Store,UPI
O07554,C0306,2025-03-16,North,Store,Credit Card
O07555,C1945,2025-01-04,South,Online,Debit Card
O07556,C1715,2025-02-24,East,Store,Debit Card
O07557,C1389,2025-10-15,East,Store,UPI
O07558,C1597,2025-07-02,South,Store,Debit Card
O07559,C1550,2025-03-28,West,Store,Net Banking
O07560,C1692,2025-12-11,North,Online,Net Banking
O07561,C1111,2025-10-27,West,Store,UPI
O07562,C1248,2025-02-21,West,Online,Cash on Delivery
O07563,C0939,2025-04-26,East,Store,UPI
O07564,C1249,2025-11-15,South,Store,Net Banking
O07565,C0763,2025-09-26,West,Store,UPI
O07566,C0248,2025-12-15,South,Online,Cash on Delivery
O07567,C1863,2025-02-04,South,Store,Net Banking
O07568,C1398,2025-10-23,East,Online,Net Banking
O07569,C1410,2025-02-04,North,Store,UPI
O07570,C0561,2025-05-22,West,Store,Net Banking
O07571,C1542,2025-10-15,South,Online,Credit Card
O07572,C1039,2025-10-02,East,Store,Credit Card
O07573,C0154,2025-01-01,South,Store,Cash on Delivery
O07574,C1910,2025-03-30,West,Store,Debit Card
O07575,C1984,2025-10-24,South,Online,Debit Card
O07576,C1742,2025-02-26,West,Store,UPI
O07577,C0950,2025-05-18,West,Store,Credit Card
O07578,C0467,2025-03-22,South,Store,UPI
O07579,C0023,2025-02-19,West,Online,UPI
O07580,C1474,2025-11-11,West,Store,Cash on Delivery
O07581,C1782,2025-01-28,North,Online,Debit Card
O07582,C0209,2025-08-03,West,Store,UPI
O07583,C1369,2025-09-26,East,Online,Credit Card
O07584,C0054,2025-01-27,South,Online,UPI
O07585,C1554,2025-09-06,South,Online,UPI
O07586,C0057,2025-05-21,South,Store,Net Banking
O07587,C1951,2025-11-10,South,Online,UPI
O07588,C0341,2025-10-30,West,Store,UPI
O07589,C0801,2025-10-29,South,Online,UPI
O07590,C1390,2025-06-14,South,Online,Debit Card
O07591,C1693,2025-11-07,South,Online,UPI
O07592,C0727,2025-09-05,West,Online,Credit Card
O07593,C1961,2025-06-07,North,Online,Cash on Delivery
O07594,C0032,2025-02-06,West,Store,Credit Card
O07595,C0943,2025-01-31,East,Online,UPI
O07596,C1977,2025-04-19,South,Store,Net Banking
O07597,C0549,2025-05-08,West,Online,Credit Card
O07598,C1067,2025-12-09,South,Online,Net Banking
O07599,C0890,2025-12-31,North,Online,UPI
O07600,C0788,2025-03-05,South,Online,UPI
O07601,C1536,2025-12-14,East,Online,UPI
O07602,C1038,2025-09-30,North,Store,Credit Card
O07603,C1428,2025-07-21,West,Store,Credit Card
O07604,C1040,2025-12-18,West,Online,Credit Card
O07605,C1995,2025-10-03,West,Store,Credit Card
O07606,C0941,2025-08-23,South,Online,Credit Card
O07607,C1593,2025-04-02,East,Store,Credit Card
O07608,C1226,2025-04-16,North,Online,UPI
O07609,C1603,2025-12-05,South,Online,Credit Card
O07610,C1772,2025-04-04,South,Store,Net Banking
O07611,C0454,2025-01-15,South,Online,Cash on Delivery
O07612,C0604,2025-04-25,North,Online,UPI
O07613,C0604,2025-07-14,West,Store,Credit Card
O07614,C0974,2025-06-08,North,Store,UPI
O07615,C0984,2025-12-12,South,Store,Credit Card
O07616,C0008,2025-06-22,East,Store,Credit Card
O07617,C1791,2025-11-28,South,Online,Net Banking
O07618,C1720,2025-08-24,South,Store,Cash on Delivery
O07619,C1203,2025-07-30,East,Store,Credit Card
O07620,C0612,2025-03-12,North,Online,Credit Card
O07621,C1654,2025-04-26,West,Online,Credit Card
O07622,C0543,2025-11-21,East,Store,Debit Card
O07623,C0612,2025-10-24,South,Store,Debit Card
O07624,C1996,2025-07-02,South,Online,UPI
O07625,C1848,2025-12-04,South,Store,UPI
O07626,C1169,2025-11-06,South,Online,Debit Card
O07627,C0339,2025-02-20,North,Online,Credit Card
O07628,C0247,2025-08-27,West,Store,Debit Card
O07629,C1929,2025-10-30,West,Online,UPI
O07630,C0532,2025-11-02,North,Online,UPI
O07631,C1363,2025-02-11,South,Store,UPI
O07632,C0707,2025-04-08,South,Online,Net Banking
O07633,C0994,2025-06-20,West,Store,Credit Card
O07634,C1973,2025-04-19,North,Store,UPI
O07635,C1186,2025-02-18,West,Store,UPI
O07636,C0862,2025-09-04,East,Store,Net Banking
O07637,C0832,2025-07-24,East,Store,Credit Card
O07638,C0461,2025-03-10,North,Store,Net Banking
O07639,C1113,2025-08-21,North,Store,Cash on Delivery
O07640,C1140,2025-01-29,West,Online,UPI
O07641,C0191,2025-06-09,East,Store,Cash on Delivery
O07642,C0810,2025-10-28,West,Online,Credit Card
O07643,C1290,2025-11-28,West,Online,Debit Card
O07644,C0110,2025-04-16,South,Online,Credit Card
O07645,C1953,2025-11-18,North,Online,Debit Card
O07646,C1722,2025-11-28,West,Online,Debit Card
O07647,C1274,2025-08-28,North,Online,UPI
O07648,C0032,2025-12-26,East,Online,Credit Card
O07649,C1036,2025-04-17,West,Store,UPI
O07650,C1797,2025-02-01,South,Store,UPI
O07651,C0046,2025-11-13,South,Store,Debit Card
O07652,C1584,2025-07-18,West,Online,Debit Card
O07653,C1679,2025-05-26,North,Online,UPI
O07654,C0152,2025-01-26,South,Online,UPI
O07655,C0461,2025-01-30,West,Store,Cash on Delivery
O07656,C1448,2025-02-10,West,Online,Credit Card
O07657,C1824,2025-03-22,South,Online,Debit Card
O07658,C1542,2025-12-23,South,Online,UPI
O07659,C1052,2025-05-01,South,Store,Debit Card
O07660,C1205,2025-11-05,North,Online,Debit Card
O07661,C1050,2025-01-09,South,Online,UPI
O07662,C1156,2025-05-16,South,Online,Credit Card
O07663,C1542,2025-12-03,West,Online,UPI
O07664,C0100,2025-03-23,North,Store,UPI
O07665,C0420,2025-05-02,North,Online,Debit Card
O07666,C0119,2025-11-08,West,Online,Debit Card
O07667,C1593,2025-02-24,West,Online,Credit Card
O07668,C1455,2025-01-25,North,Online,Credit Card
O07669,C0107,2025-12-21,East,Online,Credit Card
O07670,C0212,2025-06-17,North,Store,Credit Card
O07671,C0530,2025-09-14,North,Store,Credit Card
O07672,C0484,2025-02-26,South,Online,UPI
O07673,C1039,2025-04-06,West,Store,UPI
O07674,C0998,2025-07-07,East,Store,Cash on Delivery
O07675,C0716,2025-09-20,South,Store,UPI
O07676,C0329,2025-05-05,South,Online,Credit Card
O07677,C1299,2025-11-26,North,Store,Credit Card
O07678,C1580,2025-10-25,East,Store,Debit Card
O07679,C1281,2025-08-09,South,Online,Net Banking
O07680,C1615,2025-07-07,East,Online,Debit Card
O07681,C1828,2025-09-01,South,Online,UPI
O07682,C1685,2025-10-08,East,Online,UPI
O07683,C1304,2025-03-02,East,Online,Net Banking
O07684,C0100,2025-11-16,North,Store,Net Banking
O07685,C0670,2025-07-18,East,Online,Cash on Delivery
O07686,C0856,2025-12-12,East,Online,Net Banking
O07687,C1426,2025-12-18,East,Online,Credit Card
O07688,C1694,2025-01-15,West,Store,UPI
O07689,C1281,2025-06-09,West,Online,Debit Card
O07690,C0727,2025-07-31,South,Store,Debit Card
O07691,C1576,2025-08-04,South,Online,UPI
O07692,C1392,2025-11-07,North,Online,Debit Card
O07693,C1597,2025-03-04,South,Online,Cash on Delivery
O07694,C1179,2025-09-02,East,Online,UPI
O07695,C1294,2025-12-14,South,Online,Credit Card
O07696,C0695,2025-12-31,South,Online,Credit Card
O07697,C0800,2025-01-05,South,Online,UPI
O07698,C0553,2025-12-23,South,Online,Net Banking
O07699,C0514,2025-02-24,South,Store,Debit Card
O07700,C1306,2025-08-03,West,Store,UPI
O07701,C0768,2025-04-17,South,Online,Net Banking
O07702,C0268,2025-08-28,North,Online,Credit Card
O07703,C0071,2025-01-18,West,Online,Credit Card
O07704,C1721,2025-04-13,North,Online,Debit Card
O07705,C0871,2025-05-08,North,Online,Net Banking
O07706,C1153,2025-12-06,South,Store,UPI
O07707,C1810,2025-08-20,South,Online,Debit Card
O07708,C0224,2025-10-01,North,Store,Debit Card
O07709,C1875,2025-09-20,North,Online,Net Banking
O07710,C1408,2025-06-12,South,Online,Net Banking
O07711,C1281,2025-01-07,North,Online,Cash on Delivery
O07712,C0863,2025-02-18,South,Online,UPI
O07713,C1413,2025-07-07,South,Store,Credit Card
O07714,C0409,2025-12-14,South,Store,UPI
O07715,C0605,2025-04-18,North,Online,Credit Card
O07716,C1923,2025-09-27,West,Online,Net Banking
O07717,C0552,2025-11-08,West,Online,Credit Card
O07718,C1440,2025-12-03,South,Online,UPI
O07719,C1861,2025-05-05,South,Store,Debit Card
O07720,C1186,2025-12-11,South,Online,UPI
O07721,C0596,2025-08-28,West,Online,UPI
O07722,C1698,2025-07-24,North,Store,Debit Card
O07723,C1653,2025-10-24,North,Online,Net Banking
O07724,C1088,2025-04-14,South,Online,UPI
O07725,C0230,2025-11-04,South,Online,Credit Card
O07726,C0883,2025-09-11,South,Store,Credit Card
O07727,C0864,2025-10-30,East,Store,UPI
O07728,C0379,2025-11-17,West,Store,Credit Card
O07729,C0805,2025-08-31,North,Online,UPI
O07730,C0307,2025-01-17,West,Store,Net Banking
O07731,C1386,2025-05-07,West,Online,Debit Card
O07732,C0864,2025-11-24,West,Online,UPI
O07733,C1462,2025-09-04,North,Online,UPI
O07734,C0912,2025-11-28,West,Online,UPI
O07735,C1428,2025-06-09,South,Online,Cash on Delivery
O07736,C1467,2025-07-23,West,Store,Net Banking
O07737,C0321,2025-11-19,East,Online,Net Banking
O07738,C0885,2025-10-18,South,Store,Credit Card
O07739,C1500,2025-06-07,North,Online,Net Banking
O07740,C1187,2025-01-11,East,Online,Debit Card
O07741,C0444,2025-11-25,West,Store,UPI
O07742,C1666,2025-10-26,West,Online,Credit Card
O07743,C0400,2025-07-03,South,Online,Credit Card
O07744,C1987,2025-08-07,North,Online,Credit Card
O07745,C1414,2025-03-31,East,Store,UPI
O07746,C0646,2025-06-19,East,Online,Credit Card
O07747,C0390,2025-03-13,South,Store,Debit Card
O07748,C1804,2025-04-02,East,Online,UPI
O07749,C1047,2025-11-14,West,Online,UPI
O07750,C1613,2025-06-01,West,Store,Debit Card
O07751,C1664,2025-11-04,South,Online,Credit Card
O07752,C0137,2025-07-12,South,Online,Credit Card
O07753,C1368,2025-02-02,West,Online,Cash on Delivery
O07754,C0669,2025-05-31,West,Online,Credit Card
O07755,C1816,2025-03-11,East,Online,Credit Card
O07756,C0439,2025-09-26,South,Online,UPI
O07757,C0068,2025-12-05,East,Online,Credit Card
O07758,C1329,2025-10-19,West,Online,UPI
O07759,C1105,2025-10-24,South,Store,Net Banking
O07760,C1111,2025-11-19,South,Store,Net Banking
O07761,C0527,2025-10-23,North,Online,Credit Card
O07762,C0990,2025-08-15,North,Online,UPI
O07763,C1929,2025-10-03,South,Online,UPI
O07764,C1528,2025-06-21,West,Store,Debit Card
O07765,C1970,2025-02-02,West,Online,Net Banking
O07766,C0667,2025-09-30,West,Store,Credit Card
O07767,C1741,2025-10-05,North,Online,Net Banking
O07768,C0766,2025-04-07,North,Online,UPI
O07769,C1872,2025-12-18,South,Online,Debit Card
O07770,C1732,2025-01-24,South,Store,UPI
O07771,C0330,2025-10-10,South,Online,Credit Card
O07772,C1945,2025-12-22,East,Online,Debit Card
O07773,C1215,2025-05-11,West,Online,Debit Card
O07774,C1553,2025-12-05,South,Online,Net Banking
O07775,C1159,2025-11-08,North,Online,UPI
O07776,C0435,2025-10-13,West,Online,UPI
O07777,C1970,2025-12-18,West,Store,Debit Card
O07778,C0226,2025-09-13,South,Store,Debit Card
O07779,C1618,2025-07-20,North,Online,Cash on Delivery
O07780,C0419,2025-09-20,North,Online,Net Banking
O07781,C1572,2025-06-19,South,Online,Credit Card
O07782,C0846,2025-05-17,South,Online,Credit Card
O07783,C0474,2025-02-07,South,Online,Debit Card
O07784,C0474,2025-06-07,North,Store,UPI
O07785,C0640,2025-11-01,South,Online,Credit Card
O07786,C1803,2025-12-15,South,Online,UPI
O07787,C1539,2025-12-24,West,Store,UPI
O07788,C1342,2025-03-31,East,Store,Net Banking
O07789,C1260,2025-08-16,West,Online,Credit Card
O07790,C0834,2025-08-17,West,Online,Net Banking
O07791,C1803,2025-03-19,West,Online,Net Banking
O07792,C0548,2025-08-19,North,Online,Net Banking
O07793,C1886,2025-06-01,East,Store,Debit Card
O07794,C0762,2025-12-14,East,Store,UPI
O07795,C0683,2025-04-20,West,Online,UPI
O07796,C0953,2025-11-11,West,Online,Debit Card
O07797,C1498,2025-11-30,South,Store,UPI
O07798,C1428,2025-10-10,North,Online,Credit Card
O07799,C1534,2025-04-04,North,Store,Cash on Delivery
O07800,C0179,2025-04-22,West,Store,Debit Card
O07801,C0323,2025-12-23,West,Online,UPI
O07802,C1698,2025-02-04,South,Store,Debit Card
O07803,C1962,2025-02-22,North,Online,Net Banking
O07804,C0256,2025-12-25,South,Online,Cash on Delivery
O07805,C1809,2025-10-23,South,Online,Debit Card
O07806,C0525,2025-10-13,South,Store,UPI
O07807,C1959,2025-03-12,South,Online,Debit Card
O07808,C1988,2025-07-17,South,Online,Debit Card
O07809,C1274,2025-11-13,North,Online,Credit Card
O07810,C0381,2025-05-19,North,Store,Debit Card
O07811,C1577,2025-03-26,West,Store,Credit Card
O07812,C0203,2025-01-06,West,Online,Cash on Delivery
O07813,C0669,2025-09-02,East,Online,Cash on Delivery
O07814,C1277,2025-05-05,East,Online,UPI
O07815,C0136,2025-11-20,West,Store,Credit Card
O07816,C0787,2025-05-01,North,Online,UPI
O07817,C1595,2025-03-09,North,Store,Credit Card
O07818,C0184,2025-12-20,North,Store,UPI
O07819,C0734,2025-12-21,South,Store,Credit Card
O07820,C0008,2025-09-23,West,Online,UPI
O07821,C1317,2025-12-10,South,Store,Net Banking
O07822,C0159,2025-03-13,North,Online,UPI
O07823,C0562,2025-07-07,North,Store,UPI
O07824,C1046,2025-03-30,East,Online,UPI
O07825,C0430,2025-07-14,South,Store,Credit Card
O07826,C0462,2025-10-28,West,Online,UPI
O07827,C1670,2025-11-14,North,Store,Net Banking
O07828,C1556,2025-01-02,East,Online,Credit Card
O07829,C0162,2025-06-11,East,Store,Cash on Delivery
O07830,C1716,2025-12-30,South,Online,UPI
O07831,C0937,2025-08-22,East,Online,UPI
O07832,C0290,2025-05-06,East,Online,Net Banking
O07833,C1814,2025-06-11,East,Store,Credit Card
O07834,C0675,2025-05-17,West,Store,UPI
O07835,C0652,2025-07-02,North,Store,UPI
O07836,C0294,2025-07-01,South,Online,Net Banking
O07837,C1773,2025-07-24,South,Store,UPI
O07838,C0574,2025-07-09,South,Online,Credit Card
O07839,C1185,2025-07-27,West,Online,Net Banking
O07840,C0479,2025-01-13,East,Store,Debit Card
O07841,C1791,2025-01-25,North,Online,Net Banking
O07842,C1574,2025-06-04,West,Online,Credit Card
O07843,C1007,2025-11-26,North,Store,Debit Card
O07844,C0691,2025-10-28,West,Online,Credit Card
O07845,C1311,2025-02-19,West,Store,UPI
O07846,C0992,2025-07-20,North,Online,Credit Card
O07847,C1882,2025-08-27,West,Store,Cash on Delivery
O07848,C1348,2025-07-15,North,Online,Credit Card
O07849,C0055,2025-09-27,North,Store,Credit Card
O07850,C1645,2025-12-31,West,Store,Credit Card
O07851,C0386,2025-02-13,West,Store,Debit Card
O07852,C0603,2025-07-27,West,Online,Debit Card
O07853,C0873,2025-07-26,East,Store,Credit Card
O07854,C0419,2025-08-12,West,Online,UPI
O07855,C1885,2025-03-15,North,Online,UPI
O07856,C1957,2025-09-07,West,Online,UPI
O07857,C0312,2025-01-21,South,Online,Debit Card
O07858,C0641,2025-10-12,West,Store,Credit Card
O07859,C0742,2025-09-16,South,Online,Credit Card
O07860,C1343,2025-05-20,South,Store,Credit Card
O07861,C1196,2025-12-28,South,Store,Credit Card
O07862,C1356,2025-11-09,North,Online,Debit Card
O07863,C0063,2025-08-04,North,Online,Debit Card
O07864,C1029,2025-12-29,West,Online,Debit Card
O07865,C0422,2025-11-09,West,Online,UPI
O07866,C0457,2025-03-03,West,Online,Debit Card
O07867,C1550,2025-08-22,East,Store,UPI
O07868,C0283,2025-08-19,East,Store,UPI
O07869,C0063,2025-09-12,North,Online,Debit Card
O07870,C0975,2025-12-14,South,Online,UPI
O07871,C1472,2025-07-19,East,Store,UPI
O07872,C1022,2025-02-05,North,Store,UPI
O07873,C0323,2025-07-14,South,Store,Debit Card
O07874,C1547,2025-10-27,South,Store,UPI
O07875,C0764,2025-05-30,South,Online,Net Banking
O07876,C1420,2025-01-13,North,Store,Credit Card
O07877,C0405,2025-05-09,West,Online,Credit Card
O07878,C1825,2025-09-22,South,Online,Credit Card
O07879,C0568,2025-02-08,South,Store,Net Banking
O07880,C1942,2025-06-06,West,Online,Debit Card
O07881,C0755,2025-03-01,North,Store,UPI
O07882,C1456,2025-07-13,West,Store,Debit Card
O07883,C1005,2025-03-04,South,Store,Credit Card
O07884,C0154,2025-02-18,West,Online,Cash on Delivery
O07885,C0197,2025-09-27,East,Online,Credit Card
O07886,C0811,2025-03-11,South,Store,UPI
O07887,C0387,2025-03-10,West,Online,Debit Card
O07888,C1218,2025-08-23,West,Online,UPI
O07889,C0276,2025-01-20,South,Online,Debit Card
O07890,C1181,2025-01-16,East,Store,Credit Card
O07891,C0410,2025-06-27,East,Store,UPI
O07892,C0363,2025-06-02,West,Store,UPI
O07893,C0735,2025-08-06,South,Store,UPI
O07894,C1166,2025-12-30,South,Store,UPI
O07895,C0799,2025-06-28,West,Online,Credit Card
O07896,C0700,2025-08-17,South,Online,Debit Card
O07897,C0681,2025-12-07,West,Online,UPI
O07898,C0678,2025-07-15,South,Store,UPI
O07899,C0808,2025-10-25,North,Online,Net Banking
O07900,C1669,2025-08-08,East,Store,UPI
O07901,C1156,2025-09-07,South,Store,Net Banking
O07902,C0844,2025-12-11,North,Online,UPI
O07903,C1500,2025-01-01,North,Online,Net Banking
O07904,C1055,2025-12-01,South,Online,Debit Card
O07905,C1899,2025-07-21,East,Online,UPI
O07906,C1126,2025-08-28,North,Online,Credit Card
O07907,C0433,2025-07-03,West,Store,Credit Card
O07908,C1126,2025-04-22,North,Online,UPI
O07909,C1548,2025-01-31,South,Store,Credit Card
O07910,C0427,2025-12-15,South,Online,Debit Card
O07911,C0405,2025-09-03,West,Store,Debit Card
O07912,C1199,2025-11-23,North,Store,UPI
O07913,C1769,2025-05-04,East,Store,Debit Card
O07914,C0670,2025-04-29,West,Online,UPI
O07915,C1014,2025-05-22,South,Store,UPI
O07916,C1311,2025-04-10,South,Store,UPI
O07917,C1328,2025-07-21,East,Store,Credit Card
O07918,C0292,2025-12-12,South,Online,UPI
O07919,C0791,2025-11-24,East,Store,UPI
O07920,C1989,2025-07-20,South,Online,Credit Card
O07921,C1778,2025-05-27,South,Online,Cash on Delivery
O07922,C1545,2025-08-29,South,Store,Debit Card
O07923,C0049,2025-08-30,West,Online,Cash on Delivery
O07924,C0835,2025-09-23,South,Online,UPI
O07925,C0103,2025-08-03,East,Online,Net Banking
O07926,C0603,2025-01-13,West,Online,UPI
O07927,C1730,2025-02-04,South,Online,UPI
O07928,C0776,2025-12-24,North,Online,UPI
O07929,C0337,2025-10-13,West,Online,Credit Card
O07930,C1443,2025-12-16,North,Online,UPI
O07931,C1519,2025-05-23,North,Store,Debit Card
O07932,C1311,2025-08-03,East,Online,Debit Card
O07933,C1619,2025-05-16,West,Online,UPI
O07934,C1405,2025-12-04,West,Store,Net Banking
O07935,C1270,2025-05-03,West,Store,UPI
O07936,C1778,2025-09-26,West,Store,UPI
O07937,C0649,2025-03-18,West,Online,UPI
O07938,C0913,2025-02-17,South,Online,UPI
O07939,C1127,2025-03-10,South,Store,UPI
O07940,C1340,2025-08-01,East,Store,UPI
O07941,C0953,2025-11-14,East,Store,UPI
O07942,C0884,2025-12-31,South,Online,Net Banking
O07943,C0331,2025-09-02,East,Online,Net Banking
O07944,C1277,2025-08-02,North,Store,Cash on Delivery
O07945,C0248,2025-10-26,South,Store,UPI
O07946,C0950,2025-01-30,East,Store,UPI
O07947,C0818,2025-11-03,East,Online,Credit Card
O07948,C1554,2025-10-17,North,Store,Debit Card
O07949,C0954,2025-08-01,North,Online,UPI
O07950,C0011,2025-01-11,South,Online,Net Banking
O07951,C1013,2025-03-30,West,Online,Cash on Delivery
O07952,C0432,2025-06-04,North,Online,Credit Card
O07953,C0761,2025-12-14,West,Online,Cash on Delivery
O07954,C0593,2025-09-07,South,Online,UPI
O07955,C0334,2025-07-25,North,Online,Credit Card
O07956,C1891,2025-07-17,North,Online,UPI
O07957,C0508,2025-10-24,North,Online,Credit Card
O07958,C1015,2025-05-17,South,Store,UPI
O07959,C1657,2025-02-12,West,Store,Credit Card
O07960,C0729,2025-09-20,South,Online,UPI
O07961,C1875,2025-05-19,North,Store,Credit Card
O07962,C0809,2025-05-18,South,Online,Debit Card
O07963,C1894,2025-07-05,East,Online,Credit Card
O07964,C0904,2025-04-15,West,Online,Credit Card
O07965,C0029,2025-12-08,West,Store,Cash on Delivery
O07966,C1736,2025-11-14,North,Online,Net Banking
O07967,C1729,2025-12-29,South,Store,Cash on Delivery
O07968,C1925,2025-12-21,South,Store,UPI
O07969,C0248,2025-05-13,South,Online,Credit Card
O07970,C1689,2025-06-08,West,Store,Net Banking
O07971,C0684,2025-09-27,East,Online,Cash on Delivery
O07972,C1684,2025-01-08,South,Store,UPI
O07973,C1928,2025-12-30,North,Store,Cash on Delivery
O07974,C0399,2025-01-06,South,Online,Credit Card
O07975,C0743,2025-08-02,West,Online,Net Banking
O07976,C0538,2025-09-18,North,Store,Credit Card
O07977,C0610,2025-12-05,North,Online,UPI
O07978,C1193,2025-09-09,East,Store,UPI
O07979,C0825,2025-08-24,North,Online,UPI
O07980,C1313,2025-05-08,West,Online,Debit Card
O07981,C1349,2025-08-22,South,Online,Credit Card
O07982,C0406,2025-10-14,South,Online,Credit Card
O07983,C0088,2025-07-27,East,Store,Debit Card
O07984,C1493,2025-10-24,West,Online,Credit Card
O07985,C0364,2025-02-01,South,Online,UPI
O07986,C0400,2025-05-22,South,Online,UPI
O07987,C1203,2025-12-19,South,Online,Credit Card
O07988,C0527,2025-05-17,North,Online,Credit Card
O07989,C0380,2025-09-02,West,Online,Cash on Delivery
O07990,C0614,2025-07-28,East,Online,Cash on Delivery
O07991,C1046,2025-12-12,West,Online,Credit Card
O07992,C1692,2025-03-13,North,Store,UPI
O07993,C1978,2025-05-08,South,Online,Net Banking
O07994,C1465,2025-11-19,South,Store,UPI
O07995,C1798,2025-09-17,South,Online,Credit Card
O07996,C1062,2025-08-06,South,Store,Cash on Delivery
O07997,C0817,2025-06-13,East,Online,Net Banking
O07998,C1640,2025-06-19,North,Online,Cash on Delivery
O07999,C0605,2025-12-12,South,Store,UPI
O08000,C1626,2025-09-18,West,Store,Credit Card
O08001,C1997,2025-12-10,West,Online,Debit Card
O08002,C0780,2025-12-23,West,Store,UPI
O08003,C1267,2025-08-07,South,Online,Debit Card
O08004,C1563,2025-08-29,South,Online,Credit Card
O08005,C1568,2025-09-14,South,Store,Net Banking
O08006,C0413,2025-11-12,East,Store,Credit Card
O08007,C1926,2025-09-14,West,Online,UPI
O08008,C1007,2025-02-21,North,Store,Cash on Delivery
O08009,C0084,2025-12-14,East,Store,Debit Card
O08010,C0237,2025-09-15,South,Online,Credit Card
O08011,C1456,2025-11-22,South,Online,Cash on Delivery
O08012,C0854,2025-06-24,South,Online,Debit Card
O08013,C0216,2025-07-12,North,Online,Credit Card
O08014,C1041,2025-09-24,West,Online,Credit Card
O08015,C1200,2025-10-23,South,Store,Net Banking
O08016,C0160,2025-02-05,South,Online,Credit Card
O08017,C0701,2025-06-18,North,Online,Debit Card
O08018,C0926,2025-10-21,North,Online,Cash on Delivery
O08019,C1561,2025-12-29,South,Online,UPI
O08020,C1304,2025-01-06,North,Store,Net Banking
O08021,C0175,2025-04-24,South,Store,Net Banking
O08022,C1229,2025-07-09,South,Online,UPI
O08023,C1806,2025-04-07,South,Online,Debit Card
O08024,C0109,2025-01-13,North,Online,Net Banking
O08025,C1974,2025-08-04,North,Online,Credit Card
O08026,C0191,2025-09-11,West,Store,UPI
O08027,C1246,2025-06-21,South,Store,UPI
O08028,C0703,2025-06-04,West,Store,UPI
O08029,C1462,2025-12-27,West,Online,Credit Card
O08030,C1686,2025-07-13,West,Store,Debit Card
O08031,C1704,2025-10-30,West,Online,Credit Card
O08032,C1740,2025-05-03,West,Online,Credit Card
O08033,C1633,2025-11-09,South,Online,Credit Card
O08034,C0620,2025-11-07,South,Store,Debit Card
O08035,C0931,2025-04-25,South,Store,Net Banking
O08036,C1438,2025-09-13,West,Store,Net Banking
O08037,C0337,2025-09-22,West,Online,Debit Card
O08038,C1155,2025-07-01,North,Store,UPI
O08039,C1061,2025-10-22,South,Online,Cash on Delivery
O08040,C1967,2025-05-11,South,Store,Net Banking
O08041,C0100,2025-07-16,South,Online,Cash on Delivery
O08042,C0190,2025-12-29,South,Store,Debit Card
O08043,C0061,2025-03-20,North,Online,Credit Card
O08044,C1096,2025-03-07,South,Online,Credit Card
O08045,C1102,2025-03-05,South,Online,Credit Card
O08046,C1186,2025-12-31,West,Online,Credit Card
O08047,C0485,2025-03-12,South,Online,Credit Card
O08048,C0616,2025-03-25,East,Online,Cash on Delivery
O08049,C0834,2025-09-26,East,Online,Credit Card
O08050,C0094,2025-10-18,West,Store,Credit Card
O08051,C1505,2025-07-31,South,Online,Debit Card
O08052,C0105,2025-12-26,West,Store,UPI
O08053,C1334,2025-01-18,West,Store,UPI
O08054,C0908,2025-09-01,West,Store,Debit Card
O08055,C1998,2025-08-28,South,Online,Credit Card
O08056,C1385,2025-05-16,South,Online,UPI
O08057,C0952,2025-12-01,South,Online,Credit Card
O08058,C1401,2025-08-09,West,Store,UPI
O08059,C0235,2025-04-17,West,Online,UPI
O08060,C0362,2025-02-09,East,Online,Credit Card
O08061,C0998,2025-02-18,South,Store,Cash on Delivery
O08062,C1716,2025-11-30,North,Store,UPI
O08063,C1641,2025-04-18,South,Online,Credit Card
O08064,C0755,2025-12-03,South,Online,Credit Card
O08065,C0568,2025-02-23,North,Online,Debit Card
O08066,C1929,2025-12-27,South,Store,Credit Card
O08067,C1131,2025-11-10,East,Store,Debit Card
O08068,C0237,2025-02-22,East,Online,Net Banking
O08069,C0450,2025-02-08,South,Store,UPI
O08070,C1673,2025-11-01,South,Online,Net Banking
O08071,C1797,2025-02-05,South,Online,UPI
O08072,C1817,2025-04-23,East,Online,Net Banking
O08073,C0014,2025-10-31,South,Online,Debit Card
O08074,C1646,2025-12-03,North,Online,Credit Card
O08075,C0224,2025-10-20,South,Online,Credit Card
O08076,C1618,2025-11-28,West,Online,Credit Card
O08077,C1763,2025-08-12,South,Online,UPI
O08078,C0723,2025-10-24,North,Store,Credit Card
O08079,C0388,2025-05-25,North,Store,Debit Card
O08080,C1427,2025-10-26,South,Store,Credit Card
O08081,C0137,2025-09-21,South,Store,Credit Card
O08082,C1159,2025-08-17,West,Store,Credit Card
O08083,C0664,2025-12-29,West,Online,Net Banking
O08084,C0849,2025-07-11,North,Store,Credit Card
O08085,C1652,2025-09-01,West,Online,Credit Card
O08086,C1987,2025-07-25,East,Online,Cash on Delivery
O08087,C0805,2025-04-22,South,Store,UPI
O08088,C0581,2025-05-20,East,Online,UPI
O08089,C1669,2025-12-25,East,Online,Cash on Delivery
O08090,C0827,2025-06-12,North,Store,Debit Card
O08091,C0400,2025-09-21,East,Online,Credit Card
O08092,C1806,2025-08-14,West,Online,UPI
O08093,C1984,2025-11-28,North,Store,Credit Card
O08094,C0579,2025-10-17,South,Store,Net Banking
O08095,C0316,2025-02-06,South,Store,Credit Card
O08096,C0306,2025-05-29,West,Online,Net Banking
O08097,C1198,2025-10-02,East,Store,UPI
O08098,C0620,2025-03-13,East,Store,Credit Card
O08099,C1247,2025-07-23,West,Store,UPI
O08100,C1519,2025-05-15,East,Online,Credit Card
O08101,C0012,2025-01-30,North,Online,Net Banking
O08102,C1720,2025-12-31,North,Online,UPI
O08103,C0059,2025-12-10,South,Store,Debit Card
O08104,C0229,2025-10-14,West,Online,UPI
O08105,C1450,2025-03-29,West,Online,Credit Card
O08106,C1244,2025-12-28,North,Online,UPI
O08107,C1957,2025-09-05,West,Online,Credit Card
O08108,C1135,2025-12-21,North,Online,Cash on Delivery
O08109,C0835,2025-01-20,East,Store,UPI
O08110,C1338,2025-03-18,West,Online,UPI
O08111,C1525,2025-09-20,North,Online,UPI
O08112,C1343,2025-12-03,West,Online,Credit Card
O08113,C0742,2025-03-19,North,Online,UPI
O08114,C1919,2025-05-14,West,Online,Cash on Delivery
O08115,C0604,2025-08-21,East,Online,Debit Card
O08116,C0694,2025-12-31,North,Online,Debit Card
O08117,C0556,2025-10-30,North,Online,UPI
O08118,C0600,2025-12-08,South,Store,Credit Card
O08119,C0426,2025-09-20,West,Online,Net Banking
O08120,C1163,2025-11-24,East,Online,Credit Card
O08121,C1458,2025-07-24,East,Online,Debit Card
O08122,C0859,2025-02-25,East,Online,Debit Card
O08123,C1846,2025-10-01,North,Online,Cash on Delivery
O08124,C0948,2025-08-26,North,Online,Credit Card
O08125,C0935,2025-07-16,South,Online,Net Banking
O08126,C0139,2025-04-28,North,Store,UPI
O08127,C1808,2025-10-25,South,Online,Credit Card
O08128,C0297,2025-11-06,East,Store,Debit Card
O08129,C0329,2025-06-02,South,Online,Credit Card
O08130,C1871,2025-12-10,East,Store,UPI
O08131,C1040,2025-06-04,West,Store,Credit Card
O08132,C0137,2025-02-18,South,Online,UPI
O08133,C0884,2025-03-15,West,Online,Credit Card
O08134,C1181,2025-07-19,North,Online,UPI
O08135,C0021,2025-02-06,North,Online,Credit Card
O08136,C1510,2025-10-04,North,Store,Credit Card
O08137,C1338,2025-10-29,West,Online,UPI
O08138,C0024,2025-08-08,South,Store,Debit Card
O08139,C1237,2025-11-29,East,Store,UPI
O08140,C0446,2025-12-18,East,Store,Credit Card
O08141,C1469,2025-07-02,North,Online,Net Banking
O08142,C0755,2025-02-10,South,Store,Net Banking
O08143,C0405,2025-04-11,North,Online,Credit Card
O08144,C1014,2025-09-14,South,Store,Credit Card
O08145,C0887,2025-06-17,East,Online,Credit Card
O08146,C0684,2025-09-23,South,Online,Credit Card
O08147,C1757,2025-09-17,South,Online,UPI
O08148,C1298,2025-08-27,South,Online,UPI
O08149,C0975,2025-03-11,North,Online,Cash on Delivery
O08150,C0453,2025-05-02,North,Store,UPI
O08151,C1138,2025-06-07,North,Online,Credit Card
O08152,C0051,2025-11-07,West,Store,UPI
O08153,C1770,2025-09-22,East,Store,UPI
O08154,C0004,2025-09-10,West,Store,UPI
O08155,C1398,2025-09-19,South,Store,Credit Card
O08156,C0692,2025-07-23,North,Store,Credit Card
O08157,C1439,2025-01-19,West,Online,Net Banking
O08158,C0724,2025-03-29,West,Online,Debit Card
O08159,C0053,2025-03-04,West,Online,Net Banking
O08160,C1898,2025-01-30,North,Online,Credit Card
O08161,C1532,2025-05-15,South,Store,UPI
O08162,C0090,2025-10-27,West,Online,Net Banking
O08163,C0066,2025-02-21,West,Store,Credit Card
O08164,C1061,2025-02-19,North,Online,Net Banking
O08165,C1914,2025-02-25,South,Store,UPI
O08166,C1156,2025-04-26,South,Online,Credit Card
O08167,C0022,2025-03-30,South,Online,Credit Card
O08168,C1399,2025-01-07,West,Store,UPI
O08169,C0856,2025-04-29,South,Online,Debit Card
O08170,C1278,2025-12-30,North,Store,Net Banking
O08171,C0701,2025-05-22,South,Online,Net Banking
O08172,C0017,2025-04-02,West,Store,Net Banking
O08173,C0037,2025-07-20,West,Store,Net Banking
O08174,C1264,2025-04-10,West,Store,Net Banking
O08175,C1271,2025-08-11,North,Online,Debit Card
O08176,C0645,2025-06-15,North,Store,Debit Card
O08177,C0165,2025-11-30,North,Online,UPI
O08178,C1546,2025-12-10,West,Online,Cash on Delivery
O08179,C0303,2025-10-02,West,Store,Credit Card
O08180,C0377,2025-04-04,South,Online,UPI
O08181,C0905,2025-07-12,West,Store,Credit Card
O08182,C1433,2025-05-10,East,Online,Net Banking
O08183,C1991,2025-10-30,South,Online,Debit Card
O08184,C1251,2025-01-14,South,Store,UPI
O08185,C1921,2025-09-16,North,Online,Credit Card
O08186,C1305,2025-05-17,West,Store,Debit Card
O08187,C1696,2025-07-15,East,Store,Debit Card
O08188,C0352,2025-05-17,South,Online,UPI
O08189,C0113,2025-06-02,East,Store,Debit Card
O08190,C1339,2025-09-20,North,Online,Debit Card
O08191,C1951,2025-08-24,North,Online,UPI
O08192,C1474,2025-04-16,West,Store,UPI
O08193,C0687,2025-01-20,South,Online,Credit Card
O08194,C0979,2025-11-17,South,Store,Debit Card
O08195,C0225,2025-07-19,North,Online,Cash on Delivery
O08196,C0681,2025-09-01,South,Online,Cash on Delivery
O08197,C1366,2025-07-17,South,Store,Debit Card
O08198,C0334,2025-09-01,South,Online,Credit Card
O08199,C0964,2025-09-04,East,Online,UPI
O08200,C0580,2025-01-07,South,Online,Debit Card
O08201,C0982,2025-08-02,West,Store,Credit Card
O08202,C1528,2025-07-22,North,Online,Debit Card
O08203,C1770,2025-02-13,East,Online,Cash on Delivery
O08204,C0819,2025-10-13,North,Online,UPI
O08205,C1655,2025-04-12,West,Store,Credit Card
O08206,C1406,2025-01-25,South,Store,Credit Card
O08207,C1844,2025-11-01,South,Store,Credit Card
O08208,C1481,2025-11-20,South,Online,UPI
O08209,C1102,2025-04-14,West,Online,Debit Card
O08210,C1349,2025-09-24,West,Store,UPI
O08211,C0636,2025-01-03,West,Online,Credit Card
O08212,C1348,2025-10-05,West,Online,Cash on Delivery
O08213,C1418,2025-07-09,North,Store,Credit Card
O08214,C1222,2025-10-28,South,Online,UPI
O08215,C0207,2025-06-12,East,Online,Net Banking
O08216,C1037,2025-05-28,North,Online,UPI
O08217,C1422,2025-11-13,South,Online,UPI
O08218,C0396,2025-01-18,West,Store,Cash on Delivery
O08219,C1575,2025-03-23,East,Online,Net Banking
O08220,C1686,2025-06-19,East,Online,Credit Card
O08221,C1078,2025-08-24,West,Online,Debit Card
O08222,C1929,2025-01-03,South,Online,Credit Card
O08223,C1716,2025-08-17,East,Store,Net Banking
O08224,C0933,2025-06-07,North,Store,Credit Card
O08225,C1769,2025-09-05,North,Online,Debit Card
O08226,C1867,2025-12-03,South,Online,UPI
O08227,C0217,2025-06-30,North,Online,UPI
O08228,C1996,2025-08-10,West,Online,UPI
O08229,C0010,2025-07-08,West,Store,Credit Card
O08230,C0973,2025-02-23,North,Store,Credit Card
O08231,C1876,2025-10-28,West,Online,UPI
O08232,C1449,2025-11-26,West,Store,UPI
O08233,C0534,2025-11-03,North,Store,Credit Card
O08234,C1288,2025-12-16,North,Store,UPI
O08235,C0430,2025-07-10,East,Store,Net Banking
O08236,C0475,2025-09-12,West,Store,Net Banking
O08237,C1824,2025-03-16,South,Online,Debit Card
O08238,C0095,2025-12-25,South,Online,Cash on Delivery
O08239,C1925,2025-08-19,West,Store,Debit Card
O08240,C0907,2025-04-23,South,Online,Credit Card
O08241,C0130,2025-11-01,West,Store,Debit Card
O08242,C1575,2025-08-21,West,Online,UPI
O08243,C0097,2025-12-16,West,Online,UPI
O08244,C0651,2025-10-21,South,Store,Credit Card
O08245,C0482,2025-11-24,West,Online,UPI
O08246,C1569,2025-08-07,South,Online,Net Banking
O08247,C0794,2025-07-28,West,Online,UPI
O08248,C1310,2025-10-17,South,Store,Credit Card
O08249,C0145,2025-02-17,East,Online,Credit Card
O08250,C1392,2025-01-25,West,Store,UPI
O08251,C1422,2025-12-27,North,Online,UPI
O08252,C0572,2025-12-06,East,Store,Credit Card
O08253,C1763,2025-12-18,East,Online,UPI
O08254,C0941,2025-01-29,East,Store,UPI
O08255,C1335,2025-04-26,South,Online,UPI
O08256,C0364,2025-12-01,South,Online,Credit Card
O08257,C1866,2025-02-10,North,Online,Net Banking
O08258,C0494,2025-07-04,West,Store,Net Banking
O08259,C1253,2025-05-24,West,Store,Credit Card
O08260,C0180,2025-11-25,North,Online,Debit Card
O08261,C0090,2025-07-28,South,Online,Cash on Delivery
O08262,C0254,2025-05-04,South,Store,Credit Card
O08263,C1886,2025-07-30,North,Store,Cash on Delivery
O08264,C0422,2025-02-20,North,Store,Net Banking
O08265,C1760,2025-10-08,North,Online,UPI
O08266,C1161,2025-09-01,North,Online,Credit Card
O08267,C0178,2025-08-26,South,Online,Cash on Delivery
O08268,C0883,2025-06-29,South,Online,UPI
O08269,C0959,2025-05-06,West,Store,UPI
O08270,C0534,2025-01-30,West,Online,UPI
O08271,C1209,2025-12-15,North,Online,UPI
O08272,C1723,2025-06-21,North,Online,UPI
O08273,C1768,2025-07-20,East,Online,Credit Card
O08274,C1051,2025-06-06,West,Store,Debit Card
O08275,C1788,2025-12-28,South,Store,UPI
O08276,C1847,2025-10-29,West,Store,Net Banking
O08277,C0177,2025-02-13,South,Online,Cash on Delivery
O08278,C1270,2025-08-28,South,Store,Credit Card
O08279,C1547,2025-07-16,West,Store,Cash on Delivery
O08280,C0032,2025-10-28,West,Store,Credit Card
O08281,C1207,2025-12-31,South,Online,UPI
O08282,C1827,2025-10-13,North,Online,UPI
O08283,C0537,2025-11-20,North,Store,Credit Card
O08284,C1715,2025-07-22,South,Store,Cash on Delivery
O08285,C1868,2025-06-05,North,Online,UPI
O08286,C1271,2025-09-09,South,Store,Credit Card
O08287,C1259,2025-10-14,West,Store,Net Banking
O08288,C1070,2025-04-09,North,Store,Cash on Delivery
O08289,C0819,2025-07-23,West,Online,Cash on Delivery
O08290,C0906,2025-02-20,North,Store,UPI
O08291,C1045,2025-04-04,West,Store,UPI
O08292,C0965,2025-11-25,South,Online,UPI
O08293,C1653,2025-03-06,West,Store,UPI
O08294,C1539,2025-11-03,South,Online,Net Banking
O08295,C0696,2025-06-05,South,Online,Debit Card
O08296,C1027,2025-09-16,West,Store,Cash on Delivery
O08297,C0431,2025-12-04,South,Online,Credit Card
O08298,C0353,2025-10-24,West,Online,Credit Card
O08299,C0738,2025-11-08,West,Store,UPI
O08300,C0117,2025-04-23,North,Store,Credit Card
O08301,C1710,2025-06-01,East,Store,Net Banking
O08302,C0253,2025-10-09,North,Online,Debit Card
O08303,C0654,2025-10-23,East,Online,Net Banking
O08304,C0503,2025-10-27,West,Online,Net Banking
O08305,C0414,2025-10-11,North,Online,UPI
O08306,C0736,2025-04-11,North,Online,UPI
O08307,C1439,2025-05-04,North,Online,Debit Card
O08308,C1785,2025-12-14,North,Online,Credit Card
O08309,C0378,2025-08-09,East,Online,UPI
O08310,C0479,2025-10-16,West,Store,UPI
O08311,C0940,2025-08-25,East,Store,Cash on Delivery
O08312,C0640,2025-12-09,West,Online,Net Banking
O08313,C1600,2025-11-21,South,Store,UPI
O08314,C0447,2025-04-23,South,Online,Debit Card
O08315,C0805,2025-11-26,West,Online,UPI
O08316,C1092,2025-05-08,South,Online,UPI
O08317,C0764,2025-06-30,South,Store,Credit Card
O08318,C1235,2025-11-16,West,Online,UPI
O08319,C1600,2025-05-17,North,Online,Cash on Delivery
O08320,C1065,2025-05-04,South,Online,UPI
O08321,C0914,2025-09-18,West,Online,Credit Card
O08322,C1904,2025-12-31,North,Online,Net Banking
O08323,C1964,2025-02-28,North,Online,UPI
O08324,C1991,2025-09-28,North,Store,Credit Card
O08325,C0033,2025-07-31,South,Store,Credit Card
O08326,C1675,2025-06-19,East,Online,UPI
O08327,C1798,2025-10-14,East,Store,UPI
O08328,C1611,2025-08-10,West,Online,Net Banking
O08329,C1500,2025-10-30,South,Store,Credit Card
O08330,C0733,2025-10-12,West,Online,UPI
O08331,C1452,2025-12-27,East,Online,Credit Card
O08332,C1160,2025-11-03,North,Store,Net Banking
O08333,C1663,2025-01-31,East,Store,Debit Card
O08334,C0703,2025-10-24,East,Online,Cash on Delivery
O08335,C1486,2025-09-11,North,Online,Net Banking
O08336,C1569,2025-02-10,South,Store,UPI
O08337,C1668,2025-08-27,South,Online,UPI
O08338,C0344,2025-10-15,South,Store,Credit Card
O08339,C1728,2025-03-28,South,Online,Credit Card
O08340,C0434,2025-06-28,South,Online,Credit Card
O08341,C1875,2025-08-05,West,Online,Debit Card
O08342,C0078,2025-06-20,North,Online,UPI
O08343,C0448,2025-11-24,South,Store,Cash on Delivery
O08344,C1218,2025-03-16,North,Store,Credit Card
O08345,C1087,2025-10-21,East,Online,Debit Card
O08346,C1378,2025-10-24,South,Online,Credit Card
O08347,C0808,2025-07-03,South,Online,Debit Card
O08348,C0007,2025-08-04,West,Online,Cash on Delivery
O08349,C1236,2025-03-09,East,Online,UPI
O08350,C1022,2025-03-27,North,Online,Credit Card
O08351,C1018,2025-08-02,South,Store,Debit Card
O08352,C0754,2025-04-08,North,Store,Net Banking
O08353,C1782,2025-11-02,North,Store,Debit Card
O08354,C1585,2025-08-31,South,Online,UPI
O08355,C0363,2025-01-26,North,Online,Debit Card
O08356,C0078,2025-05-30,West,Online,Debit Card
O08357,C0363,2025-11-18,South,Store,UPI
O08358,C0098,2025-04-29,East,Online,Debit Card
O08359,C1419,2025-10-05,South,Online,Credit Card
O08360,C1241,2025-02-12,North,Online,UPI
O08361,C0926,2025-12-10,North,Online,UPI
O08362,C1184,2025-07-03,South,Online,Debit Card
O08363,C1617,2025-07-18,North,Store,UPI
O08364,C1663,2025-08-15,South,Online,UPI
O08365,C0870,2025-06-01,South,Store,Debit Card
O08366,C1185,2025-10-06,South,Store,UPI
O08367,C1154,2025-01-07,East,Online,UPI
O08368,C1899,2025-03-13,East,Online,Cash on Delivery
O08369,C1524,2025-03-24,South,Store,Credit Card
O08370,C0629,2025-09-06,West,Online,UPI
O08371,C1774,2025-11-28,East,Online,UPI
O08372,C0796,2025-01-29,North,Online,UPI
O08373,C1516,2025-11-16,South,Online,Debit Card
O08374,C1956,2025-11-06,West,Store,Credit Card
O08375,C1618,2025-02-04,West,Store,UPI
O08376,C0216,2025-03-05,South,Online,Cash on Delivery
O08377,C0412,2025-05-27,West,Online,Debit Card
O08378,C1592,2025-02-21,North,Online,Net Banking
O08379,C0247,2025-10-17,North,Online,Debit Card
O08380,C0024,2025-07-23,West,Store,Cash on Delivery
O08381,C0517,2025-06-19,North,Online,Credit Card
O08382,C0974,2025-10-06,West,Store,UPI
O08383,C0257,2025-05-05,North,Online,UPI
O08384,C0307,2025-11-22,South,Online,UPI
O08385,C0678,2025-09-13,West,Store,Net Banking
O08386,C1198,2025-05-26,West,Online,Debit Card
O08387,C1089,2025-08-05,West,Online,UPI
O08388,C1597,2025-04-22,North,Store,UPI
O08389,C1962,2025-12-27,West,Store,Debit Card
O08390,C0067,2025-06-28,West,Online,Credit Card
O08391,C1377,2025-11-30,West,Store,Net Banking
O08392,C0328,2025-12-25,North,Online,Cash on Delivery
O08393,C0721,2025-08-03,North,Online,Debit Card
O08394,C0686,2025-10-08,North,Online,UPI
O08395,C1402,2025-08-16,East,Online,Debit Card
O08396,C0512,2025-02-11,North,Online,Debit Card
O08397,C1790,2025-12-17,South,Store,Net Banking
O08398,C0767,2025-07-06,North,Online,UPI
O08399,C1631,2025-11-29,South,Online,Debit Card
O08400,C1904,2025-09-13,North,Store,Debit Card
O08401,C1022,2025-02-17,East,Online,Credit Card
O08402,C0203,2025-06-21,South,Store,UPI
O08403,C1403,2025-03-27,South,Store,UPI
O08404,C0847,2025-03-16,South,Online,Net Banking
O08405,C0677,2025-10-03,East,Online,UPI
O08406,C0915,2025-01-14,West,Online,Credit Card
O08407,C0600,2025-12-21,North,Store,Credit Card
O08408,C0561,2025-07-03,South,Online,Credit Card
O08409,C1980,2025-07-18,South,Online,Debit Card
O08410,C0558,2025-05-08,South,Online,Credit Card
O08411,C0918,2025-02-08,North,Online,Credit Card
O08412,C1430,2025-08-21,South,Online,UPI
O08413,C0442,2025-05-25,East,Online,Credit Card
O08414,C1236,2025-09-03,North,Online,Credit Card
O08415,C1792,2025-08-10,East,Store,Net Banking
O08416,C1626,2025-04-05,West,Online,UPI
O08417,C0058,2025-07-08,West,Online,Credit Card
O08418,C0811,2025-05-11,South,Store,UPI
O08419,C0001,2025-04-14,West,Online,UPI
O08420,C1214,2025-10-21,West,Online,Credit Card
O08421,C0651,2025-01-06,South,Online,Cash on Delivery
O08422,C1788,2025-04-26,East,Online,Credit Card
O08423,C0352,2025-08-01,South,Online,UPI
O08424,C1703,2025-07-13,South,Store,Cash on Delivery
O08425,C0685,2025-12-13,West,Online,Debit Card
O08426,C1841,2025-11-13,West,Online,Credit Card
O08427,C0400,2025-10-15,South,Online,Debit Card
O08428,C0538,2025-07-26,East,Store,Debit Card
O08429,C0703,2025-06-26,South,Online,Net Banking
O08430,C1971,2025-01-17,West,Store,UPI
O08431,C1468,2025-11-06,South,Online,Credit Card
O08432,C1633,2025-06-26,South,Store,Debit Card
O08433,C1106,2025-05-16,West,Store,Cash on Delivery
O08434,C1590,2025-08-28,North,Online,Debit Card
O08435,C1254,2025-10-16,West,Store,UPI
O08436,C1336,2025-07-30,South,Store,Cash on Delivery
O08437,C1675,2025-03-08,South,Online,Credit Card
O08438,C1967,2025-12-08,East,Online,Credit Card
O08439,C1152,2025-02-20,South,Store,UPI
O08440,C0884,2025-12-22,West,Store,Net Banking
O08441,C1307,2025-07-01,South,Store,Credit Card
O08442,C1484,2025-12-15,South,Store,Cash on Delivery
O08443,C1973,2025-12-06,South,Online,Credit Card
O08444,C1398,2025-06-17,South,Store,UPI
O08445,C1910,2025-10-31,West,Online,Net Banking
O08446,C1465,2025-02-10,West,Store,UPI
O08447,C1904,2025-02-07,North,Online,UPI
O08448,C1503,2025-05-29,South,Store,Cash on Delivery
O08449,C1770,2025-08-29,West,Store,Cash on Delivery
O08450,C0382,2025-01-05,West,Online,Net Banking
O08451,C1986,2025-07-27,South,Store,UPI
O08452,C0699,2025-12-24,South,Store,Debit Card
O08453,C1596,2025-11-18,South,Online,Debit Card
O08454,C0785,2025-04-11,South,Online,Credit Card
O08455,C0917,2025-07-31,West,Online,Credit Card
O08456,C1496,2025-03-17,South,Online,Credit Card
O08457,C1082,2025-04-23,West,Store,Credit Card
O08458,C1433,2025-12-08,West,Online,Credit Card
O08459,C0159,2025-12-31,West,Store,UPI
O08460,C1667,2025-04-15,South,Online,Net Banking
O08461,C0817,2025-04-03,West,Online,Net Banking
O08462,C1578,2025-06-09,West,Online,Credit Card
O08463,C0572,2025-07-02,East,Online,Cash on Delivery
O08464,C1193,2025-02-10,South,Store,Net Banking
O08465,C1177,2025-03-07,South,Online,Net Banking
O08466,C0280,2025-06-24,North,Store,Net Banking
O08467,C0949,2025-04-12,South,Store,Credit Card
O08468,C1271,2025-11-14,South,Online,Net Banking
O08469,C1673,2025-10-15,East,Store,UPI
O08470,C1775,2025-08-03,West,Online,Cash on Delivery
O08471,C0770,2025-06-27,West,Store,Debit Card
O08472,C1287,2025-11-09,South,Online,Debit Card
O08473,C0350,2025-03-15,South,Store,UPI
O08474,C1792,2025-11-27,South,Online,UPI
O08475,C1737,2025-01-23,North,Online,UPI
O08476,C1999,2025-12-08,West,Online,UPI
O08477,C0973,2025-03-03,West,Online,Credit Card
O08478,C0719,2025-11-03,East,Online,UPI
O08479,C1516,2025-01-09,East,Online,Cash on Delivery
O08480,C1447,2025-11-04,South,Online,Net Banking
O08481,C0425,2025-08-20,West,Online,Credit Card
O08482,C1080,2025-01-09,North,Online,Net Banking
O08483,C1288,2025-10-22,North,Store,Credit Card
O08484,C0910,2025-02-15,East,Store,Cash on Delivery
O08485,C0743,2025-08-05,North,Online,Debit Card
O08486,C0480,2025-05-20,North,Online,Debit Card
O08487,C0824,2025-10-17,South,Online,UPI
O08488,C0492,2025-11-16,West,Store,Net Banking
O08489,C0601,2025-07-09,West,Store,Net Banking
O08490,C0370,2025-10-17,North,Online,UPI
O08491,C0753,2025-12-06,West,Online,UPI
O08492,C1263,2025-09-24,West,Online,Net Banking
O08493,C0756,2025-05-16,West,Online,Cash on Delivery
O08494,C0285,2025-07-08,East,Online,Debit Card
O08495,C1603,2025-04-10,South,Store,UPI
O08496,C0863,2025-07-06,North,Online,Credit Card
O08497,C1168,2025-04-16,West,Online,UPI
O08498,C1047,2025-11-02,West,Store,Net Banking
O08499,C1013,2025-08-29,West,Store,UPI
O08500,C0877,2025-09-06,West,Online,Credit Card
O08501,C1512,2025-02-19,North,Store,Credit Card
O08502,C1710,2025-01-01,South,Online,Debit Card
O08503,C1808,2025-10-27,East,Online,Cash on Delivery
O08504,C0887,2025-08-05,North,Online,Credit Card
O08505,C0682,2025-12-11,South,Online,UPI
O08506,C0166,2025-08-04,South,Online,UPI
O08507,C0886,2025-04-04,South,Store,Debit Card
O08508,C1985,2025-09-28,South,Store,UPI
O08509,C0521,2025-09-28,South,Online,Debit Card
O08510,C1690,2025-01-30,South,Online,Credit Card
O08511,C1514,2025-09-26,East,Online,Credit Card
O08512,C1321,2025-04-03,North,Online,UPI
O08513,C1131,2025-04-20,North,Store,Cash on Delivery
O08514,C1513,2025-01-15,West,Online,Debit Card
O08515,C0197,2025-09-04,West,Online,Credit Card
O08516,C0257,2025-10-08,East,Online,Credit Card
O08517,C0392,2025-04-10,South,Store,Credit Card
O08518,C1532,2025-10-28,North,Online,Credit Card
O08519,C0865,2025-10-18,East,Online,Net Banking
O08520,C0416,2025-06-19,East,Online,Credit Card
O08521,C0090,2025-02-01,West,Store,UPI
O08522,C0978,2025-04-30,East,Online,Cash on Delivery
O08523,C0798,2025-03-14,West,Online,Debit Card
O08524,C0356,2025-12-19,South,Online,UPI
O08525,C0047,2025-11-05,South,Online,UPI
O08526,C1508,2025-02-05,West,Online,Credit Card
O08527,C1559,2025-07-26,South,Online,Debit Card
O08528,C0492,2025-04-25,South,Store,Cash on Delivery
O08529,C0988,2025-01-15,South,Store,UPI
O08530,C0507,2025-05-16,North,Online,Credit Card
O08531,C0818,2025-02-26,East,Online,UPI
O08532,C0219,2025-04-07,East,Online,Credit Card
O08533,C1893,2025-05-18,West,Store,Net Banking
O08534,C1442,2025-06-18,East,Online,UPI
O08535,C1803,2025-07-10,West,Online,Cash on Delivery
O08536,C0592,2025-07-29,West,Store,UPI
O08537,C1746,2025-06-04,West,Online,Debit Card
O08538,C1037,2025-07-21,South,Online,Debit Card
O08539,C0397,2025-06-22,West,Online,Credit Card
O08540,C0665,2025-12-21,West,Online,Net Banking
O08541,C1624,2025-01-31,East,Online,Debit Card
O08542,C1550,2025-08-21,South,Store,Net Banking
O08543,C1441,2025-03-26,South,Online,Credit Card
O08544,C0453,2025-06-06,West,Store,Debit Card
O08545,C1296,2025-08-07,South,Online,UPI
O08546,C1882,2025-10-18,East,Store,Debit Card
O08547,C0098,2025-12-25,West,Store,Net Banking
O08548,C0643,2025-07-19,West,Store,Debit Card
O08549,C0161,2025-04-21,North,Store,Net Banking
O08550,C0208,2025-10-28,West,Online,Cash on Delivery
O08551,C1996,2025-04-07,South,Store,UPI
O08552,C0481,2025-07-24,West,Store,Debit Card
O08553,C0359,2025-11-14,South,Online,Net Banking
O08554,C0148,2025-06-16,North,Online,UPI
O08555,C1963,2025-08-11,North,Store,UPI
O08556,C0938,2025-02-23,South,Store,UPI
O08557,C1583,2025-01-26,North,Online,Net Banking
O08558,C0501,2025-12-27,North,Store,Cash on Delivery
O08559,C1282,2025-03-20,West,Store,Cash on Delivery
O08560,C1773,2025-05-22,West,Online,Credit Card
O08561,C1343,2025-07-23,West,Online,Debit Card
O08562,C1035,2025-06-05,West,Online,UPI
O08563,C0422,2025-02-13,West,Online,Cash on Delivery
O08564,C0467,2025-03-28,South,Online,Cash on Delivery
O08565,C1194,2025-07-19,West,Store,Debit Card
O08566,C0903,2025-06-29,North,Store,UPI
O08567,C0093,2025-10-30,West,Store,Cash on Delivery
O08568,C0392,2025-05-12,East,Online,Net Banking
O08569,C0865,2025-12-13,South,Online,Cash on Delivery
O08570,C0358,2025-05-01,West,Online,Credit Card
O08571,C1108,2025-05-20,West,Store,Credit Card
O08572,C0602,2025-12-16,West,Online,Credit Card
O08573,C0584,2025-11-12,East,Online,Credit Card
O08574,C0217,2025-05-14,South,Store,Cash on Delivery
O08575,C1007,2025-06-13,West,Online,UPI
O08576,C0378,2025-11-13,West,Online,Debit Card
O08577,C1261,2025-02-08,West,Online,Cash on Delivery
O08578,C1877,2025-05-06,North,Store,UPI
O08579,C1825,2025-08-02,North,Online,Credit Card
O08580,C1334,2025-11-09,South,Online,Net Banking
O08581,C1615,2025-08-13,North,Store,Credit Card
O08582,C1843,2025-07-18,North,Store,Credit Card
O08583,C1364,2025-12-20,West,Online,Debit Card
O08584,C0514,2025-02-22,South,Store,UPI
O08585,C1002,2025-10-24,East,Store,Debit Card
O08586,C1715,2025-02-26,North,Online,Cash on Delivery
O08587,C1336,2025-10-09,South,Store,UPI
O08588,C0725,2025-08-06,South,Online,UPI
O08589,C0337,2025-04-24,North,Store,UPI
O08590,C0289,2025-08-06,East,Online,Debit Card
O08591,C0755,2025-11-25,West,Store,Credit Card
O08592,C1610,2025-07-11,East,Store,Credit Card
O08593,C1106,2025-01-04,West,Online,Debit Card
O08594,C0120,2025-01-26,West,Store,Credit Card
O08595,C1837,2025-09-06,North,Online,Debit Card
O08596,C0810,2025-09-21,South,Online,Net Banking
O08597,C0782,2025-06-16,South,Store,Credit Card
O08598,C1639,2025-04-15,North,Store,Net Banking
O08599,C0754,2025-10-03,South,Store,Credit Card
O08600,C1235,2025-05-09,South,Store,Credit Card
O08601,C1843,2025-02-03,South,Online,UPI
O08602,C1037,2025-06-19,South,Online,Debit Card
O08603,C1229,2025-08-04,South,Store,Debit Card
O08604,C0708,2025-12-21,South,Store,Net Banking
O08605,C1782,2025-08-23,East,Online,Credit Card
O08606,C0151,2025-04-01,North,Online,Net Banking
O08607,C0553,2025-11-10,North,Store,UPI
O08608,C1982,2025-05-04,South,Online,Debit Card
O08609,C0969,2025-12-19,South,Store,Credit Card
O08610,C0350,2025-05-18,East,Online,UPI
O08611,C0828,2025-12-04,North,Online,Credit Card
O08612,C0511,2025-11-24,North,Online,UPI
O08613,C1051,2025-11-20,West,Store,UPI
O08614,C0472,2025-01-19,West,Store,Credit Card
O08615,C0799,2025-11-15,West,Online,Cash on Delivery
O08616,C1816,2025-10-05,South,Store,Net Banking
O08617,C0165,2025-05-21,North,Online,Cash on Delivery
O08618,C1528,2025-07-18,South,Online,UPI
O08619,C0157,2025-09-08,West,Store,UPI
O08620,C0915,2025-12-14,South,Online,UPI
O08621,C1337,2025-10-24,North,Online,Debit Card
O08622,C1911,2025-06-26,North,Store,Cash on Delivery
O08623,C0501,2025-09-10,West,Online,Credit Card
O08624,C0106,2025-03-23,East,Store,Credit Card
O08625,C1502,2025-06-24,South,Online,UPI
O08626,C1788,2025-10-28,East,Online,Debit Card
O08627,C1131,2025-08-28,North,Online,Cash on Delivery
O08628,C0121,2025-10-25,East,Online,Debit Card
O08629,C1002,2025-07-25,North,Store,Debit Card
O08630,C0783,2025-06-08,West,Online,Credit Card
O08631,C0903,2025-10-12,West,Store,Credit Card
O08632,C0109,2025-02-12,North,Online,Credit Card
O08633,C0635,2025-12-25,North,Online,Net Banking
O08634,C1998,2025-12-16,West,Store,Debit Card
O08635,C0092,2025-11-25,North,Online,UPI
O08636,C1829,2025-11-26,West,Online,Credit Card
O08637,C1036,2025-07-25,South,Online,UPI
O08638,C1170,2025-07-21,South,Online,UPI
O08639,C1868,2025-11-06,North,Online,UPI
O08640,C0436,2025-05-01,North,Store,Net Banking
O08641,C1969,2025-11-15,North,Online,UPI
O08642,C0554,2025-03-29,West,Online,Cash on Delivery
O08643,C0699,2025-11-25,South,Online,Credit Card
O08644,C0900,2025-08-05,South,Store,Credit Card
O08645,C1204,2025-11-13,South,Online,Net Banking
O08646,C0646,2025-07-19,South,Online,UPI
O08647,C1587,2025-08-28,North,Online,Cash on Delivery
O08648,C0043,2025-12-09,North,Store,Debit Card
O08649,C1334,2025-06-22,East,Online,UPI
O08650,C1313,2025-04-06,South,Store,Cash on Delivery
O08651,C1070,2025-02-11,North,Online,UPI
O08652,C1227,2025-08-22,West,Store,UPI
O08653,C1496,2025-08-29,South,Store,Net Banking
O08654,C1809,2025-09-01,North,Store,Credit Card
O08655,C0437,2025-01-18,East,Store,Debit Card
O08656,C0954,2025-01-13,West,Online,UPI
O08657,C1125,2025-11-30,North,Store,Cash on Delivery
O08658,C0690,2025-09-27,South,Online,Credit Card
O08659,C1948,2025-02-20,South,Store,UPI
O08660,C1024,2025-02-03,South,Online,Cash on Delivery
O08661,C1186,2025-03-13,South,Store,Debit Card
O08662,C0390,2025-11-02,North,Online,Net Banking
O08663,C0832,2025-10-06,South,Store,Credit Card
O08664,C1252,2025-09-08,North,Online,Debit Card
O08665,C0857,2025-09-08,East,Online,UPI
O08666,C1541,2025-11-18,North,Online,Credit Card
O08667,C0274,2025-05-21,South,Store,Credit Card
O08668,C0307,2025-05-16,South,Online,Credit Card
O08669,C0678,2025-06-24,West,Store,UPI
O08670,C0637,2025-12-28,South,Store,Net Banking
O08671,C1631,2025-08-10,West,Store,UPI
O08672,C1736,2025-08-07,West,Store,Credit Card
O08673,C0944,2025-11-03,North,Online,Debit Card
O08674,C1012,2025-03-20,South,Store,UPI
O08675,C0589,2025-06-17,South,Online,Credit Card
O08676,C1064,2025-09-08,East,Online,UPI
O08677,C1413,2025-12-28,East,Online,UPI
O08678,C1445,2025-03-10,North,Online,Net Banking
O08679,C1938,2025-07-04,West,Online,Credit Card
O08680,C1156,2025-12-03,North,Online,Credit Card
O08681,C0681,2025-10-06,South,Store,UPI
O08682,C0140,2025-08-30,East,Online,Credit Card
O08683,C1376,2025-04-21,South,Store,UPI
O08684,C1608,2025-03-24,North,Store,UPI
O08685,C1105,2025-06-05,South,Store,Credit Card
O08686,C1846,2025-04-20,North,Store,Debit Card
O08687,C0634,2025-11-02,North,Store,UPI
O08688,C0107,2025-10-05,North,Online,UPI
O08689,C1267,2025-11-11,West,Online,Debit Card
O08690,C0243,2025-03-17,West,Online,UPI
O08691,C0169,2025-05-12,West,Online,UPI
O08692,C1404,2025-10-20,North,Online,Cash on Delivery
O08693,C0869,2025-03-14,West,Online,UPI
O08694,C1209,2025-03-06,West,Store,Debit Card
O08695,C1496,2025-06-09,North,Online,Net Banking
O08696,C0766,2025-03-23,South,Store,Credit Card
O08697,C1223,2025-02-05,North,Online,Credit Card
O08698,C1079,2025-05-13,South,Store,Credit Card
O08699,C1161,2025-11-23,North,Online,UPI
O08700,C1407,2025-01-26,West,Store,UPI
O08701,C0761,2025-08-14,North,Store,Cash on Delivery
O08702,C1009,2025-08-13,South,Online,UPI
O08703,C1183,2025-08-01,West,Store,Net Banking
O08704,C0281,2025-07-23,South,Online,Credit Card
O08705,C0424,2025-01-08,East,Store,Debit Card
O08706,C0179,2025-01-22,South,Online,Credit Card
O08707,C0397,2025-07-25,West,Online,Credit Card
O08708,C0878,2025-12-22,South,Online,Credit Card
O08709,C1876,2025-06-18,North,Store,Credit Card
O08710,C1846,2025-07-11,South,Store,Net Banking
O08711,C1526,2025-12-26,West,Store,Net Banking
O08712,C1116,2025-10-24,South,Online,UPI
O08713,C0406,2025-10-21,West,Online,UPI
O08714,C0717,2025-07-23,South,Online,Net Banking
O08715,C1533,2025-11-30,West,Online,UPI
O08716,C1818,2025-08-19,South,Online,Net Banking
O08717,C1926,2025-09-14,East,Online,UPI
O08718,C0778,2025-10-27,West,Online,UPI
O08719,C0974,2025-06-17,North,Store,UPI
O08720,C1019,2025-12-17,South,Online,UPI
O08721,C0113,2025-12-28,South,Store,Debit Card
O08722,C0233,2025-08-21,North,Store,Credit Card
O08723,C0091,2025-04-07,North,Store,Cash on Delivery
O08724,C1475,2025-10-23,North,Store,Credit Card
O08725,C0449,2025-05-16,North,Online,Debit Card
O08726,C1401,2025-08-17,South,Store,Debit Card
O08727,C0751,2025-02-09,East,Online,Credit Card
O08728,C1589,2025-11-02,West,Online,Net Banking
O08729,C0232,2025-12-19,East,Store,Credit Card
O08730,C0651,2025-02-12,North,Store,Credit Card
O08731,C0410,2025-10-08,South,Online,Credit Card
O08732,C0873,2025-11-19,West,Store,Credit Card
O08733,C1124,2025-02-19,East,Store,UPI
O08734,C0337,2025-04-17,South,Online,UPI
O08735,C1334,2025-06-12,West,Store,Cash on Delivery
O08736,C1930,2025-11-11,North,Online,Net Banking
O08737,C0087,2025-07-19,South,Store,Net Banking
O08738,C0173,2025-03-02,South,Store,Debit Card
O08739,C1905,2025-04-21,North,Online,Debit Card
O08740,C1299,2025-07-10,East,Store,Net Banking
O08741,C1840,2025-01-19,West,Online,Credit Card
O08742,C1411,2025-09-05,East,Store,Cash on Delivery
O08743,C1435,2025-01-12,South,Store,Credit Card
O08744,C0316,2025-10-24,South,Store,Debit Card
O08745,C1024,2025-10-09,South,Store,Credit Card
O08746,C0731,2025-11-20,West,Online,UPI
O08747,C1668,2025-03-11,North,Online,UPI
O08748,C0087,2025-08-26,South,Online,Cash on Delivery
O08749,C0037,2025-10-24,West,Store,Debit Card
O08750,C1114,2025-07-27,North,Online,UPI
O08751,C1941,2025-02-28,North,Online,Cash on Delivery
O08752,C1990,2025-02-14,North,Online,Cash on Delivery
O08753,C1188,2025-08-27,West,Store,Debit Card
O08754,C0860,2025-07-21,East,Store,UPI
O08755,C0546,2025-12-10,North,Store,UPI
O08756,C1981,2025-11-10,East,Online,Net Banking
O08757,C0367,2025-10-06,East,Store,UPI
O08758,C0253,2025-12-26,East,Store,UPI
O08759,C1017,2025-09-26,South,Online,UPI
O08760,C0785,2025-02-11,West,Online,Debit Card
O08761,C0992,2025-02-05,West,Store,Credit Card
O08762,C1804,2025-11-05,South,Store,Cash on Delivery
O08763,C0540,2025-05-31,West,Online,Net Banking
O08764,C1754,2025-12-08,South,Store,Cash on Delivery
O08765,C0424,2025-02-22,West,Store,UPI
O08766,C0648,2025-03-28,North,Online,Credit Card
O08767,C0009,2025-10-22,West,Online,Debit Card
O08768,C1358,2025-11-15,East,Store,Cash on Delivery
O08769,C1717,2025-11-21,North,Online,Credit Card
O08770,C1773,2025-02-14,North,Store,Credit Card
O08771,C0335,2025-06-08,South,Online,Debit Card
O08772,C1534,2025-09-10,East,Online,Debit Card
O08773,C0283,2025-12-07,South,Online,UPI
O08774,C1257,2025-04-14,North,Store,Credit Card
O08775,C1405,2025-08-25,South,Online,Credit Card
O08776,C0306,2025-03-05,South,Online,Credit Card
O08777,C0222,2025-10-14,South,Online,UPI
O08778,C0147,2025-02-26,North,Online,Debit Card
O08779,C1417,2025-12-31,East,Store,UPI
O08780,C1230,2025-02-11,North,Online,UPI
O08781,C0239,2025-09-23,North,Online,Credit Card
O08782,C1001,2025-10-23,South,Online,UPI
O08783,C1592,2025-04-21,East,Online,Debit Card
O08784,C0477,2025-04-20,West,Online,Debit Card
O08785,C1212,2025-08-24,East,Online,Credit Card
O08786,C0586,2025-09-05,North,Store,UPI
O08787,C0523,2025-10-05,West,Online,UPI
O08788,C0785,2025-08-19,South,Online,Debit Card
O08789,C0705,2025-03-18,North,Online,UPI
O08790,C0992,2025-12-08,East,Store,UPI
O08791,C0411,2025-03-15,North,Online,Debit Card
O08792,C0781,2025-08-13,East,Store,UPI
O08793,C1245,2025-12-07,East,Store,Credit Card
O08794,C0775,2025-12-05,South,Online,UPI
O08795,C1313,2025-03-15,West,Online,UPI
O08796,C0232,2025-04-13,West,Store,Net Banking
O08797,C0276,2025-08-26,South,Store,Debit Card
O08798,C1732,2025-05-22,North,Online,UPI
O08799,C0924,2025-10-08,South,Store,UPI
O08800,C1219,2025-07-29,North,Store,Credit Card
O08801,C1480,2025-04-24,West,Online,Debit Card
O08802,C0293,2025-06-19,North,Store,Credit Card
O08803,C1945,2025-09-25,West,Online,UPI
O08804,C0848,2025-10-26,West,Store,Cash on Delivery
O08805,C1780,2025-06-04,South,Online,Net Banking
O08806,C0834,2025-02-17,North,Online,Debit Card
O08807,C0812,2025-05-28,West,Store,Cash on Delivery
O08808,C1202,2025-09-05,West,Online,UPI
O08809,C0382,2025-10-18,North,Online,UPI
O08810,C1218,2025-11-25,West,Online,UPI
O08811,C1967,2025-12-20,South,Store,UPI
O08812,C1291,2025-08-01,South,Online,UPI
O08813,C0141,2025-11-25,West,Store,Cash on Delivery
O08814,C1396,2025-04-23,South,Store,Net Banking
O08815,C0067,2025-08-11,South,Online,Credit Card
O08816,C0207,2025-08-04,South,Store,Debit Card
O08817,C0570,2025-10-21,West,Online,UPI
O08818,C0610,2025-10-22,West,Online,UPI
O08819,C0008,2025-05-02,West,Online,Credit Card
O08820,C0035,2025-11-27,West,Online,Debit Card
O08821,C1579,2025-11-28,West,Store,Debit Card
O08822,C0910,2025-12-16,West,Store,Debit Card
O08823,C0400,2025-07-06,East,Online,Cash on Delivery
O08824,C0859,2025-12-28,West,Online,UPI
O08825,C1386,2025-10-26,North,Online,UPI
O08826,C1469,2025-09-12,West,Online,UPI
O08827,C0577,2025-06-27,West,Store,Cash on Delivery
O08828,C0335,2025-11-13,North,Online,Credit Card
O08829,C1919,2025-10-19,South,Store,Credit Card
O08830,C1263,2025-08-20,East,Online,Cash on Delivery
O08831,C1966,2025-12-31,West,Online,Credit Card
O08832,C0614,2025-04-18,South,Store,Credit Card
O08833,C0223,2025-09-09,West,Online,UPI
O08834,C0764,2025-05-16,North,Store,Credit Card
O08835,C0656,2025-07-06,South,Store,Debit Card
O08836,C1439,2025-05-23,South,Online,Cash on Delivery
O08837,C1433,2025-05-21,East,Online,UPI
O08838,C0144,2025-06-06,West,Online,Debit Card
O08839,C1176,2025-01-26,South,Store,UPI
O08840,C0686,2025-01-19,South,Store,Net Banking
O08841,C1230,2025-10-06,West,Online,UPI
O08842,C0783,2025-05-12,West,Store,UPI
O08843,C1075,2025-01-10,North,Store,Credit Card
O08844,C1432,2025-02-06,East,Store,Net Banking
O08845,C0587,2025-03-27,South,Online,UPI
O08846,C0399,2025-01-23,South,Store,UPI
O08847,C1412,2025-12-15,South,Store,UPI
O08848,C1895,2025-08-14,West,Online,Cash on Delivery
O08849,C0889,2025-06-13,South,Online,Credit Card
O08850,C1996,2025-08-02,West,Online,Cash on Delivery
O08851,C0370,2025-02-20,North,Online,UPI
O08852,C1638,2025-09-29,South,Store,Credit Card
O08853,C1977,2025-12-22,East,Store,Credit Card
O08854,C0600,2025-02-28,East,Store,UPI
O08855,C0296,2025-03-09,West,Online,Credit Card
O08856,C1328,2025-09-04,East,Store,Credit Card
O08857,C1739,2025-03-09,North,Store,UPI
O08858,C0167,2025-02-26,West,Online,Credit Card
O08859,C1282,2025-09-18,West,Online,Debit Card
O08860,C1743,2025-09-01,South,Store,Credit Card
O08861,C0065,2025-04-05,West,Store,Credit Card
O08862,C1032,2025-11-07,North,Online,Net Banking
O08863,C0154,2025-02-17,West,Store,Debit Card
O08864,C0353,2025-05-20,West,Online,Debit Card
O08865,C0973,2025-10-11,North,Online,UPI
O08866,C0655,2025-08-30,East,Store,Debit Card
O08867,C0171,2025-08-25,South,Online,UPI
O08868,C1602,2025-09-24,South,Online,UPI
O08869,C0406,2025-09-10,South,Store,Credit Card
O08870,C1741,2025-11-23,East,Store,Net Banking
O08871,C0354,2025-08-15,West,Online,UPI
O08872,C1040,2025-06-15,South,Online,Credit Card
O08873,C1455,2025-10-20,West,Online,UPI
O08874,C0961,2025-04-22,West,Store,UPI
O08875,C0835,2025-10-18,South,Store,Credit Card
O08876,C1502,2025-04-30,East,Online,UPI
O08877,C0024,2025-07-14,North,Online,Net Banking
O08878,C1653,2025-10-11,South,Online,UPI
O08879,C1380,2025-09-04,East,Online,Credit Card
O08880,C1530,2025-02-08,South,Online,UPI
O08881,C0842,2025-07-02,South,Store,UPI
O08882,C0769,2025-11-03,West,Store,Credit Card
O08883,C1144,2025-12-31,South,Online,Credit Card
O08884,C1284,2025-07-09,West,Store,UPI
O08885,C1851,2025-02-08,South,Online,UPI
O08886,C1715,2025-06-02,South,Store,UPI
O08887,C0108,2025-07-18,East,Store,Net Banking
O08888,C0304,2025-02-03,South,Online,Net Banking
O08889,C1894,2025-11-20,West,Store,UPI
O08890,C0777,2025-08-04,South,Online,UPI
O08891,C1161,2025-06-21,North,Store,Credit Card
O08892,C0114,2025-06-14,South,Online,Debit Card
O08893,C0210,2025-01-14,South,Store,UPI
O08894,C0818,2025-07-28,East,Online,UPI
O08895,C1435,2025-07-13,South,Online,Credit Card
O08896,C1545,2025-05-26,East,Online,Debit Card
O08897,C1790,2025-09-14,West,Store,Credit Card
O08898,C0395,2025-06-19,North,Online,Debit Card
O08899,C0404,2025-08-16,South,Online,UPI
O08900,C1084,2025-11-26,East,Online,Credit Card
O08901,C1094,2025-06-01,South,Online,Debit Card
O08902,C0074,2025-06-14,South,Online,Debit Card
O08903,C0895,2025-11-20,North,Online,UPI
O08904,C1796,2025-05-30,South,Online,Credit Card
O08905,C0328,2025-06-29,West,Store,UPI
O08906,C1641,2025-10-31,West,Online,Net Banking
O08907,C0895,2025-08-23,South,Online,UPI
O08908,C1049,2025-12-11,South,Store,Net Banking
O08909,C1284,2025-07-11,West,Online,Net Banking
O08910,C1412,2025-07-14,West,Store,Credit Card
O08911,C1275,2025-01-20,West,Online,Net Banking
O08912,C0208,2025-03-28,North,Online,UPI
O08913,C0591,2025-08-05,West,Store,UPI
O08914,C1691,2025-03-23,West,Online,Credit Card
O08915,C0081,2025-07-05,South,Store,Debit Card
O08916,C1431,2025-05-01,South,Online,Cash on Delivery
O08917,C1041,2025-01-10,South,Online,Credit Card
O08918,C0240,2025-07-12,West,Online,UPI
O08919,C0246,2025-09-10,South,Online,UPI
O08920,C1962,2025-05-23,North,Store,Credit Card
O08921,C0063,2025-10-23,South,Online,Debit Card
O08922,C0046,2025-03-06,South,Online,Credit Card
O08923,C0034,2025-02-11,South,Online,Net Banking
O08924,C1258,2025-12-12,West,Online,UPI
O08925,C1853,2025-12-08,North,Online,Credit Card
O08926,C0344,2025-06-17,North,Online,UPI
O08927,C1592,2025-06-22,East,Online,Debit Card
O08928,C1439,2025-11-16,West,Store,Debit Card
O08929,C0460,2025-08-01,South,Store,Credit Card
O08930,C0141,2025-02-22,East,Online,Credit Card
O08931,C0976,2025-02-21,North,Online,UPI
O08932,C0163,2025-02-28,South,Online,Cash on Delivery
O08933,C0228,2025-10-24,South,Online,Debit Card
O08934,C0933,2025-08-26,West,Online,Net Banking
O08935,C1632,2025-05-08,South,Online,UPI
O08936,C1989,2025-03-13,West,Online,UPI
O08937,C1256,2025-02-25,South,Online,Credit Card
O08938,C0554,2025-10-12,East,Online,Credit Card
O08939,C0657,2025-11-27,West,Store,Credit Card
O08940,C1226,2025-08-01,North,Store,Credit Card
O08941,C0347,2025-10-22,South,Online,Credit Card
O08942,C1038,2025-05-01,West,Online,Credit Card
O08943,C1538,2025-08-20,East,Online,UPI
O08944,C1685,2025-06-29,South,Online,Debit Card
O08945,C0119,2025-02-09,West,Store,Net Banking
O08946,C0578,2025-07-17,South,Store,UPI
O08947,C0510,2025-11-14,West,Online,Cash on Delivery
O08948,C1110,2025-01-24,North,Online,Cash on Delivery
O08949,C0371,2025-07-13,North,Online,Credit Card
O08950,C1902,2025-11-23,North,Store,Net Banking
O08951,C1835,2025-10-27,South,Online,Credit Card
O08952,C0666,2025-07-19,North,Store,UPI
O08953,C0815,2025-03-17,West,Store,UPI
O08954,C0879,2025-11-15,South,Online,Credit Card
O08955,C0086,2025-03-09,East,Store,UPI
O08956,C1778,2025-04-29,South,Store,Cash on Delivery
O08957,C1559,2025-02-25,South,Online,Cash on Delivery
O08958,C0665,2025-07-07,North,Online,Credit Card
O08959,C1095,2025-09-04,South,Online,Credit Card
O08960,C0762,2025-11-08,South,Online,Cash on Delivery
O08961,C0457,2025-07-07,South,Online,Debit Card
O08962,C0609,2025-12-23,East,Online,UPI
O08963,C0215,2025-08-24,South,Store,Cash on Delivery
O08964,C1620,2025-08-27,West,Online,Credit Card
O08965,C1310,2025-03-19,South,Online,UPI
O08966,C1861,2025-03-25,South,Store,UPI
O08967,C0014,2025-08-17,South,Online,Net Banking
O08968,C1263,2025-10-05,East,Online,UPI
O08969,C1121,2025-03-31,North,Store,Net Banking
O08970,C1248,2025-07-16,East,Online,Net Banking
O08971,C1980,2025-05-29,North,Online,UPI
O08972,C0781,2025-06-29,South,Online,Credit Card
O08973,C0283,2025-04-07,South,Store,Credit Card
O08974,C0025,2025-03-04,West,Store,UPI
O08975,C0985,2025-05-16,West,Store,Credit Card
O08976,C0348,2025-11-21,North,Online,Cash on Delivery
O08977,C0283,2025-11-01,South,Store,Debit Card
O08978,C0295,2025-02-15,North,Online,Credit Card
O08979,C0554,2025-02-09,South,Store,Net Banking
O08980,C0232,2025-07-19,West,Online,Cash on Delivery
O08981,C0972,2025-04-29,East,Online,Cash on Delivery
O08982,C1309,2025-11-07,South,Store,UPI
O08983,C0579,2025-07-16,South,Store,UPI
O08984,C0273,2025-11-16,South,Online,Debit Card
O08985,C1145,2025-02-18,West,Store,UPI
O08986,C0172,2025-12-22,West,Online,Credit Card
O08987,C1476,2025-10-20,East,Online,Net Banking
O08988,C0766,2025-10-09,East,Online,Cash on Delivery
O08989,C0820,2025-12-13,North,Online,Credit Card
O08990,C0499,2025-07-11,North,Online,Net Banking
O08991,C0566,2025-03-07,South,Online,Credit Card
O08992,C0292,2025-07-20,East,Store,Debit Card
O08993,C1117,2025-11-04,West,Online,UPI
O08994,C0293,2025-11-18,South,Online,UPI
O08995,C1362,2025-07-17,East,Online,Net Banking
O08996,C0513,2025-10-09,West,Store,Debit Card
O08997,C1131,2025-04-17,South,Store,Net Banking
O08998,C1074,2025-04-10,North,Store,UPI
O08999,C1267,2025-08-21,South,Store,UPI
O09000,C1517,2025-06-23,South,Store,UPI
O09001,C1122,2025-03-13,South,Online,Debit Card
O09002,C1706,2025-10-18,West,Store,Debit Card
O09003,C0519,2025-08-02,South,Store,Credit Card
O09004,C1503,2025-07-29,South,Online,UPI
O09005,C0686,2025-03-24,West,Online,UPI
O09006,C1257,2025-04-15,South,Online,UPI
O09007,C0984,2025-09-26,West,Online,UPI
O09008,C1816,2025-11-16,West,Store,Cash on Delivery
O09009,C0543,2025-03-19,South,Online,UPI
O09010,C1040,2025-11-03,South,Online,UPI
O09011,C0329,2025-10-27,South,Online,Net Banking
O09012,C1267,2025-11-04,West,Online,Cash on Delivery
O09013,C0074,2025-08-19,North,Store,Debit Card
O09014,C0824,2025-05-28,South,Online,UPI
O09015,C0020,2025-10-21,South,Online,Credit Card
O09016,C0655,2025-07-14,South,Store,UPI
O09017,C0969,2025-04-07,West,Online,UPI
O09018,C0664,2025-06-16,South,Online,Debit Card
O09019,C0772,2025-07-06,North,Online,Net Banking
O09020,C0297,2025-07-23,North,Online,UPI
O09021,C1430,2025-11-30,South,Online,Debit Card
O09022,C1594,2025-06-19,West,Online,Debit Card
O09023,C0910,2025-05-02,East,Online,Credit Card
O09024,C0111,2025-12-20,South,Store,UPI
O09025,C0125,2025-04-15,West,Online,Cash on Delivery
O09026,C1350,2025-01-06,West,Online,UPI
O09027,C1858,2025-11-15,South,Store,UPI
O09028,C1729,2025-12-18,North,Online,UPI
O09029,C0811,2025-09-22,South,Store,Debit Card
O09030,C0995,2025-06-18,South,Online,Cash on Delivery
O09031,C0327,2025-08-06,West,Online,UPI
O09032,C0141,2025-11-10,East,Store,UPI
O09033,C1532,2025-11-26,South,Online,Cash on Delivery
O09034,C0857,2025-02-16,West,Store,Debit Card
O09035,C0994,2025-11-21,South,Online,Cash on Delivery
O09036,C0687,2025-08-31,North,Online,Debit Card
O09037,C0627,2025-01-15,West,Store,Net Banking
O09038,C1972,2025-02-18,West,Store,Credit Card
O09039,C1633,2025-01-21,East,Store,UPI
O09040,C1383,2025-12-16,North,Store,Credit Card
O09041,C0779,2025-06-25,South,Online,Credit Card
O09042,C1443,2025-10-03,East,Online,Credit Card
O09043,C0679,2025-01-01,South,Online,Credit Card
O09044,C1032,2025-10-28,North,Store,UPI
O09045,C0291,2025-07-15,North,Store,Debit Card
O09046,C1419,2025-12-08,North,Store,Credit Card
O09047,C0121,2025-07-29,West,Online,Net Banking
O09048,C1446,2025-10-27,North,Online,UPI
O09049,C1208,2025-09-04,North,Store,Credit Card
O09050,C0133,2025-07-29,West,Store,Credit Card
O09051,C1013,2025-12-16,East,Online,UPI
O09052,C0446,2025-07-20,South,Online,Credit Card
O09053,C0953,2025-11-29,South,Store,Credit Card
O09054,C0026,2025-01-17,North,Store,Debit Card
O09055,C1444,2025-09-14,South,Store,UPI
O09056,C1020,2025-12-05,North,Store,Net Banking
O09057,C0725,2025-12-01,South,Store,UPI
O09058,C1752,2025-07-16,West,Online,Credit Card
O09059,C1290,2025-07-11,North,Store,Debit Card
O09060,C1220,2025-11-03,East,Online,UPI
O09061,C0295,2025-05-21,North,Online,UPI
O09062,C1001,2025-12-12,South,Online,UPI
O09063,C1402,2025-04-18,South,Store,Credit Card
O09064,C1852,2025-02-03,North,Online,Credit Card
O09065,C1209,2025-10-22,East,Store,Cash on Delivery
O09066,C0345,2025-06-17,North,Online,UPI
O09067,C1356,2025-05-29,West,Store,Net Banking
O09068,C0150,2025-05-16,West,Online,Cash on Delivery
O09069,C0626,2025-12-26,West,Online,UPI
O09070,C1835,2025-08-16,West,Online,Debit Card
O09071,C1604,2025-12-29,South,Store,Cash on Delivery
O09072,C1806,2025-05-25,South,Online,UPI
O09073,C0705,2025-06-20,West,Online,Credit Card
O09074,C1366,2025-04-03,West,Store,Debit Card
O09075,C1401,2025-06-26,South,Store,Debit Card
O09076,C0492,2025-01-29,East,Store,Net Banking
O09077,C1886,2025-01-01,South,Store,Credit Card
O09078,C1940,2025-07-04,North,Store,UPI
O09079,C0221,2025-10-13,North,Online,Debit Card
O09080,C1531,2025-06-29,North,Online,Credit Card
O09081,C0896,2025-07-28,North,Online,Debit Card
O09082,C1348,2025-07-02,North,Online,Credit Card
O09083,C1109,2025-07-31,West,Online,Credit Card
O09084,C0446,2025-10-23,North,Store,Net Banking
O09085,C0192,2025-11-01,East,Online,Debit Card
O09086,C1027,2025-11-12,West,Online,Debit Card
O09087,C1675,2025-04-03,North,Store,Cash on Delivery
O09088,C1646,2025-07-06,South,Online,UPI
O09089,C0550,2025-11-09,West,Online,Debit Card
O09090,C1721,2025-12-14,South,Online,Credit Card
O09091,C0712,2025-08-06,North,Store,Debit Card
O09092,C1123,2025-07-19,West,Online,Net Banking
O09093,C0649,2025-10-19,South,Online,Cash on Delivery
O09094,C1046,2025-12-29,West,Store,Credit Card
O09095,C1059,2025-06-25,North,Online,Net Banking
O09096,C1396,2025-03-14,East,Online,Credit Card
O09097,C0944,2025-11-10,South,Online,Debit Card
O09098,C1057,2025-10-01,South,Online,Net Banking
O09099,C1303,2025-03-06,North,Online,Debit Card
O09100,C0836,2025-05-17,West,Online,Debit Card
O09101,C1049,2025-08-09,South,Online,Net Banking
O09102,C0171,2025-10-08,North,Store,UPI
O09103,C1740,2025-10-24,East,Online,Debit Card
O09104,C0253,2025-03-10,South,Online,Debit Card
O09105,C1746,2025-04-05,West,Online,Credit Card
O09106,C1521,2025-10-13,South,Store,Cash on Delivery
O09107,C1896,2025-02-21,East,Online,Credit Card
O09108,C0050,2025-07-21,North,Store,UPI
O09109,C0435,2025-08-07,West,Online,Net Banking
O09110,C0105,2025-05-23,East,Online,UPI
O09111,C0836,2025-10-29,South,Online,Debit Card
O09112,C1810,2025-01-26,North,Store,Cash on Delivery
O09113,C1533,2025-10-23,North,Online,Net Banking
O09114,C1408,2025-09-10,North,Online,Debit Card
O09115,C1697,2025-07-24,North,Online,Cash on Delivery
O09116,C0009,2025-11-22,South,Online,Credit Card
O09117,C1576,2025-03-30,South,Online,UPI
O09118,C0625,2025-10-31,South,Online,Debit Card
O09119,C1382,2025-03-24,East,Store,Debit Card
O09120,C1527,2025-12-29,West,Store,Net Banking
O09121,C1372,2025-01-16,West,Online,Credit Card
O09122,C0836,2025-08-09,South,Online,UPI
O09123,C1224,2025-03-16,West,Online,UPI
O09124,C0938,2025-06-18,West,Store,Credit Card
O09125,C1257,2025-03-07,West,Online,Net Banking
O09126,C0918,2025-03-26,West,Online,Credit Card
O09127,C0789,2025-01-28,South,Store,UPI
O09128,C0405,2025-01-04,South,Online,UPI
O09129,C0775,2025-10-04,East,Online,Credit Card
O09130,C1443,2025-07-05,West,Store,Credit Card
O09131,C1741,2025-01-21,North,Online,Net Banking
O09132,C0207,2025-12-13,East,Online,Cash on Delivery
O09133,C0366,2025-09-17,West,Store,Debit Card
O09134,C1015,2025-04-24,West,Online,Credit Card
O09135,C1406,2025-06-29,West,Online,UPI
O09136,C0340,2025-07-18,South,Online,Credit Card
O09137,C0650,2025-08-15,South,Store,Debit Card
O09138,C0094,2025-11-18,East,Store,Credit Card
O09139,C0106,2025-08-22,West,Online,Credit Card
O09140,C0287,2025-12-25,South,Online,Net Banking
O09141,C1459,2025-10-07,North,Store,Debit Card
O09142,C1739,2025-12-28,South,Store,Credit Card
O09143,C0998,2025-08-08,North,Online,Credit Card
O09144,C0353,2025-09-21,North,Store,Credit Card
O09145,C1843,2025-10-11,South,Online,UPI
O09146,C0557,2025-10-16,South,Store,Net Banking
O09147,C0310,2025-01-12,West,Store,UPI
O09148,C0277,2025-02-26,North,Store,UPI
O09149,C0707,2025-04-09,East,Online,Credit Card
O09150,C1472,2025-04-27,North,Store,Credit Card
O09151,C0795,2025-12-03,South,Online,Debit Card
O09152,C0891,2025-10-05,South,Online,Cash on Delivery
O09153,C0681,2025-03-05,West,Online,UPI
O09154,C1888,2025-06-25,North,Store,UPI
O09155,C1368,2025-04-15,South,Store,UPI
O09156,C1329,2025-11-09,South,Online,UPI
O09157,C0876,2025-12-07,South,Online,Net Banking
O09158,C1063,2025-03-14,South,Online,Credit Card
O09159,C1770,2025-06-21,North,Online,UPI
O09160,C1314,2025-12-17,East,Online,Debit Card
O09161,C1628,2025-09-14,South,Store,Net Banking
O09162,C0081,2025-11-21,West,Online,Cash on Delivery
O09163,C1720,2025-05-30,West,Online,Credit Card
O09164,C1902,2025-04-02,West,Online,Debit Card
O09165,C1337,2025-09-25,South,Online,UPI
O09166,C1913,2025-03-03,South,Online,Net Banking
O09167,C1136,2025-11-12,South,Store,Cash on Delivery
O09168,C0553,2025-10-16,North,Online,Debit Card
O09169,C1213,2025-05-10,North,Online,Debit Card
O09170,C1257,2025-07-21,North,Online,Debit Card
O09171,C0290,2025-10-30,West,Online,Debit Card
O09172,C0404,2025-12-12,South,Store,Credit Card
O09173,C0583,2025-05-28,South,Store,Debit Card
O09174,C1095,2025-10-27,South,Store,Cash on Delivery
O09175,C0296,2025-03-27,South,Online,Debit Card
O09176,C1542,2025-12-02,South,Online,UPI
O09177,C0219,2025-09-23,East,Online,Credit Card
O09178,C1880,2025-03-09,East,Online,Debit Card
O09179,C1352,2025-10-11,North,Online,UPI
O09180,C0679,2025-10-06,West,Store,Credit Card
O09181,C0746,2025-10-12,North,Store,UPI
O09182,C1388,2025-05-25,West,Store,Credit Card
O09183,C0178,2025-10-11,North,Online,UPI
O09184,C1433,2025-11-08,South,Store,Credit Card
O09185,C1105,2025-05-26,East,Online,Cash on Delivery
O09186,C0443,2025-04-01,North,Store,UPI
O09187,C1795,2025-11-27,South,Online,UPI
O09188,C1259,2025-09-01,West,Store,Credit Card
O09189,C0328,2025-07-07,North,Online,Debit Card
O09190,C1311,2025-11-25,East,Store,Cash on Delivery
O09191,C0823,2025-03-02,West,Online,Debit Card
O09192,C1529,2025-11-03,West,Online,Net Banking
O09193,C0985,2025-07-18,South,Online,UPI
O09194,C2000,2025-01-20,West,Online,UPI
O09195,C1855,2025-12-23,South,Online,Net Banking
O09196,C0081,2025-10-24,South,Store,UPI
O09197,C0822,2025-04-04,West,Online,Credit Card
O09198,C0405,2025-12-08,West,Store,Credit Card
O09199,C0901,2025-12-12,North,Online,Cash on Delivery
O09200,C0291,2025-10-31,West,Store,Credit Card
O09201,C1072,2025-02-26,South,Store,Cash on Delivery
O09202,C0309,2025-03-23,West,Online,Credit Card
O09203,C1247,2025-10-16,North,Store,UPI
O09204,C0909,2025-12-05,West,Store,UPI
O09205,C1987,2025-04-04,West,Online,Credit Card
O09206,C1758,2025-07-07,South,Online,UPI
O09207,C1201,2025-03-10,South,Store,Credit Card
O09208,C0898,2025-07-14,East,Store,Credit Card
O09209,C1432,2025-09-09,South,Online,Credit Card
O09210,C1337,2025-01-09,South,Online,Credit Card
O09211,C0279,2025-09-09,South,Online,Cash on Delivery
O09212,C0753,2025-09-08,West,Online,UPI
O09213,C1985,2025-07-05,North,Online,Cash on Delivery
O09214,C0640,2025-11-30,North,Store,Debit Card
O09215,C0027,2025-03-01,East,Store,Net Banking
O09216,C1669,2025-01-24,South,Online,Debit Card
O09217,C1866,2025-07-20,South,Online,UPI
O09218,C1312,2025-08-02,East,Online,Debit Card
O09219,C1270,2025-04-25,West,Store,Net Banking
O09220,C0702,2025-12-20,North,Store,Debit Card
O09221,C0719,2025-04-20,West,Store,Net Banking
O09222,C1829,2025-04-26,South,Store,UPI
O09223,C1717,2025-11-03,East,Online,Cash on Delivery
O09224,C0998,2025-12-08,South,Online,Cash on Delivery
O09225,C0627,2025-08-03,North,Store,Net Banking
O09226,C0377,2025-01-09,South,Store,Debit Card
O09227,C0022,2025-05-29,West,Store,Net Banking
O09228,C0967,2025-04-08,West,Store,Debit Card
O09229,C1108,2025-07-25,South,Online,Credit Card
O09230,C1350,2025-09-22,East,Online,Cash on Delivery
O09231,C1611,2025-06-12,South,Store,UPI
O09232,C0735,2025-08-04,West,Online,Net Banking
O09233,C0334,2025-10-18,South,Online,Credit Card
O09234,C1688,2025-04-17,North,Store,UPI
O09235,C1525,2025-03-27,West,Online,Credit Card
O09236,C1067,2025-11-01,West,Store,Debit Card
O09237,C0079,2025-01-17,North,Online,UPI
O09238,C0936,2025-03-08,North,Store,Debit Card
O09239,C1239,2025-01-06,East,Store,Credit Card
O09240,C1718,2025-08-10,East,Online,Debit Card
O09241,C1017,2025-08-25,South,Store,UPI
O09242,C0926,2025-08-01,North,Store,UPI
O09243,C0760,2025-06-20,South,Store,UPI
O09244,C0829,2025-08-01,South,Store,UPI
O09245,C0033,2025-03-26,West,Online,Debit Card
O09246,C0208,2025-11-08,West,Online,Credit Card
O09247,C1513,2025-12-26,West,Online,Debit Card
O09248,C0725,2025-08-05,West,Store,Debit Card
O09249,C1702,2025-06-05,North,Online,UPI
O09250,C0795,2025-10-28,East,Online,Cash on Delivery
O09251,C1994,2025-03-26,South,Store,Debit Card
O09252,C0362,2025-05-16,West,Store,UPI
O09253,C0377,2025-12-13,South,Store,Credit Card
O09254,C1176,2025-03-23,South,Online,Credit Card
O09255,C1606,2025-02-20,East,Store,Credit Card
O09256,C0288,2025-08-07,South,Store,Credit Card
O09257,C1006,2025-08-21,South,Online,Credit Card
O09258,C0448,2025-08-24,West,Online,Credit Card
O09259,C1475,2025-03-14,South,Store,Credit Card
O09260,C1123,2025-10-05,West,Online,Credit Card
O09261,C1309,2025-04-15,East,Store,Debit Card
O09262,C0538,2025-12-16,North,Online,UPI
O09263,C0578,2025-04-09,West,Online,UPI
O09264,C1280,2025-01-09,North,Online,Credit Card
O09265,C0706,2025-08-14,East,Store,Credit Card
O09266,C1382,2025-03-30,South,Online,Credit Card
O09267,C0308,2025-09-04,North,Store,Debit Card
O09268,C0603,2025-04-10,West,Online,UPI
O09269,C0204,2025-06-25,North,Store,Debit Card
O09270,C0175,2025-03-20,South,Online,Credit Card
O09271,C0525,2025-06-26,North,Online,Credit Card
O09272,C0979,2025-03-02,North,Store,Debit Card
O09273,C0289,2025-05-23,North,Online,Debit Card
O09274,C0186,2025-03-28,South,Online,Debit Card
O09275,C1755,2025-11-05,South,Online,Net Banking
O09276,C1031,2025-10-08,North,Store,Credit Card
O09277,C1432,2025-03-15,North,Store,Cash on Delivery
O09278,C1453,2025-02-07,East,Store,Cash on Delivery
O09279,C0204,2025-01-12,West,Online,Credit Card
O09280,C1241,2025-04-09,South,Online,Net Banking
O09281,C1722,2025-07-14,North,Online,Credit Card
O09282,C0897,2025-06-15,North,Store,Cash on Delivery
O09283,C1725,2025-12-23,West,Online,Cash on Delivery
O09284,C1892,2025-10-28,North,Online,Credit Card
O09285,C1093,2025-02-05,South,Online,Credit Card
O09286,C0204,2025-03-12,South,Online,Debit Card
O09287,C1235,2025-01-13,South,Store,Credit Card
O09288,C1761,2025-03-03,South,Online,Debit Card
O09289,C1159,2025-08-01,North,Store,Credit Card
O09290,C1601,2025-02-04,South,Online,Credit Card
O09291,C1071,2025-01-28,East,Online,Credit Card
O09292,C0840,2025-02-22,South,Store,Net Banking
O09293,C1892,2025-09-18,North,Store,Debit Card
O09294,C0306,2025-01-09,West,Online,Debit Card
O09295,C0896,2025-12-22,South,Store,Net Banking
O09296,C0312,2025-06-08,West,Store,Net Banking
O09297,C1310,2025-05-22,East,Online,Credit Card
O09298,C1844,2025-07-12,East,Store,UPI
O09299,C1996,2025-07-28,South,Store,Credit Card
O09300,C0468,2025-06-22,West,Online,Credit Card
O09301,C1456,2025-07-17,South,Online,UPI
O09302,C1749,2025-05-23,West,Online,Net Banking
O09303,C1668,2025-05-16,South,Online,UPI
O09304,C1007,2025-01-13,East,Store,Credit Card
O09305,C0349,2025-09-19,North,Store,Debit Card
O09306,C0924,2025-08-31,South,Online,Debit Card
O09307,C1553,2025-09-18,East,Store,Credit Card
O09308,C1240,2025-12-14,North,Store,Debit Card
O09309,C0777,2025-07-12,South,Online,Cash on Delivery
O09310,C0431,2025-11-25,North,Online,UPI
O09311,C1304,2025-07-01,West,Online,Cash on Delivery
O09312,C0857,2025-07-13,West,Store,Credit Card
O09313,C0945,2025-09-06,South,Online,Credit Card
O09314,C1877,2025-04-04,South,Store,Net Banking
O09315,C0019,2025-04-05,South,Store,Net Banking
O09316,C0477,2025-07-25,North,Store,Debit Card
O09317,C1840,2025-02-01,South,Store,Credit Card
O09318,C1844,2025-04-13,West,Online,UPI
O09319,C0606,2025-10-28,East,Online,Credit Card
O09320,C1989,2025-07-08,East,Online,Credit Card
O09321,C0424,2025-01-13,North,Store,Credit Card
O09322,C0104,2025-01-28,North,Online,Cash on Delivery
O09323,C0615,2025-12-07,East,Online,Credit Card
O09324,C1063,2025-12-18,North,Store,Debit Card
O09325,C0013,2025-09-08,West,Online,Debit Card
O09326,C0344,2025-03-23,South,Online,Debit Card
O09327,C1582,2025-06-03,South,Online,Cash on Delivery
O09328,C1244,2025-05-10,West,Online,Net Banking
O09329,C1211,2025-10-26,South,Online,UPI
O09330,C1980,2025-08-04,South,Store,Net Banking
O09331,C0457,2025-10-24,South,Online,Cash on Delivery
O09332,C1794,2025-05-31,West,Online,UPI
O09333,C0711,2025-11-22,West,Store,Debit Card
O09334,C1850,2025-06-26,South,Online,Debit Card
O09335,C1567,2025-06-21,West,Online,Credit Card
O09336,C0427,2025-07-18,South,Online,Net Banking
O09337,C0419,2025-08-23,West,Store,Net Banking
O09338,C1085,2025-11-29,South,Store,UPI
O09339,C1006,2025-07-06,North,Online,UPI
O09340,C0470,2025-12-10,East,Store,UPI
O09341,C0521,2025-06-13,South,Online,Net Banking
O09342,C1799,2025-05-17,North,Online,UPI
O09343,C1508,2025-05-06,East,Online,Debit Card
O09344,C0383,2025-01-10,East,Store,Debit Card
O09345,C1451,2025-11-15,North,Store,UPI
O09346,C0308,2025-02-05,West,Online,UPI
O09347,C0891,2025-05-21,South,Online,Net Banking
O09348,C0025,2025-04-18,South,Online,Credit Card
O09349,C1299,2025-10-13,South,Online,Credit Card
O09350,C0364,2025-12-11,West,Online,Credit Card
O09351,C0473,2025-11-05,East,Store,UPI
O09352,C0380,2025-05-16,South,Store,Credit Card
O09353,C0367,2025-07-05,West,Store,UPI
O09354,C0155,2025-04-17,East,Store,UPI
O09355,C1109,2025-12-08,South,Online,UPI
O09356,C1736,2025-02-23,South,Online,Debit Card
O09357,C0604,2025-12-17,South,Store,UPI
O09358,C1560,2025-11-04,South,Online,UPI
O09359,C1088,2025-10-02,West,Online,Net Banking
O09360,C0509,2025-10-22,West,Online,Credit Card
O09361,C0124,2025-05-23,West,Store,Net Banking
O09362,C1567,2025-05-06,South,Online,Net Banking
O09363,C0046,2025-06-08,North,Store,Credit Card
O09364,C0845,2025-03-21,South,Store,Credit Card
O09365,C0069,2025-10-13,West,Online,Cash on Delivery
O09366,C1552,2025-07-12,South,Store,Credit Card
O09367,C1980,2025-11-27,North,Store,UPI
O09368,C0647,2025-11-24,North,Online,UPI
O09369,C0628,2025-03-10,South,Online,Cash on Delivery
O09370,C1130,2025-04-05,West,Online,UPI
O09371,C1004,2025-06-19,West,Online,Cash on Delivery
O09372,C0764,2025-02-23,North,Online,Debit Card
O09373,C0732,2025-09-25,East,Store,Debit Card
O09374,C0376,2025-10-10,South,Online,Credit Card
O09375,C0502,2025-10-05,West,Online,Credit Card
O09376,C1172,2025-07-11,South,Online,Credit Card
O09377,C1469,2025-11-13,North,Online,Debit Card
O09378,C1502,2025-08-27,South,Online,Debit Card
O09379,C1033,2025-12-30,West,Online,Credit Card
O09380,C1507,2025-11-04,East,Store,Credit Card
O09381,C1185,2025-10-05,West,Store,Debit Card
O09382,C0713,2025-02-25,North,Online,Credit Card
O09383,C0707,2025-11-10,South,Store,Net Banking
O09384,C1038,2025-05-10,East,Online,UPI
O09385,C0616,2025-06-22,North,Online,Cash on Delivery
O09386,C1528,2025-07-08,West,Store,Credit Card
O09387,C0371,2025-05-20,South,Store,Credit Card
O09388,C0109,2025-02-18,West,Store,Credit Card
O09389,C0983,2025-03-29,North,Online,Credit Card
O09390,C0144,2025-11-01,South,Store,UPI
O09391,C0384,2025-09-12,East,Online,Credit Card
O09392,C0753,2025-12-14,North,Online,Credit Card
O09393,C0009,2025-11-06,East,Online,UPI
O09394,C0447,2025-06-16,South,Store,UPI
O09395,C1090,2025-10-26,West,Online,Net Banking
O09396,C0750,2025-08-17,South,Online,Net Banking
O09397,C1793,2025-05-02,South,Store,Credit Card
O09398,C0188,2025-12-24,South,Store,UPI
O09399,C1440,2025-12-10,South,Online,Credit Card
O09400,C1185,2025-02-20,North,Online,Cash on Delivery
O09401,C1289,2025-11-12,South,Store,Net Banking
O09402,C1344,2025-02-05,South,Store,Net Banking
O09403,C0105,2025-12-10,West,Store,Debit Card
O09404,C1584,2025-09-03,North,Online,Debit Card
O09405,C0663,2025-03-15,North,Online,UPI
O09406,C1302,2025-11-05,West,Online,Credit Card
O09407,C0588,2025-07-27,South,Store,Net Banking
O09408,C0793,2025-01-28,West,Store,UPI
O09409,C1401,2025-10-30,North,Store,UPI
O09410,C1870,2025-10-27,South,Online,Net Banking
O09411,C1756,2025-07-15,South,Online,Net Banking
O09412,C1453,2025-10-08,East,Store,UPI
O09413,C1078,2025-01-19,South,Store,Credit Card
O09414,C1056,2025-05-15,South,Online,UPI
O09415,C1932,2025-09-19,South,Store,UPI
O09416,C0414,2025-04-10,East,Online,UPI
O09417,C1909,2025-07-04,West,Store,Debit Card
O09418,C1298,2025-12-11,East,Store,UPI
O09419,C1233,2025-11-08,North,Online,Net Banking
O09420,C1184,2025-08-11,North,Store,UPI
O09421,C1625,2025-08-17,South,Online,UPI
O09422,C1367,2025-11-27,South,Online,UPI
O09423,C0190,2025-11-20,North,Store,Debit Card
O09424,C1563,2025-02-09,East,Store,Cash on Delivery
O09425,C1458,2025-07-09,East,Online,UPI
O09426,C1831,2025-03-25,East,Store,Credit Card
O09427,C1873,2025-02-07,North,Online,UPI
O09428,C1899,2025-05-05,West,Store,UPI
O09429,C0086,2025-08-29,West,Online,UPI
O09430,C1261,2025-10-29,West,Online,UPI
O09431,C1869,2025-12-05,South,Online,Net Banking
O09432,C1932,2025-06-23,South,Store,Debit Card
O09433,C1099,2025-06-23,South,Store,Net Banking
O09434,C1823,2025-03-09,South,Online,Net Banking
O09435,C1761,2025-03-27,South,Online,Debit Card
O09436,C0006,2025-02-16,North,Online,Credit Card
O09437,C1770,2025-12-24,West,Online,UPI
O09438,C1276,2025-02-26,West,Online,UPI
O09439,C1148,2025-10-17,North,Store,UPI
O09440,C0357,2025-05-15,West,Online,UPI
O09441,C1838,2025-08-04,West,Online,UPI
O09442,C0591,2025-11-23,West,Store,Debit Card
O09443,C0836,2025-12-12,South,Online,Credit Card
O09444,C0596,2025-04-14,West,Online,Credit Card
O09445,C1940,2025-12-04,North,Store,Credit Card
O09446,C0967,2025-04-19,South,Store,UPI
O09447,C0229,2025-11-01,East,Online,UPI
O09448,C0022,2025-01-08,South,Online,Credit Card
O09449,C1961,2025-08-03,West,Store,Net Banking
O09450,C0472,2025-10-07,East,Online,Debit Card
O09451,C1542,2025-11-12,North,Online,Cash on Delivery
O09452,C0059,2025-11-13,West,Online,Credit Card
O09453,C1794,2025-05-07,North,Store,Net Banking
O09454,C1302,2025-11-16,South,Online,Debit Card
O09455,C0450,2025-05-17,North,Online,Cash on Delivery
O09456,C1779,2025-04-12,West,Store,UPI
O09457,C0596,2025-01-01,South,Online,Net Banking
O09458,C1996,2025-04-12,South,Online,Credit Card
O09459,C1200,2025-02-22,East,Store,Credit Card
O09460,C0898,2025-09-20,South,Store,Credit Card
O09461,C0118,2025-03-06,East,Online,Credit Card
O09462,C0521,2025-08-20,South,Store,Net Banking
O09463,C0117,2025-02-26,West,Online,Cash on Delivery
O09464,C1707,2025-09-30,West,Online,Debit Card
O09465,C0201,2025-05-02,North,Online,UPI
O09466,C0227,2025-05-11,West,Store,Credit Card
O09467,C0249,2025-09-08,South,Online,Credit Card
O09468,C1949,2025-12-13,West,Online,Debit Card
O09469,C1942,2025-12-29,North,Online,UPI
O09470,C1430,2025-05-30,West,Online,Debit Card
O09471,C0148,2025-12-15,West,Store,Credit Card
O09472,C1008,2025-08-30,West,Online,UPI
O09473,C1897,2025-12-03,South,Online,UPI
O09474,C0194,2025-01-13,South,Online,UPI
O09475,C1588,2025-01-16,South,Store,Net Banking
O09476,C0037,2025-02-03,North,Online,Credit Card
O09477,C1608,2025-11-01,East,Online,Credit Card
O09478,C1090,2025-03-03,South,Online,UPI
O09479,C1776,2025-03-19,South,Store,Net Banking
O09480,C0828,2025-08-20,East,Online,UPI
O09481,C1571,2025-12-19,South,Online,Credit Card
O09482,C1686,2025-08-14,West,Online,Debit Card
O09483,C0650,2025-10-09,North,Online,UPI
O09484,C1285,2025-03-24,West,Online,Net Banking
O09485,C0922,2025-12-05,West,Online,Net Banking
O09486,C0864,2025-01-26,East,Online,Credit Card
O09487,C1600,2025-05-01,West,Online,Credit Card
O09488,C0453,2025-07-05,North,Store,UPI
O09489,C0240,2025-04-08,South,Online,Debit Card
O09490,C0961,2025-09-16,South,Online,Credit Card
O09491,C1644,2025-09-21,East,Online,Net Banking
O09492,C0326,2025-04-03,East,Store,Debit Card
O09493,C0681,2025-01-04,North,Store,Credit Card
O09494,C1335,2025-02-03,South,Store,UPI
O09495,C0954,2025-01-01,North,Store,Credit Card
O09496,C1212,2025-12-03,South,Online,Credit Card
O09497,C1057,2025-09-02,West,Online,Cash on Delivery
O09498,C1621,2025-03-03,North,Online,Debit Card
O09499,C1751,2025-02-11,West,Online,Debit Card
O09500,C0900,2025-11-05,West,Store,UPI
O09501,C0864,2025-11-03,North,Online,Credit Card
O09502,C0558,2025-12-09,East,Online,Credit Card
O09503,C0888,2025-03-12,South,Online,Cash on Delivery
O09504,C1673,2025-07-29,South,Store,Debit Card
O09505,C1004,2025-02-24,North,Store,UPI
O09506,C1382,2025-10-29,South,Store,Cash on Delivery
O09507,C0837,2025-06-20,South,Online,UPI
O09508,C1414,2025-09-27,South,Store,Debit Card
O09509,C1425,2025-01-14,South,Store,Net Banking
O09510,C1057,2025-10-23,West,Store,Debit Card
O09511,C1869,2025-04-10,East,Online,Cash on Delivery
O09512,C1752,2025-11-13,North,Online,Net Banking
O09513,C0317,2025-03-23,West,Store,UPI
O09514,C0456,2025-10-27,South,Store,Debit Card
O09515,C1910,2025-03-01,North,Online,Debit Card
O09516,C0804,2025-09-16,West,Online,Credit Card
O09517,C0621,2025-10-24,North,Online,Cash on Delivery
O09518,C1593,2025-06-10,West,Store,Net Banking
O09519,C1205,2025-04-16,North,Online,Credit Card
O09520,C0266,2025-05-25,South,Store,UPI
O09521,C0184,2025-05-06,North,Online,UPI
O09522,C1617,2025-09-06,North,Online,UPI
O09523,C1530,2025-01-21,West,Online,Credit Card
O09524,C0706,2025-01-19,East,Online,Debit Card
O09525,C1725,2025-05-03,South,Online,UPI
O09526,C0252,2025-04-29,South,Online,Credit Card
O09527,C1739,2025-03-19,North,Online,UPI
O09528,C0159,2025-10-04,West,Online,Cash on Delivery
O09529,C1273,2025-01-11,South,Online,Net Banking
O09530,C1687,2025-12-08,South,Store,UPI
O09531,C1239,2025-10-17,South,Online,UPI
O09532,C1558,2025-06-16,South,Store,Cash on Delivery
O09533,C0688,2025-11-18,West,Online,UPI
O09534,C0577,2025-09-01,South,Store,Net Banking
O09535,C0532,2025-08-15,West,Online,UPI
O09536,C0233,2025-05-13,West,Online,Credit Card
O09537,C0555,2025-09-16,North,Store,Debit Card
O09538,C0495,2025-03-04,East,Store,Credit Card
O09539,C1514,2025-07-30,South,Online,Net Banking
O09540,C0426,2025-02-21,South,Online,Cash on Delivery
O09541,C0332,2025-07-02,South,Store,Credit Card
O09542,C1467,2025-08-31,South,Store,Credit Card
O09543,C1076,2025-03-10,West,Store,Debit Card
O09544,C0432,2025-04-07,South,Online,Debit Card
O09545,C1412,2025-11-04,North,Online,UPI
O09546,C0433,2025-04-20,East,Store,Credit Card
O09547,C1572,2025-02-13,South,Online,Credit Card
O09548,C0065,2025-05-20,South,Online,UPI
O09549,C1181,2025-12-12,North,Store,Debit Card
O09550,C1194,2025-09-26,North,Online,Net Banking
O09551,C0746,2025-08-17,South,Online,Net Banking
O09552,C1378,2025-11-12,West,Online,Debit Card
O09553,C0760,2025-09-15,South,Store,Net Banking
O09554,C1307,2025-11-03,North,Store,UPI
O09555,C0448,2025-09-14,North,Online,UPI
O09556,C1138,2025-11-20,South,Store,Credit Card
O09557,C1513,2025-09-03,South,Store,Credit Card
O09558,C1933,2025-04-24,West,Online,Net Banking
O09559,C0721,2025-01-19,West,Online,Net Banking
O09560,C0946,2025-02-17,East,Store,Credit Card
O09561,C0953,2025-07-26,West,Online,UPI
O09562,C1721,2025-12-23,North,Online,UPI
O09563,C1926,2025-10-18,North,Store,Credit Card
O09564,C1293,2025-10-23,North,Store,Debit Card
O09565,C1645,2025-09-16,South,Online,Cash on Delivery
O09566,C0169,2025-12-02,South,Store,UPI
O09567,C1519,2025-10-10,West,Store,Net Banking
O09568,C1621,2025-04-21,South,Store,Debit Card
O09569,C1430,2025-07-21,South,Store,Credit Card
O09570,C1169,2025-06-17,South,Online,UPI
O09571,C1800,2025-03-14,East,Store,UPI
O09572,C1308,2025-04-07,North,Online,Debit Card
O09573,C1693,2025-05-02,North,Online,Net Banking
O09574,C0361,2025-03-18,East,Online,Debit Card
O09575,C1331,2025-04-05,North,Online,Net Banking
O09576,C0875,2025-12-06,West,Online,Credit Card
O09577,C1737,2025-05-25,West,Online,UPI
O09578,C1762,2025-11-08,North,Online,UPI
O09579,C1688,2025-01-30,East,Store,Net Banking
O09580,C0431,2025-12-26,North,Online,Credit Card
O09581,C0985,2025-10-19,West,Online,Net Banking
O09582,C0001,2025-12-03,North,Store,Credit Card
O09583,C1960,2025-07-31,West,Online,UPI
O09584,C0516,2025-09-06,West,Store,Debit Card
O09585,C1249,2025-05-31,South,Online,Debit Card
O09586,C0976,2025-06-27,South,Store,Debit Card
O09587,C1810,2025-10-15,South,Online,UPI
O09588,C1643,2025-01-23,North,Store,UPI
O09589,C1554,2025-01-17,South,Store,Credit Card
O09590,C1287,2025-11-23,East,Online,Credit Card
O09591,C0239,2025-02-19,South,Store,UPI
O09592,C1839,2025-10-05,South,Online,Credit Card
O09593,C0126,2025-03-29,West,Store,Debit Card
O09594,C0912,2025-06-02,South,Online,Credit Card
O09595,C0759,2025-05-05,South,Online,UPI
O09596,C0782,2025-07-18,South,Store,Cash on Delivery
O09597,C1955,2025-11-08,West,Online,UPI
O09598,C0463,2025-11-23,South,Store,UPI
O09599,C1160,2025-04-07,West,Store,UPI
O09600,C0437,2025-05-22,South,Store,UPI
O09601,C1824,2025-11-11,South,Online,Debit Card
O09602,C1473,2025-02-10,South,Store,UPI
O09603,C0830,2025-02-22,South,Store,UPI
O09604,C0161,2025-07-14,North,Store,UPI
O09605,C0306,2025-10-27,West,Online,UPI
O09606,C0486,2025-05-22,North,Online,Credit Card
O09607,C0813,2025-02-01,East,Online,UPI
O09608,C1772,2025-12-22,South,Store,Credit Card
O09609,C0240,2025-12-13,East,Online,Net Banking
O09610,C1154,2025-09-12,North,Online,Credit Card
O09611,C0695,2025-09-22,North,Online,UPI
O09612,C0094,2025-12-11,East,Online,Credit Card
O09613,C1239,2025-09-09,South,Store,UPI
O09614,C1409,2025-10-27,West,Store,UPI
O09615,C1919,2025-07-08,West,Store,Credit Card
O09616,C1014,2025-04-09,North,Online,UPI
O09617,C0651,2025-11-10,South,Online,UPI
O09618,C1710,2025-09-23,South,Online,UPI
O09619,C0495,2025-05-04,East,Store,Credit Card
O09620,C1365,2025-09-02,West,Store,UPI
O09621,C1887,2025-11-05,South,Online,UPI
O09622,C0009,2025-04-26,South,Online,Net Banking
O09623,C1851,2025-10-20,West,Store,Debit Card
O09624,C0412,2025-02-02,South,Online,Debit Card
O09625,C0964,2025-09-03,South,Online,Credit Card
O09626,C0516,2025-12-31,East,Online,Credit Card
O09627,C0290,2025-11-21,South,Online,Debit Card
O09628,C1405,2025-11-23,South,Online,Credit Card
O09629,C0965,2025-09-22,North,Store,Net Banking
O09630,C1019,2025-07-07,South,Store,Net Banking
O09631,C0968,2025-09-20,South,Online,UPI
O09632,C1495,2025-05-16,West,Online,Credit Card
O09633,C1933,2025-08-09,North,Online,UPI
O09634,C1026,2025-08-04,West,Online,Credit Card
O09635,C0312,2025-08-06,North,Online,Net Banking
O09636,C0655,2025-06-19,North,Online,Credit Card
O09637,C0993,2025-05-28,North,Store,Credit Card
O09638,C0208,2025-05-20,West,Online,Credit Card
O09639,C0459,2025-04-08,North,Online,Debit Card
O09640,C0406,2025-06-29,South,Store,Credit Card
O09641,C1946,2025-02-22,West,Online,Credit Card
O09642,C0802,2025-12-01,South,Online,Debit Card
O09643,C1759,2025-02-01,South,Online,Debit Card
O09644,C1103,2025-11-11,East,Online,Debit Card
O09645,C1013,2025-04-15,South,Online,Debit Card
O09646,C1878,2025-11-16,South,Store,Debit Card
O09647,C1384,2025-10-05,South,Online,Cash on Delivery
O09648,C0480,2025-12-07,West,Online,Debit Card
O09649,C0564,2025-11-22,North,Store,Credit Card
O09650,C1333,2025-09-28,West,Online,Net Banking
O09651,C0005,2025-03-09,North,Online,Cash on Delivery
O09652,C0306,2025-08-08,West,Online,Credit Card
O09653,C0149,2025-05-23,East,Online,Net Banking
O09654,C1428,2025-11-27,North,Online,Cash on Delivery
O09655,C0883,2025-11-22,South,Online,UPI
O09656,C0023,2025-05-13,East,Online,Credit Card
O09657,C1484,2025-09-19,South,Online,Credit Card
O09658,C1312,2025-05-23,West,Store,Debit Card
O09659,C1438,2025-09-21,South,Online,Cash on Delivery
O09660,C0327,2025-08-30,West,Online,UPI
O09661,C1750,2025-07-25,East,Online,Debit Card
O09662,C0361,2025-11-24,North,Online,Net Banking
O09663,C1142,2025-04-16,West,Online,Debit Card
O09664,C1118,2025-10-30,East,Online,Credit Card
O09665,C0438,2025-09-25,West,Online,Credit Card
O09666,C0751,2025-04-30,South,Store,UPI
O09667,C0105,2025-06-23,North,Store,UPI
O09668,C0943,2025-02-01,South,Online,Credit Card
O09669,C1355,2025-08-25,North,Store,UPI
O09670,C0618,2025-11-27,South,Online,Debit Card
O09671,C1076,2025-02-22,South,Store,Net Banking
O09672,C1907,2025-02-28,West,Online,UPI
O09673,C0470,2025-07-12,South,Store,Debit Card
O09674,C0582,2025-04-30,South,Online,UPI
O09675,C0240,2025-04-29,South,Store,Credit Card
O09676,C1085,2025-09-08,South,Online,UPI
O09677,C0408,2025-06-19,North,Online,UPI
O09678,C1709,2025-11-14,West,Online,Net Banking
O09679,C0582,2025-06-26,South,Online,Credit Card
O09680,C1329,2025-08-31,South,Online,UPI
O09681,C0379,2025-06-14,South,Online,UPI
O09682,C0646,2025-04-20,West,Online,Net Banking
O09683,C0343,2025-07-11,West,Online,Credit Card
O09684,C1105,2025-10-05,South,Online,Cash on Delivery
O09685,C0056,2025-12-17,East,Online,Credit Card
O09686,C0166,2025-01-20,South,Online,Credit Card
O09687,C1003,2025-08-02,West,Online,Credit Card
O09688,C1092,2025-09-07,North,Store,Net Banking
O09689,C0660,2025-02-08,South,Online,Net Banking
O09690,C0863,2025-11-09,South,Store,UPI
O09691,C0833,2025-04-28,West,Online,Credit Card
O09692,C1516,2025-11-23,West,Online,UPI
O09693,C0893,2025-08-09,North,Online,Net Banking
O09694,C1696,2025-03-09,West,Online,Debit Card
O09695,C0435,2025-10-11,East,Store,UPI
O09696,C0400,2025-03-11,West,Online,Credit Card
O09697,C0808,2025-10-05,North,Online,Credit Card
O09698,C0164,2025-11-02,South,Store,Cash on Delivery
O09699,C1343,2025-08-17,East,Store,Credit Card
O09700,C0782,2025-04-26,South,Online,UPI
O09701,C0733,2025-06-29,South,Online,Debit Card
O09702,C1069,2025-07-31,West,Store,UPI
O09703,C0165,2025-09-17,East,Online,Debit Card
O09704,C0754,2025-09-06,South,Online,Credit Card
O09705,C1945,2025-06-15,South,Store,Debit Card
O09706,C1258,2025-10-17,East,Store,Credit Card
O09707,C1148,2025-10-21,North,Store,UPI
O09708,C1012,2025-09-27,North,Online,Net Banking
O09709,C0938,2025-04-27,West,Store,Cash on Delivery
O09710,C1874,2025-07-10,West,Online,Credit Card
O09711,C1861,2025-06-27,East,Store,Debit Card
O09712,C0819,2025-11-05,South,Store,Credit Card
O09713,C1850,2025-11-02,North,Online,Credit Card
O09714,C0165,2025-11-20,West,Online,UPI
O09715,C0640,2025-04-10,East,Store,Credit Card
O09716,C0604,2025-10-14,West,Online,UPI
O09717,C1395,2025-11-22,South,Store,Net Banking
O09718,C1212,2025-03-15,North,Store,Net Banking
O09719,C0946,2025-01-19,East,Store,UPI
O09720,C0513,2025-02-17,East,Online,Debit Card
O09721,C1014,2025-08-28,South,Store,UPI
O09722,C0538,2025-06-23,South,Store,UPI
O09723,C0995,2025-03-27,North,Online,UPI
O09724,C0680,2025-07-31,West,Online,Credit Card
O09725,C1778,2025-10-26,South,Store,Net Banking
O09726,C1493,2025-11-17,South,Online,UPI
O09727,C0351,2025-10-15,South,Online,Cash on Delivery
O09728,C1881,2025-11-27,South,Online,Credit Card
O09729,C1318,2025-08-27,South,Online,UPI
O09730,C0701,2025-11-11,East,Online,Credit Card
O09731,C1061,2025-06-21,North,Online,Debit Card
O09732,C0391,2025-11-16,South,Online,Credit Card
O09733,C0094,2025-11-30,West,Store,Credit Card
O09734,C0842,2025-09-24,West,Online,UPI
O09735,C1565,2025-06-26,North,Online,Debit Card
O09736,C0704,2025-05-01,East,Online,Credit Card
O09737,C0769,2025-05-18,South,Online,Cash on Delivery
O09738,C1981,2025-02-28,East,Online,Credit Card
O09739,C1975,2025-01-22,South,Store,UPI
O09740,C0928,2025-06-20,North,Store,Net Banking
O09741,C0089,2025-01-20,East,Online,UPI
O09742,C1359,2025-11-25,North,Online,UPI
O09743,C1430,2025-09-11,South,Store,Debit Card
O09744,C1828,2025-11-13,South,Store,UPI
O09745,C1897,2025-07-01,South,Store,Credit Card
O09746,C1259,2025-04-08,South,Store,Credit Card
O09747,C0215,2025-05-04,South,Online,Net Banking
O09748,C0499,2025-11-17,South,Store,Credit Card
O09749,C1434,2025-02-24,West,Online,Debit Card
O09750,C1215,2025-09-27,South,Online,Cash on Delivery
O09751,C0872,2025-04-08,West,Store,Debit Card
O09752,C0804,2025-05-28,North,Online,UPI
O09753,C1420,2025-01-02,South,Online,Debit Card
O09754,C0845,2025-07-14,North,Online,Net Banking
O09755,C0310,2025-02-27,North,Online,Credit Card
O09756,C1959,2025-11-18,West,Online,Debit Card
O09757,C0699,2025-02-13,West,Online,Credit Card
O09758,C0558,2025-04-18,North,Online,UPI
O09759,C0139,2025-01-07,West,Online,Debit Card
O09760,C0938,2025-12-29,West,Store,Credit Card
O09761,C1973,2025-09-08,North,Online,Credit Card
O09762,C0320,2025-09-09,North,Store,Credit Card
O09763,C0490,2025-07-28,West,Online,Credit Card
O09764,C0358,2025-11-21,West,Store,Debit Card
O09765,C0189,2025-03-05,North,Store,Cash on Delivery
O09766,C1207,2025-10-28,West,Store,Debit Card
O09767,C0597,2025-11-02,North,Online,Cash on Delivery
O09768,C1503,2025-01-17,South,Store,UPI
O09769,C0802,2025-03-01,South,Online,UPI
O09770,C1273,2025-08-07,West,Store,Net Banking
O09771,C0179,2025-02-10,North,Online,Debit Card
O09772,C0659,2025-05-01,South,Online,Net Banking
O09773,C0829,2025-06-16,East,Online,Debit Card
O09774,C0120,2025-03-11,North,Store,UPI
O09775,C0839,2025-09-29,North,Store,Debit Card
O09776,C0941,2025-07-20,North,Online,UPI
O09777,C0808,2025-09-08,South,Online,Credit Card
O09778,C1009,2025-07-12,South,Store,Debit Card
O09779,C1595,2025-06-20,South,Store,Debit Card
O09780,C1542,2025-07-19,West,Online,Credit Card
O09781,C0029,2025-12-01,South,Store,Debit Card
O09782,C1281,2025-06-13,North,Online,Cash on Delivery
O09783,C1809,2025-09-09,North,Online,UPI
O09784,C1743,2025-11-10,South,Online,UPI
O09785,C0647,2025-09-02,West,Store,UPI
O09786,C1566,2025-04-08,North,Online,Credit Card
O09787,C1602,2025-02-24,North,Store,UPI
O09788,C0732,2025-08-22,East,Online,Credit Card
O09789,C1739,2025-10-07,South,Online,UPI
O09790,C1265,2025-10-21,South,Online,UPI
O09791,C1503,2025-09-26,East,Store,Credit Card
O09792,C1495,2025-01-02,South,Online,Cash on Delivery
O09793,C1563,2025-10-22,North,Online,UPI
O09794,C1914,2025-08-27,South,Online,UPI
O09795,C1715,2025-12-28,West,Online,UPI
O09796,C0845,2025-10-19,West,Online,Cash on Delivery
O09797,C1125,2025-06-26,North,Online,Credit Card
O09798,C1297,2025-09-20,South,Online,Net Banking
O09799,C1714,2025-08-31,North,Online,UPI
O09800,C0786,2025-05-22,East,Online,UPI
O09801,C0626,2025-08-02,North,Online,Credit Card
O09802,C1476,2025-03-31,East,Online,Debit Card
O09803,C1909,2025-02-09,East,Online,Net Banking
O09804,C1824,2025-10-09,North,Online,UPI
O09805,C0296,2025-06-09,West,Online,Cash on Delivery
O09806,C1839,2025-10-16,North,Store,Credit Card
O09807,C1579,2025-07-17,East,Store,Credit Card
O09808,C0315,2025-11-03,North,Online,Net Banking
O09809,C0014,2025-10-11,South,Online,Credit Card
O09810,C0409,2025-10-19,South,Online,Debit Card
O09811,C1859,2025-06-26,North,Online,Credit Card
O09812,C1510,2025-12-20,East,Online,UPI
O09813,C1151,2025-06-17,South,Store,UPI
O09814,C1263,2025-10-28,East,Online,Cash on Delivery
O09815,C0827,2025-07-18,South,Store,Net Banking
O09816,C1811,2025-04-12,West,Online,Cash on Delivery
O09817,C0313,2025-09-04,East,Online,Debit Card
O09818,C0628,2025-07-10,East,Online,Debit Card
O09819,C0402,2025-04-24,West,Online,UPI
O09820,C1697,2025-06-08,East,Online,Debit Card
O09821,C1081,2025-03-12,North,Store,Credit Card
O09822,C1368,2025-12-28,East,Online,Credit Card
O09823,C1839,2025-09-09,East,Store,Debit Card
O09824,C0391,2025-03-18,West,Store,UPI
O09825,C1929,2025-10-19,South,Store,Credit Card
O09826,C0253,2025-08-26,South,Store,Debit Card
O09827,C1509,2025-10-05,South,Online,Net Banking
O09828,C1406,2025-08-20,South,Store,Credit Card
O09829,C1651,2025-01-28,South,Store,Credit Card
O09830,C0317,2025-03-30,South,Online,Credit Card
O09831,C1920,2025-10-21,West,Online,UPI
O09832,C1589,2025-10-16,South,Store,UPI
O09833,C0222,2025-10-16,South,Store,Net Banking
O09834,C1115,2025-01-08,South,Online,UPI
O09835,C1635,2025-11-01,South,Online,Credit Card
O09836,C0954,2025-06-29,North,Online,Credit Card
O09837,C0762,2025-09-26,East,Store,Cash on Delivery
O09838,C0552,2025-04-27,North,Online,Debit Card
O09839,C1032,2025-10-21,North,Store,Debit Card
O09840,C1968,2025-12-26,East,Online,Debit Card
O09841,C1216,2025-04-19,North,Store,UPI
O09842,C1445,2025-10-25,South,Store,Credit Card
O09843,C1560,2025-08-27,South,Online,UPI
O09844,C1557,2025-04-27,North,Online,Credit Card
O09845,C0801,2025-05-06,North,Store,UPI
O09846,C1538,2025-10-08,North,Online,Cash on Delivery
O09847,C0657,2025-05-02,South,Online,UPI
O09848,C1169,2025-01-22,East,Store,UPI
O09849,C0605,2025-11-23,West,Online,Credit Card
O09850,C1880,2025-08-22,East,Store,UPI
O09851,C1461,2025-10-17,West,Online,UPI
O09852,C1168,2025-08-26,South,Store,Cash on Delivery
O09853,C0904,2025-07-27,West,Store,UPI
O09854,C1041,2025-10-21,South,Store,Debit Card
O09855,C1560,2025-01-15,South,Store,Debit Card
O09856,C0548,2025-05-12,East,Store,UPI
O09857,C1657,2025-09-04,West,Online,UPI
O09858,C0564,2025-12-15,South,Online,Credit Card
O09859,C0284,2025-06-13,West,Store,Net Banking
O09860,C1474,2025-12-24,West,Store,Debit Card
O09861,C1417,2025-10-16,South,Store,UPI
O09862,C0670,2025-07-16,South,Online,UPI
O09863,C1298,2025-06-26,East,Store,Debit Card
O09864,C1458,2025-02-27,South,Store,Credit Card
O09865,C1576,2025-08-31,East,Online,Credit Card
O09866,C1906,2025-01-24,South,Online,Debit Card
O09867,C1709,2025-06-26,North,Store,Cash on Delivery
O09868,C0879,2025-04-13,North,Online,Cash on Delivery
O09869,C0461,2025-12-18,South,Online,Debit Card
O09870,C0195,2025-06-01,North,Online,Cash on Delivery
O09871,C1148,2025-07-18,West,Online,Credit Card
O09872,C1334,2025-06-06,West,Store,UPI
O09873,C1382,2025-03-03,East,Store,Credit Card
O09874,C0020,2025-05-28,East,Store,Debit Card
O09875,C1403,2025-10-24,South,Store,Net Banking
O09876,C1575,2025-09-02,North,Store,Cash on Delivery
O09877,C1444,2025-06-29,South,Online,Credit Card
O09878,C1052,2025-11-06,South,Online,Credit Card
O09879,C0031,2025-01-02,South,Online,UPI
O09880,C0980,2025-11-08,North,Online,Debit Card
O09881,C1290,2025-01-28,North,Online,Debit Card
O09882,C1139,2025-11-22,West,Store,Debit Card
O09883,C1150,2025-12-16,East,Online,UPI
O09884,C1033,2025-11-06,North,Online,Credit Card
O09885,C1105,2025-01-10,South,Online,UPI
O09886,C0648,2025-07-31,South,Store,Credit Card
O09887,C1210,2025-11-09,West,Online,UPI
O09888,C0564,2025-08-06,South,Store,Net Banking
O09889,C0983,2025-05-31,South,Online,Net Banking
O09890,C0831,2025-07-11,South,Online,Debit Card
O09891,C1429,2025-02-06,West,Online,UPI
O09892,C1790,2025-07-20,West,Online,Credit Card
O09893,C1267,2025-01-13,North,Online,UPI
O09894,C0271,2025-09-09,North,Online,UPI
O09895,C1336,2025-06-11,East,Store,Credit Card
O09896,C0650,2025-03-25,North,Online,UPI
O09897,C0099,2025-01-09,West,Online,Cash on Delivery
O09898,C0385,2025-12-08,West,Online,Cash on Delivery
O09899,C1999,2025-08-10,South,Store,Cash on Delivery
O09900,C0855,2025-09-10,East,Online,UPI
O09901,C0404,2025-10-24,West,Online,Credit Card
O09902,C0267,2025-09-03,South,Store,UPI
O09903,C1301,2025-06-20,North,Online,Debit Card
O09904,C1522,2025-09-04,West,Online,Credit Card
O09905,C0707,2025-04-19,East,Online,Credit Card
O09906,C0207,2025-08-12,South,Store,UPI
O09907,C0710,2025-03-31,South,Store,UPI
O09908,C1331,2025-12-06,East,Online,UPI
O09909,C0228,2025-07-25,West,Online,UPI
O09910,C0536,2025-04-12,South,Online,UPI
O09911,C0005,2025-09-08,West,Online,Net Banking
O09912,C0945,2025-02-10,North,Store,UPI
O09913,C0342,2025-06-28,South,Online,UPI
O09914,C0400,2025-11-20,South,Online,Cash on Delivery
O09915,C0227,2025-10-20,South,Online,Net Banking
O09916,C1461,2025-09-29,South,Store,Credit Card
O09917,C0980,2025-07-11,West,Online,Net Banking
O09918,C1897,2025-07-02,South,Online,UPI
O09919,C0791,2025-01-06,North,Online,Debit Card
O09920,C0444,2025-08-25,West,Online,Net Banking
O09921,C0409,2025-08-17,West,Online,Credit Card
O09922,C1907,2025-01-03,South,Store,UPI
O09923,C1180,2025-03-02,West,Store,Credit Card
O09924,C0651,2025-01-06,South,Store,Debit Card
O09925,C1309,2025-04-19,East,Online,Net Banking
O09926,C1116,2025-01-02,South,Online,Credit Card
O09927,C0230,2025-06-21,East,Store,UPI
O09928,C1404,2025-07-13,West,Online,Debit Card
O09929,C0239,2025-06-29,North,Store,UPI
O09930,C0399,2025-03-29,East,Online,UPI
O09931,C1427,2025-07-30,North,Online,UPI
O09932,C0890,2025-11-04,West,Online,Credit Card
O09933,C0445,2025-05-04,South,Store,Credit Card
O09934,C0136,2025-05-13,North,Store,Debit Card
O09935,C1188,2025-08-06,South,Online,UPI
O09936,C1395,2025-04-12,West,Online,Credit Card
O09937,C0407,2025-05-22,East,Store,Debit Card
O09938,C0834,2025-07-04,West,Store,Credit Card
O09939,C0689,2025-06-10,South,Online,Net Banking
O09940,C1784,2025-11-05,East,Store,Net Banking
O09941,C1582,2025-11-15,South,Store,UPI
O09942,C0548,2025-06-16,East,Online,Cash on Delivery
O09943,C1028,2025-07-03,North,Online,Net Banking
O09944,C1848,2025-12-18,South,Online,Credit Card
O09945,C0692,2025-07-23,South,Store,Net Banking
O09946,C0283,2025-12-29,East,Online,Credit Card
O09947,C0597,2025-10-19,South,Store,Net Banking
O09948,C1214,2025-04-24,East,Store,Debit Card
O09949,C1985,2025-04-10,West,Store,Cash on Delivery
O09950,C0616,2025-03-12,West,Online,UPI
O09951,C0118,2025-11-02,North,Online,Debit Card
O09952,C0364,2025-05-11,West,Store,UPI
O09953,C0826,2025-09-20,West,Online,Cash on Delivery
O09954,C0188,2025-08-05,North,Store,UPI
O09955,C0070,2025-11-08,West,Online,Credit Card
O09956,C1312,2025-10-15,South,Store,Net Banking
O09957,C1649,2025-01-30,North,Online,Credit Card
O09958,C0467,2025-05-23,West,Online,Debit Card
O09959,C1046,2025-07-29,North,Online,Credit Card
O09960,C1146,2025-11-01,West,Store,Credit Card
O09961,C1336,2025-10-03,West,Online,Net Banking
O09962,C1959,2025-08-08,South,Online,Net Banking
O09963,C1771,2025-11-02,East,Store,Credit Card
O09964,C0632,2025-06-28,West,Store,Debit Card
O09965,C1952,2025-01-26,East,Store,Credit Card
O09966,C0070,2025-11-22,North,Online,Cash on Delivery
O09967,C1924,2025-07-31,North,Online,Debit Card
O09968,C0286,2025-11-02,West,Online,Credit Card
O09969,C0228,2025-06-12,South,Store,Credit Card
O09970,C0239,2025-08-21,South,Store,UPI
O09971,C0245,2025-05-20,North,Store,Cash on Delivery
O09972,C0927,2025-06-19,South,Online,UPI
O09973,C1281,2025-03-07,South,Store,UPI
O09974,C1490,2025-10-12,West,Online,Credit Card
O09975,C0032,2025-04-30,South,Online,Debit Card
O09976,C0593,2025-05-09,South,Online,Debit Card
O09977,C0265,2025-05-29,West,Store,UPI
O09978,C0292,2025-06-27,South,Online,UPI
O09979,C1493,2025-08-17,South,Online,UPI
O09980,C1282,2025-09-22,South,Store,Debit Card
O09981,C0420,2025-09-20,West,Store,Cash on Delivery
O09982,C0603,2025-06-24,East,Online,Net Banking
O09983,C1850,2025-07-15,South,Online,Credit Card
O09984,C1151,2025-03-04,North,Store,Credit Card
O09985,C0478,2025-07-29,South,Online,Credit Card
O09986,C1868,2025-11-24,North,Online,Net Banking
O09987,C0398,2025-07-07,South,Store,Debit Card
O09988,C0583,2025-12-13,North,Online,UPI
O09989,C1386,2025-03-10,North,Online,UPI
O09990,C1025,2025-10-10,North,Online,Credit Card
O09991,C0139,2025-10-01,South,Store,Credit Card
O09992,C1614,2025-09-22,North,Online,Cash on Delivery
O09993,C0457,2025-09-16,South,Store,UPI
O09994,C1384,2025-01-11,West,Store,Net Banking
O09995,C0669,2025-10-12,North,Online,Net Banking
O09996,C1503,2025-07-21,North,Online,Credit Card
O09997,C1797,2025-07-30,North,Online,UPI
O09998,C1546,2025-01-24,North,Store,UPI
O09999,C1843,2025-03-24,North,Store,Debit Card
O10000,C1080,2025-12-04,South,Store,UPI
